-- phpMyAdmin SQL Dump
-- version 5.2.1
-- https://www.phpmyadmin.net/
--
-- Host: 127.0.0.1
-- Generation Time: Jul 29, 2025 at 04:47 PM
-- Server version: 10.4.32-MariaDB
-- PHP Version: 8.2.12

SET SQL_MODE = "NO_AUTO_VALUE_ON_ZERO";
START TRANSACTION;
SET time_zone = "+00:00";


/*!40101 SET @OLD_CHARACTER_SET_CLIENT=@@CHARACTER_SET_CLIENT */;
/*!40101 SET @OLD_CHARACTER_SET_RESULTS=@@CHARACTER_SET_RESULTS */;
/*!40101 SET @OLD_COLLATION_CONNECTION=@@COLLATION_CONNECTION */;
/*!40101 SET NAMES utf8mb4 */;

--
-- Database: `abc_newses`
--

-- --------------------------------------------------------

--
-- Table structure for table `cache`
--

CREATE TABLE `cache` (
  `key` varchar(255) NOT NULL,
  `value` mediumtext NOT NULL,
  `expiration` int(11) NOT NULL
) ENGINE=InnoDB DEFAULT CHARSET=utf8mb4 COLLATE=utf8mb4_unicode_ci;

-- --------------------------------------------------------

--
-- Table structure for table `cache_locks`
--

CREATE TABLE `cache_locks` (
  `key` varchar(255) NOT NULL,
  `owner` varchar(255) NOT NULL,
  `expiration` int(11) NOT NULL
) ENGINE=InnoDB DEFAULT CHARSET=utf8mb4 COLLATE=utf8mb4_unicode_ci;

-- --------------------------------------------------------

--
-- Table structure for table `categories`
--

CREATE TABLE `categories` (
  `id` bigint(20) UNSIGNED NOT NULL,
  `name` varchar(255) NOT NULL,
  `slug` varchar(255) DEFAULT NULL,
  `created_at` timestamp NULL DEFAULT NULL,
  `updated_at` timestamp NULL DEFAULT NULL
) ENGINE=InnoDB DEFAULT CHARSET=utf8mb4 COLLATE=utf8mb4_unicode_ci;

--
-- Dumping data for table `categories`
--

INSERT INTO `categories` (`id`, `name`, `slug`, `created_at`, `updated_at`) VALUES
(4, 'আন্তর্জাতিক', 'international', '2025-07-16 08:30:22', '2025-07-22 09:04:44'),
(7, 'জাতীয়', 'national', '2025-07-21 08:49:34', '2025-07-22 09:04:33'),
(8, 'রাজনীতি', 'politics', '2025-07-21 09:02:14', '2025-07-22 09:04:26'),
(9, 'সারা দেশ', 'country', '2025-07-21 09:06:52', '2025-07-22 09:04:19'),
(10, 'অর্থনীতি', 'economics', '2025-07-21 09:07:05', '2025-07-22 09:04:10'),
(11, 'স্বাস্থ্য', 'health', '2025-07-21 09:07:18', '2025-07-22 09:04:02'),
(12, 'বিনোদন', 'entertainment', '2025-07-21 09:07:29', '2025-07-22 09:03:51'),
(13, 'খেলাধুলা', 'sports', '2025-07-21 09:07:49', '2025-07-22 09:03:43'),
(14, 'তথ্য প্রযুক্তি', 'information-technology', '2025-07-21 09:08:19', '2025-07-22 09:03:36'),
(15, 'মিডিয়া', 'media', '2025-07-21 09:08:29', '2025-07-22 09:03:24'),
(16, 'শিক্ষা', 'education', '2025-07-21 09:08:38', '2025-07-28 10:33:54'),
(17, 'মতামত', 'openion', '2025-07-21 09:08:49', '2025-07-22 09:03:10');

-- --------------------------------------------------------

--
-- Table structure for table `category_news_post`
--

CREATE TABLE `category_news_post` (
  `news_post_id` bigint(20) UNSIGNED NOT NULL,
  `category_id` bigint(20) UNSIGNED NOT NULL
) ENGINE=InnoDB DEFAULT CHARSET=utf8mb4 COLLATE=utf8mb4_unicode_ci;

--
-- Dumping data for table `category_news_post`
--

INSERT INTO `category_news_post` (`news_post_id`, `category_id`) VALUES
(1, 4),
(11, 4),
(12, 4),
(13, 4),
(14, 8),
(15, 7),
(16, 7),
(17, 7),
(18, 7),
(19, 7),
(20, 7),
(21, 7),
(22, 7),
(23, 10),
(24, 4),
(25, 4),
(26, 4),
(27, 4),
(28, 4),
(29, 10),
(30, 10),
(31, 10),
(32, 10),
(33, 10),
(34, 17),
(35, 12),
(36, 12),
(37, 12),
(38, 12),
(39, 12),
(40, 12),
(41, 12),
(42, 12),
(43, 12),
(44, 12),
(45, 12),
(46, 12),
(47, 12),
(48, 12),
(49, 7),
(50, 13),
(51, 13),
(52, 13),
(53, 13),
(54, 13),
(55, 13),
(56, 13),
(57, 13),
(58, 13),
(59, 11),
(60, 11),
(61, 11),
(62, 11),
(63, 11),
(64, 11),
(65, 11),
(66, 11),
(67, 14),
(68, 14),
(69, 14),
(70, 14),
(71, 14),
(72, 14),
(73, 15),
(74, 15),
(75, 15),
(76, 15),
(77, 15),
(78, 15),
(79, 16),
(80, 16),
(81, 16),
(82, 16),
(83, 16),
(84, 17),
(85, 17),
(86, 17),
(87, 17),
(88, 17),
(89, 8),
(90, 8),
(91, 8),
(92, 8),
(93, 8),
(94, 8),
(95, 7),
(95, 8),
(96, 8),
(97, 8),
(98, 8),
(99, 8),
(100, 8),
(101, 9),
(102, 9),
(103, 9),
(104, 9),
(105, 9),
(106, 9);

-- --------------------------------------------------------

--
-- Table structure for table `districts`
--

CREATE TABLE `districts` (
  `id` bigint(20) UNSIGNED NOT NULL,
  `division_id` bigint(20) UNSIGNED NOT NULL,
  `name` varchar(255) NOT NULL,
  `slug` varchar(255) DEFAULT NULL,
  `created_at` timestamp NULL DEFAULT NULL,
  `updated_at` timestamp NULL DEFAULT NULL
) ENGINE=InnoDB DEFAULT CHARSET=utf8mb4 COLLATE=utf8mb4_unicode_ci;

--
-- Dumping data for table `districts`
--

INSERT INTO `districts` (`id`, `division_id`, `name`, `slug`, `created_at`, `updated_at`) VALUES
(1, 1, 'ঢাকা সিটি', 'dhaka-siti', '2025-07-15 08:18:36', '2025-07-22 11:09:41'),
(2, 2, 'কুমিল্লা', 'kumilla', '2025-07-15 08:18:43', '2025-07-22 11:09:41'),
(4, 2, 'ফেনী', 'fenee', '2025-07-21 09:14:17', '2025-07-22 11:09:41'),
(5, 2, 'ব্রাহ্মণবাড়িয়া', 'brahmnbariya', '2025-07-21 09:14:27', '2025-07-22 11:09:41'),
(6, 2, 'রাঙ্গামাটি', 'ranggamati', '2025-07-21 09:14:38', '2025-07-22 11:09:41'),
(7, 2, 'নোয়াখালী', 'noyakhalee', '2025-07-21 09:14:46', '2025-07-22 11:09:41'),
(8, 2, 'চাঁদপুর', 'chandpur', '2025-07-21 09:14:55', '2025-07-22 11:09:41'),
(9, 2, 'লক্ষ্মীপুর', 'lkshmeepur', '2025-07-21 09:15:05', '2025-07-22 11:09:41'),
(10, 2, 'চট্টগ্রাম সিটি', 'chttgram-siti', '2025-07-21 09:15:28', '2025-07-22 11:09:41'),
(11, 2, 'কক্সবাজার', 'kksbajar', '2025-07-21 09:15:35', '2025-07-22 11:09:41'),
(12, 2, 'খাগড়াছড়ি', 'khagড়achhড়i', '2025-07-21 09:15:44', '2025-07-22 11:09:41'),
(13, 2, 'বান্দরবান', 'bandrban', '2025-07-21 09:15:51', '2025-07-22 11:09:41'),
(14, 1, 'নরসিংদী', 'nrsingdee', '2025-07-21 09:17:08', '2025-07-22 11:09:41'),
(15, 1, 'গাজীপুর', 'gajeepur', '2025-07-21 09:21:01', '2025-07-22 11:09:41'),
(16, 1, 'শরীয়তপুর', 'shreeytpur', '2025-07-21 09:21:11', '2025-07-22 11:09:41'),
(17, 1, 'নারায়ণগঞ্জ', 'naraয়ngnj', '2025-07-21 09:21:19', '2025-07-22 11:09:41'),
(18, 1, 'টাঙ্গাইল', 'tanggail', '2025-07-21 09:21:26', '2025-07-22 11:09:41'),
(19, 1, 'কিশোরগঞ্জ', 'kishorgnj', '2025-07-21 09:21:34', '2025-07-22 11:09:41'),
(20, 1, 'মানিকগঞ্জ', 'manikgnj', '2025-07-21 09:21:40', '2025-07-22 11:09:41'),
(21, 1, 'মুন্সিগঞ্জ', 'munsignj', '2025-07-21 09:21:49', '2025-07-22 11:09:41'),
(22, 1, 'রাজবাড়ী', 'rajbaড়ee', '2025-07-21 09:21:57', '2025-07-22 11:09:41'),
(23, 1, 'মাদারীপুর', 'madareepur', '2025-07-21 09:22:03', '2025-07-22 11:09:41'),
(24, 1, 'গোপালগঞ্জ', 'gopalgnj', '2025-07-21 09:22:09', '2025-07-22 11:09:41'),
(25, 1, 'ফরিদপুর', 'fridpur', '2025-07-21 09:22:16', '2025-07-22 11:09:41'),
(26, 4, 'রাজশাহী সিটি', 'rajshahee-siti', '2025-07-21 09:22:30', '2025-07-22 11:09:41'),
(27, 4, 'সিরাজগঞ্জ', 'sirajgnj', '2025-07-21 09:23:00', '2025-07-22 11:09:41'),
(28, 4, 'পাবনা', 'pabna', '2025-07-21 09:23:08', '2025-07-22 11:09:41'),
(29, 4, 'বগুড়া', 'bguড়a', '2025-07-21 09:23:18', '2025-07-22 11:09:41'),
(30, 4, 'নাটোর', 'nator', '2025-07-21 09:23:25', '2025-07-22 11:09:41'),
(31, 4, 'জয়পুরহাট', 'jয়purhat', '2025-07-21 09:23:36', '2025-07-22 11:09:41'),
(32, 4, 'চাঁপাইনবাবগঞ্জ', 'chanpainbabgnj', '2025-07-21 09:23:43', '2025-07-22 11:09:41'),
(33, 4, 'নওগাঁ', 'nogan', '2025-07-21 09:23:51', '2025-07-22 11:09:41'),
(34, 5, 'খুলনা সিটি', 'khulna-siti', '2025-07-21 09:28:05', '2025-07-22 11:09:41'),
(35, 5, 'যশোর', 'zshor', '2025-07-21 09:28:15', '2025-07-22 11:09:41'),
(36, 5, 'সাতক্ষীরা', 'satksheera', '2025-07-21 09:29:25', '2025-07-22 11:09:41'),
(37, 5, 'মেহেরপুর', 'meherpur', '2025-07-21 09:29:37', '2025-07-22 11:09:41'),
(38, 5, 'নড়াইল', 'nrail', '2025-07-21 09:29:48', '2025-07-22 11:09:41'),
(39, 5, 'চুয়াডাঙ্গা', 'chuয়adangga', '2025-07-21 09:29:55', '2025-07-22 11:09:42'),
(40, 5, 'কুষ্টিয়া', 'kushtiয়a', '2025-07-21 09:30:06', '2025-07-22 11:09:42'),
(41, 5, 'মাগুরা', 'magura', '2025-07-21 09:30:14', '2025-07-22 11:09:42'),
(42, 5, 'বাগেরহাট', 'bagerhat', '2025-07-21 09:30:21', '2025-07-22 11:09:42'),
(43, 5, 'ঝিনাইদহ', 'jhinaidh', '2025-07-21 09:30:28', '2025-07-22 11:09:42'),
(44, 6, 'বরিশাল সিটি', 'brishal-siti', '2025-07-21 09:30:50', '2025-07-22 11:09:42'),
(45, 6, 'ঝালকাঠি', 'jhalkathi', '2025-07-21 09:30:56', '2025-07-22 11:09:42'),
(46, 5, 'পটুয়াখালী', 'ptuয়akhalee', '2025-07-21 09:31:05', '2025-07-22 11:09:42'),
(47, 6, 'পিরোজপুর', 'pirojpur', '2025-07-21 09:31:14', '2025-07-22 11:09:42'),
(48, 6, 'ভোলা', 'bhola', '2025-07-21 09:31:22', '2025-07-22 11:09:42'),
(49, 6, 'বরগুনা', 'brguna', '2025-07-21 09:31:29', '2025-07-22 11:09:42'),
(50, 7, 'সিলেট সিটি', 'silet-siti', '2025-07-21 09:31:45', '2025-07-22 11:09:42'),
(51, 7, 'মৌলভীবাজার', 'moulbheebajar', '2025-07-21 09:31:58', '2025-07-22 11:09:42'),
(52, 7, 'হবিগঞ্জ', 'hbignj', '2025-07-21 09:32:06', '2025-07-22 11:09:42'),
(53, 7, 'সুনামগঞ্জ', 'sunamgnj', '2025-07-21 09:32:15', '2025-07-22 11:09:42'),
(54, 8, 'রংপুর সিটি', 'rngpur-siti', '2025-07-21 09:32:30', '2025-07-22 11:09:42'),
(55, 8, 'পঞ্চগড়', 'pnchgr', '2025-07-21 09:32:37', '2025-07-22 11:09:42'),
(56, 8, 'দিনাজপুর', 'dinajpur', '2025-07-21 09:32:44', '2025-07-22 11:09:42'),
(57, 8, 'লালমনিরহাট', 'lalmnirhat', '2025-07-21 09:32:51', '2025-07-22 11:09:42'),
(58, 8, 'নীলফামারী', 'neelfamaree', '2025-07-21 09:32:58', '2025-07-22 11:09:42'),
(59, 8, 'গাইবান্ধা', 'gaibandha', '2025-07-21 09:33:04', '2025-07-22 11:09:42'),
(60, 8, 'ঠাকুরগাঁও', 'thakurgano', '2025-07-21 09:33:11', '2025-07-22 11:09:42'),
(61, 8, 'কুড়িগ্রাম', 'kuড়igram', '2025-07-21 09:33:20', '2025-07-22 11:09:42'),
(62, 9, 'ময়মনসিংহ সিটি', 'mয়mnsingh-siti', '2025-07-21 09:33:35', '2025-07-22 11:09:42'),
(63, 9, 'জামালপুর', 'jamalpur', '2025-07-21 09:33:43', '2025-07-22 11:09:42'),
(64, 9, 'নেত্রকোণা', 'netrkona', '2025-07-21 09:33:50', '2025-07-22 11:09:42'),
(65, 9, 'শেরপুর', 'sherpur', '2025-07-21 09:34:01', '2025-07-22 11:09:42'),
(66, 1, 'ঢাকা	সাভার', 'dhaka	sabhar', '2025-07-21 10:31:48', '2025-07-22 11:09:42');

-- --------------------------------------------------------

--
-- Table structure for table `divisions`
--

CREATE TABLE `divisions` (
  `id` bigint(20) UNSIGNED NOT NULL,
  `name` varchar(255) NOT NULL,
  `slug` varchar(255) DEFAULT NULL,
  `created_at` timestamp NULL DEFAULT NULL,
  `updated_at` timestamp NULL DEFAULT NULL
) ENGINE=InnoDB DEFAULT CHARSET=utf8mb4 COLLATE=utf8mb4_unicode_ci;

--
-- Dumping data for table `divisions`
--

INSERT INTO `divisions` (`id`, `name`, `slug`, `created_at`, `updated_at`) VALUES
(1, 'ঢাকা', 'dhaka', '2025-07-15 08:18:05', '2025-07-22 09:44:02'),
(2, 'চট্টগ্রাম', 'chottogram', '2025-07-15 08:18:11', '2025-07-22 09:43:55'),
(4, 'রাজশাহী', 'rajshahi', '2025-07-21 09:11:57', '2025-07-22 09:44:39'),
(5, 'খুলনা', 'khulna', '2025-07-21 09:12:03', '2025-07-22 09:44:30'),
(6, 'বরিশাল', 'borishal', '2025-07-21 09:12:09', '2025-07-22 09:43:24'),
(7, 'সিলেট', 'sylhet', '2025-07-21 09:12:15', '2025-07-22 09:44:24'),
(8, 'রংপুর', 'rangpur', '2025-07-21 09:12:24', '2025-07-22 09:44:19'),
(9, 'ময়মনসিংহ', 'moymonsingho', '2025-07-21 09:12:30', '2025-07-28 14:24:16');

-- --------------------------------------------------------

--
-- Table structure for table `failed_jobs`
--

CREATE TABLE `failed_jobs` (
  `id` bigint(20) UNSIGNED NOT NULL,
  `uuid` varchar(255) NOT NULL,
  `connection` text NOT NULL,
  `queue` text NOT NULL,
  `payload` longtext NOT NULL,
  `exception` longtext NOT NULL,
  `failed_at` timestamp NOT NULL DEFAULT current_timestamp()
) ENGINE=InnoDB DEFAULT CHARSET=utf8mb4 COLLATE=utf8mb4_unicode_ci;

-- --------------------------------------------------------

--
-- Table structure for table `jobs`
--

CREATE TABLE `jobs` (
  `id` bigint(20) UNSIGNED NOT NULL,
  `queue` varchar(255) NOT NULL,
  `payload` longtext NOT NULL,
  `attempts` tinyint(3) UNSIGNED NOT NULL,
  `reserved_at` int(10) UNSIGNED DEFAULT NULL,
  `available_at` int(10) UNSIGNED NOT NULL,
  `created_at` int(10) UNSIGNED NOT NULL
) ENGINE=InnoDB DEFAULT CHARSET=utf8mb4 COLLATE=utf8mb4_unicode_ci;

-- --------------------------------------------------------

--
-- Table structure for table `job_batches`
--

CREATE TABLE `job_batches` (
  `id` varchar(255) NOT NULL,
  `name` varchar(255) NOT NULL,
  `total_jobs` int(11) NOT NULL,
  `pending_jobs` int(11) NOT NULL,
  `failed_jobs` int(11) NOT NULL,
  `failed_job_ids` longtext NOT NULL,
  `options` mediumtext DEFAULT NULL,
  `cancelled_at` int(11) DEFAULT NULL,
  `created_at` int(11) NOT NULL,
  `finished_at` int(11) DEFAULT NULL
) ENGINE=InnoDB DEFAULT CHARSET=utf8mb4 COLLATE=utf8mb4_unicode_ci;

-- --------------------------------------------------------

--
-- Table structure for table `menus`
--

CREATE TABLE `menus` (
  `id` bigint(20) UNSIGNED NOT NULL,
  `title` varchar(255) NOT NULL,
  `type` varchar(255) NOT NULL,
  `slug` varchar(255) DEFAULT NULL,
  `type_id` bigint(20) UNSIGNED DEFAULT NULL,
  `order` int(11) NOT NULL DEFAULT 0,
  `parent_id` bigint(20) UNSIGNED DEFAULT NULL,
  `created_at` timestamp NULL DEFAULT NULL,
  `updated_at` timestamp NULL DEFAULT NULL
) ENGINE=InnoDB DEFAULT CHARSET=utf8mb4 COLLATE=utf8mb4_unicode_ci;

--
-- Dumping data for table `menus`
--

INSERT INTO `menus` (`id`, `title`, `type`, `slug`, `type_id`, `order`, `parent_id`, `created_at`, `updated_at`) VALUES
(54, 'জাতীয়', 'category', 'national', 7, 1, NULL, '2025-07-27 06:15:08', '2025-07-27 06:15:08'),
(55, 'দুর্নীতি', 'subcategory', ' corruption', 14, 1, 54, '2025-07-27 06:35:14', '2025-07-27 06:35:14'),
(57, 'অপরাধ', 'subcategory', ' crime', 13, 2, 54, '2025-07-27 06:36:05', '2025-07-27 06:36:05'),
(58, 'সারা দেশ', 'category', 'country', 9, 2, NULL, '2025-07-27 06:49:45', '2025-07-27 06:51:00'),
(59, 'আন্তর্জাতিক', 'category', 'international', 4, 3, NULL, '2025-07-27 06:50:16', '2025-07-27 06:51:09'),
(60, 'জাতিসংঘ', 'subcategory', 'united-nations', 5, 1, 59, '2025-07-27 06:50:40', '2025-07-27 06:50:40'),
(61, 'বিশ্ব রাজনীতি', 'subcategory', 'world-politics', 8, 2, 59, '2025-07-27 06:50:46', '2025-07-27 06:50:46'),
(62, 'রাজনীতি', 'category', 'politics', 8, 4, NULL, '2025-07-27 06:51:34', '2025-07-27 06:51:34'),
(63, 'বিএনপি', 'subcategory', 'bnp', 9, 1, 62, '2025-07-27 06:51:43', '2025-07-27 06:51:43'),
(64, 'আওয়ামী লীগ', 'subcategory', 'awami-league', 11, 2, 62, '2025-07-27 06:51:49', '2025-07-27 06:51:49'),
(65, 'জামায়াত', 'subcategory', 'jamat', 10, 3, 62, '2025-07-27 06:51:55', '2025-07-27 06:51:55'),
(66, 'এনসিপি', 'subcategory', 'ncp', 16, 4, 62, '2025-07-27 06:53:12', '2025-07-27 06:53:12'),
(67, 'অন্যান্য দল', 'subcategory', 'other-parties', 12, 5, 62, '2025-07-27 06:53:23', '2025-07-27 06:53:23'),
(68, 'অর্থনীতি', 'category', 'economics', 10, 6, NULL, '2025-07-27 06:53:53', '2025-07-27 06:53:53'),
(69, 'স্বাস্থ্য', 'category', 'health', 11, 7, NULL, '2025-07-27 06:54:08', '2025-07-27 06:54:08'),
(70, 'বিনোদন', 'category', 'entertainment', 12, 9, NULL, '2025-07-27 06:54:51', '2025-07-28 10:31:04'),
(71, 'খেলাধুলা', 'category', 'sports', 13, 10, NULL, '2025-07-27 06:54:51', '2025-07-28 10:31:11'),
(72, 'তথ্য প্রযুক্তি', 'category', 'information-technology', 14, 11, NULL, '2025-07-27 06:54:51', '2025-07-28 10:31:17'),
(73, 'মিডিয়া', 'category', 'media', 15, 12, NULL, '2025-07-27 06:54:51', '2025-07-28 10:31:23'),
(75, 'মতামত', 'category', 'openion', 17, 14, NULL, '2025-07-27 06:54:51', '2025-07-28 10:31:36'),
(76, 'আইন-বিচার', 'subcategory', 'law-justice', 17, 3, 54, '2025-07-28 06:04:50', '2025-07-28 06:04:50'),
(78, 'শিক্ষা', 'category', 'education', 16, 8, NULL, '2025-07-28 10:35:25', '2025-07-28 10:35:33');

-- --------------------------------------------------------

--
-- Table structure for table `migrations`
--

CREATE TABLE `migrations` (
  `id` int(10) UNSIGNED NOT NULL,
  `migration` varchar(255) NOT NULL,
  `batch` int(11) NOT NULL
) ENGINE=InnoDB DEFAULT CHARSET=utf8mb4 COLLATE=utf8mb4_unicode_ci;

--
-- Dumping data for table `migrations`
--

INSERT INTO `migrations` (`id`, `migration`, `batch`) VALUES
(15, '0001_01_01_000000_create_users_table', 1),
(16, '0001_01_01_000001_create_cache_table', 1),
(17, '0001_01_01_000002_create_jobs_table', 1),
(18, '2025_07_13_070240_create_permission_tables', 1),
(19, '2025_07_14_065329_add_is_active_to_users_table', 1),
(20, '2025_07_14_095255_create_user_profiles_table', 1),
(21, '2025_07_14_140714_create_categories_table', 1),
(22, '2025_07_15_060932_create_sub_categories_table', 1),
(23, '2025_07_15_070052_create_divisions_table', 1),
(24, '2025_07_15_072027_create_districts_table', 1),
(25, '2025_07_15_092231_create_upazilas_table', 1),
(26, '2025_07_15_095237_create_tags_table', 1),
(27, '2025_07_15_113356_create_news_posts_table', 1),
(28, '2025_07_15_115938_create_category_news_post_table', 1),
(29, '2025_07_15_120005_create_subcategory_news_post_table', 1),
(30, '2025_07_15_120030_create_news_post_tag_table', 1),
(31, '2025_07_15_142718_add_lead_columns_to_news_posts_table', 2),
(33, '2025_07_21_171935_create_menus_table', 3),
(35, '2025_07_22_143157_add_slug_to_categories_table', 4),
(36, '2025_07_22_151304_add_slug_to_sub_categories_table', 5),
(37, '2025_07_22_153326_add_slug_to_divisions_table', 6),
(39, '2025_07_22_155028_add_slug_to_districts_table', 7),
(40, '2025_07_22_161131_add_slug_to_upazilas_table', 7),
(41, '2025_07_22_162302_add_slug_to_tags_table', 8),
(42, '2025_07_26_204149_add_view_count_to_news_posts_table', 9),
(43, '2025_07_27_114118_add_slug_to_menus_table', 10),
(44, '2025_07_29_155300_create_site_settings_table', 11),
(45, '2025_07_29_181342_create_site_infos_table', 12),
(46, '2025_07_29_191010_add_copyright_info_to_site_infos_table', 13),
(47, '2025_07_29_200642_create_site_connections_table', 14),
(48, '2025_07_29_203617_create_social_connections_table', 15);

-- --------------------------------------------------------

--
-- Table structure for table `model_has_permissions`
--

CREATE TABLE `model_has_permissions` (
  `permission_id` bigint(20) UNSIGNED NOT NULL,
  `model_type` varchar(255) NOT NULL,
  `model_id` bigint(20) UNSIGNED NOT NULL
) ENGINE=InnoDB DEFAULT CHARSET=utf8mb4 COLLATE=utf8mb4_unicode_ci;

-- --------------------------------------------------------

--
-- Table structure for table `model_has_roles`
--

CREATE TABLE `model_has_roles` (
  `role_id` bigint(20) UNSIGNED NOT NULL,
  `model_type` varchar(255) NOT NULL,
  `model_id` bigint(20) UNSIGNED NOT NULL
) ENGINE=InnoDB DEFAULT CHARSET=utf8mb4 COLLATE=utf8mb4_unicode_ci;

--
-- Dumping data for table `model_has_roles`
--

INSERT INTO `model_has_roles` (`role_id`, `model_type`, `model_id`) VALUES
(1, 'App\\Models\\User', 1),
(4, 'App\\Models\\User', 2);

-- --------------------------------------------------------

--
-- Table structure for table `news_posts`
--

CREATE TABLE `news_posts` (
  `id` bigint(20) UNSIGNED NOT NULL,
  `news_title` varchar(255) NOT NULL,
  `slug` varchar(255) NOT NULL,
  `news_description` text NOT NULL,
  `division_id` bigint(20) UNSIGNED DEFAULT NULL,
  `district_id` bigint(20) UNSIGNED DEFAULT NULL,
  `upazila_id` bigint(20) UNSIGNED DEFAULT NULL,
  `user_id` bigint(20) UNSIGNED NOT NULL,
  `news_thumbnail` varchar(255) DEFAULT NULL,
  `meta_title` varchar(255) DEFAULT NULL,
  `meta_description` text DEFAULT NULL,
  `is_premium` tinyint(1) NOT NULL DEFAULT 0,
  `is_lead` tinyint(1) NOT NULL DEFAULT 0,
  `is_sub_lead` tinyint(1) NOT NULL DEFAULT 0,
  `status` enum('draft','published','scheduled') NOT NULL DEFAULT 'draft',
  `view_count` bigint(20) UNSIGNED NOT NULL DEFAULT 0,
  `scheduled_at` timestamp NULL DEFAULT NULL,
  `deleted_at` timestamp NULL DEFAULT NULL,
  `created_at` timestamp NULL DEFAULT NULL,
  `updated_at` timestamp NULL DEFAULT NULL
) ENGINE=InnoDB DEFAULT CHARSET=utf8mb4 COLLATE=utf8mb4_unicode_ci;

--
-- Dumping data for table `news_posts`
--

INSERT INTO `news_posts` (`id`, `news_title`, `slug`, `news_description`, `division_id`, `district_id`, `upazila_id`, `user_id`, `news_thumbnail`, `meta_title`, `meta_description`, `is_premium`, `is_lead`, `is_sub_lead`, `status`, `view_count`, `scheduled_at`, `deleted_at`, `created_at`, `updated_at`) VALUES
(1, 'news title', 'news-title', 'this is description', 2, 2, 1, 1, 'news/ZY9FQeZr7TDMpk4VjcOmJZKRIuZZOWxHC3gFoA3p.png', NULL, NULL, 0, 0, 0, 'draft', 0, NULL, NULL, '2025-07-16 02:43:02', '2025-07-17 02:57:47'),
(11, '৪১ বছর পর মুক্তি পেলেন ফিলিস্তিনপন্থি জর্জেস আবদাল্লা', '41-bchr-pr-mukti-pelen-filistinpnthi-jrjes-abdalla', 'ফ্রান্সের করাগার থেকে মুক্তি পেয়েছেন ফিলিস্তিনপন্থি লেবানিজ শিক্ষক জর্জেস আবদাল্লা। ৭৪ বছর বয়সি আবদাল্লা দীর্ঘ ৪১ বছর কারাভোগ করেছেন। খবর বিবিসি\'র।\n\nআবদাল্লা শুক্রবার ভোরে দক্ষিণ ফ্রান্সের একটি কারাগার থেকে মুক্তি পেয়ে সরাসরি বেইরুত যাওয়ার জন্য বিমানে ওঠার কথা ছিল।\n\nতার আইনজীবী জানান, \'তিনি ইসরাইল-ফিলিস্তিন সংঘাতের সবচেয়ে দীর্ঘ সময় জেলে থাকা ব্যক্তিদের মধ্যে একজন। ‘\n\n১৯৮৭ সালে ফ্রান্সে একজন আমেরিকান ও একজন ইসরাইলি কূটনীতিক হত্যা মামলায় আবদাল্লাকে দোষী সাব্যস্ত করা হয়েছিল।\n\nতবে বামপন্থি মার্কসবাদী-লেনিনবাদী আন্দোলনের কর্মীদের মাঝে তার মুক্তি এখনও তাৎপর্যপূর্ণ। এই আন্দোলনের সঙ্গে তিনি আজও যুক্ত রয়েছেন।\n\nতার সাদা দাড়ি ও দৃঢ় দৃষ্টিভঙ্গি এখনো বামপন্থী বিক্ষোভের ব্যানারে দেখা যায়। প্রতিবছর একবার প্রতিবাদকারীরা তার মুক্তির দাবিতে পাইরেনিজ পাহাড়ের কারাগারের সামনে জমায়েত হতেন। ফ্রান্সের তিনটি বামপন্থী নেতৃত্বাধীন পৌরসভা তাকে \'সম্মানজনক নাগরিক\' হিসেবে ঘোষণা করেছিল।\n\nযদিও ১৯৯৯ সাল থেকে তিনি জামিনের জন্য আবেদন করতে পারতেন, কিন্তু তার সব আবেদন প্রত্যাখ্যান করা হয়। সমর্থকরা মনে করেন, এর পেছনে যুক্তরাষ্ট্র ও ইসরাইলের ফ্রান্সের ওপর চাপ কাজ করেছে।\n\nফ্রান্সের সংবাদ সংস্থা এএফপিকে দেওয়া এক সাক্ষাৎকারে, লানেমাজান কারাগারের সেলে বসে আবদাল্লা বলেন, \'আমি ফিলিস্তিনের সংগ্রামের প্রতি মনোযোগ দিয়ে মানসিকভাবে সুস্থ থাকতে পেরেছি। যদি সেটা না থাকতো, তাহলে ৪০ বছরের কারাভোগ মস্তিষ্ক নষ্ট করে দিতে পারত।\'\n\nজর্জেস আবদাল্লা কে?\n\nজর্জেস আবদাল্লা ১৯৫১ সালে উত্তর লেবাননের এক খ্রিষ্টান পরিবারে জন্মগ্রহণ করেন। ১৯৭০-এর দশকের শেষভাগে তিনি লেবানিজ আর্মড রেভোলিউশনারি ফ্যাকশনস (এলএআরএফ) গঠনে সাহায্য করেন—একটি ছোট মার্কসবাদী দল, যারা ইসরাইল ও তার ঘনিষ্ঠ মিত্র যুক্তরাষ্ট্রের বিরুদ্ধে লড়াই করত।\n\nসেই সময় লেবাননে গৃহযুদ্ধ চলছিল। ১৯৭৮ ও ১৯৮২ সালে ইসরাইল দক্ষিণ লেবাননে আগ্রাসন চালায়, যেখানে ফিলিস্তিনি যোদ্ধারা অবস্থান করছিলেন।\n\nআবদাল্লার দল ইউরোপে ইসরাইল ও মার্কিন লক্ষ্যবস্তুতে আক্রমণ চালানোর সিদ্ধান্ত নেয় এবং ফ্রান্সে পাঁচটি হামলা চালায়। ১৯৮২ সালে দলটির সদস্যরা স্ট্রাসবুর্গে মার্কিন কূটনীতিক চার্লস রে এবং প্যারিসে ইসরাইলি কূটনীতিক ইয়াকভ বারসিমানতোভকে গুলি করে হত্যা করে। এছাড়া এলএআরএফের দায়ে একটি গাড়ি বোমা বিস্ফোরণে দুই ফরাসি বোমা নিষ্ক্রিয়করণ বিশেষজ্ঞ নিহত হন।\n\nআবদাল্লাকে ১৯৮৪ সালে লিয়নে গ্রেফতার করা হয়। ফরাসি গোয়েন্দারা তাকে অনুসরণ করছিলেন, আর তিনি ভেবেছিলেন হত্যাকারীরা তাকে অনুসরণ করছে। তাই তিনি নিজে থানায় গিয়ে আত্মসমর্পণ করে। প্রথমে তার বিরুদ্ধে শুধু ভুয়া পাসপোর্ট ব্যবহার এবং অপরাধে জড়িত থাকার অভিযোগ আনা হয়।', 2, 2, 1, 1, 'news/JHWMtuvI6Xfc0BeyMvIvx1TU6BLJXhvB3aJeqsdM.jpg', 'seo meta title', 'seo meta description', 0, 1, 1, 'published', 8, NULL, NULL, '2025-07-17 02:42:17', '2025-07-28 12:17:06'),
(12, 'তুরস্কে মুসলিম ব্রাদারহুডের সদস্য আটক, মিশরের সঙ্গে সম্পর্ক ঘনিষ্ঠ করার ইঙ্গিত', 'turske-muslim-bradarhuder-sdsz-atk-misrer-sngoe-smprk-ghnishth-krar-ingoit', 'তুরস্কে মুসলিম ব্রাদারহুডের সদস্য থাকার অভিযোগে একজন মিশরীয় নাগরিককে দেশ থেকে বিতাড়িত করা হয়েছে বলে মধ্যপ্রাচ্যভিত্তিক সংবাদমাধ্যম মিডল ইস্ট আই জানিয়েছে।\n\nমোহাম্মদ আবদেলহাফিজ, যিনি দীর্ঘদিন ধরে তুরস্কে বৈধভাবে বসবাস করছিলেন, সোমবার ইস্তাম্বুল বিমানবন্দরে আফ্রিকা থেকে ব্যবসায়িক সফর শেষে ফেরার সময় আটক হন।\n\nমিশরে মুসলিম ব্রাদারহুডকে একটি সন্ত্রাসী সংগঠন হিসেবে ঘোষিত করা হয়েছে এবং ২০১৩ সালের সামরিক অভ্যুত্থানের পর থেকে সেখানে এই সংগঠনের ব্যাপক দমন-পীড়ন চালানো হচ্ছে।\n\nসেই সময় থেকে হাজার হাজার মুসলিম ব্রাদারহুড সদস্য ও সমর্থক মিশর থেকে পালিয়ে তুরস্কে আশ্রয় নিয়েছিলেন।\n\nতুর্কি সূত্রগুলো মিডল ইস্ট আই-কে জানায়, আবদেলহাফিজের বিরুদ্ধে প্রবেশ নিষেধাজ্ঞা আরোপ করা হয়েছে, যার ফলে তাকে স্বয়ংক্রিয়ভাবে তৃতীয় কোনো দেশে বিতাড়িত করা হয়েছে।\n\nসাধারণত তুরস্ক এমন কাউকে বিতাড়িত করে না যাকে অন্য দেশে পাঠালে তার বিরুদ্ধে নির্যাতন বা মৃত্যুদণ্ডের সম্ভাবনা থাকে।\n\nতবে এই পদক্ষেপ তুর্কি সরকারের পক্ষ থেকে আবদেলহাফিজের বিরুদ্ধে অসাধারণ সিদ্ধান্ত হিসেবে দেখানো হচ্ছে।\n\n‘হাসম’ আন্দোলন\n\nমিশরীয় কর্তৃপক্ষ আবদেলহাফিজকে ‘হাসম’ আন্দোলনের সদস্য হিসেবে অভিযুক্ত করেছে, যা মিশরের দৃষ্টিতে মুসলিম ব্রাদারহুডের একটি সশস্ত্র শাখা।\n\nআবদেলহাফিজের আটক ও বিতাড়ন মিশরের সোমবারের ঘোষণার সঙ্গে সঙ্গতিপূর্ণ, যেখানে তারা বলেছে হাসমের পরিকল্পিত একটি হামলা প্রতিহত করেছে।\n\nগত বছর, দীর্ঘদিন ধরে মুসলিম ব্রাদারহুডকে সমর্থন করার পর তুরস্ক মিশরের সঙ্গে সম্পর্ক পুনঃস্থাপিত করে।\n\nবর্তমান মিশরীয় প্রেসিডেন্ট আব্দেল ফাত্তাহ এল-সিসি ২০১৩ সালের সামরিক অভ্যুত্থান পরিচালনা করেন, যার ফলে দেশের প্রথম গণতান্ত্রিকভাবে নির্বাচিত প্রেসিডেন্ট মোহাম্মদ মুরসি ক্ষমতা হারান।\n\nতারপর থেকে তুরস্কে আশ্রয় নেওয়া অনেক মিশরীয় সমালোচক এবং বিদ্রোহী গোষ্ঠী কঠোর চাপে পড়েছে, যার মধ্যে রয়েছে মেকামিলীনসহ টিভি চ্যানেলগুলোকে ২০২২ সালে তাদের কার্যক্রম ইউরোপে স্থানান্তর করতে বাধ্য করা।\n\nআবদেলহাফিজের আইনজীবী গুলদেন সোনমেজ মিডল ইস্ট আই-কে বলেন, তুরস্কের সিদ্ধান্তে তার ক্লায়েন্টকে তৃতীয় কোনো দেশে পাঠানো একটি ভুল পদক্ষেপ।\n\nতিনি বলেন, ‘তৃতীয় কোনো দেশ থেকে তাকে মিশরে ফেরত পাঠানো সম্ভব, কারণ মিশর বহু আঞ্চলিক দেশের সঙ্গে ফেরতের চুক্তি করেছে।’\n\nএই কারণে আবদেলহাফিজের বর্তমান অবস্থান গোপন রাখা হয়েছে যাতে তাকে আরও বিতাড়িত বা মানবাধিকার লঙ্ঘনের শিকার হতে না হয়।\n\nতুরস্কে থাকা মিশরীয় নির্বাসিতদের মধ্যে উদ্বেগ বাড়ছে, যারা বলছেন, সম্প্রতি তুরস্কে মিশরীয় নাগরিকদের উপর দমন-পীড়ন বৃদ্ধি পেয়েছে যা তুরস্কের অভিবাসী বিরোধী নীতির অংশ।\n\nসোনমেজ বলেন, ‘সম্প্রতি মিশরীয় নাগরিকদের আটক এবং বিতাড়নের জন্য স্থায়ী কেন্দ্র স্থাপনের একটি পরিকল্পিত নীতি লক্ষ্য করা যাচ্ছে।’\n\nসোমবার আল আরবিয়া জানায়, কায়রো ও আনকারার মধ্যে নিরাপত্তা সম্পর্ক অব্যাহত রয়েছে এবং তারা মিশরীয় সন্ত্রাসী কার্যক্রমে যুক্ত মুসলিম ব্রাদারহুড সদস্যদের হস্তান্তর নিয়ে আলোচনা করছে।\n\nটিভি চ্যানেলটি বলেছে, মিশর তুরস্ককে একটি নিরাপত্তা ফাইল দিয়েছে যেখানে মুসলিম ব্রাদারহুডের সদস্যদের নাম রয়েছে, যারা ‘সন্ত্রাসী অপারেশন’ পরিকল্পনা করছে।\n\nনেকমেটিন এরবাকান বিশ্ববিদ্যালয়ের আঞ্চলিক বিষয়ক বিশেষজ্ঞ গোকহান চিনকারা বলেন, মিশর মুসলিম ব্রাদারহুডের বিষয়টি আবারও সামনে নিয়ে এসেছে, যা তারা সাম্প্রতিক সময়ে আপসের সময় আপাতত ফেলে রেখেছিল।\n\nতিনি মিডল ইস্ট আই-কে বলেন, ‘লিবিয়া, সিরিয়া ও উপসাগরীয় অঞ্চলে নিরাপত্তা সমন্বয় খুবই গুরুত্বপূর্ণ।’\n\nহাফতার আপস\n\nএই সহযোগিতার একটি বড় অংশ লিবিয়ার সঙ্গে সম্পর্কিত। পূর্ব লিবিয়ার অনানুষ্ঠানিক শাসক খলিফা হাফতার, যিনি কায়রোর ঘনিষ্ঠ মিত্র, সম্প্রতি আনকারার সঙ্গে সম্পর্ক উন্নয়নের চেষ্টা করছেন।\n\nএই পুনর্মিলনের অংশ হিসেবে, হাফতার লিবিয়ার তোবরুক ভিত্তিক হাউস অফ রিপ্রেজেন্টেটিভসের মাধ্যমে তুরস্কের সঙ্গে সমুদ্রসীমা সংক্রান্ত চুক্তি অনুমোদনের উদ্যোগ নিয়েছেন।\n\nচুক্তি চূড়ান্ত হলে, এটি পূর্ব ভূমধ্যসাগরে বিশেষ করে গ্রিসের বিরুদ্ধে তুরস্কের দাবিকে শক্তিশালী করবে।\n\nমিডল ইস্ট আই জানিয়েছে, কায়রো এই চুক্তি অনুমোদনের পরিকল্পনার বিরুদ্ধে।\n\nচিনকারা আরও বলেন, ‘আবদেলহাফিজ এবং অন্য ছয় জনের ব্যাপারে কী প্রভাব পড়বে তা বলা কঠিন, তবে তুরস্ক স্পষ্টতই কূটনৈতিক গতিশীলতা বজায় রাখতে চায়। একই সঙ্গে ক্ষমতাসীন আকা পার্টি তাদের ঐতিহ্যবাহী ভোটারদের বিরক্ত করতে চান না।’\n\nএকজন মিশরীয় নিরাপত্তা কর্মকর্তা ‘দি ন্যাশনাল’-কে জানিয়েছেন, তুরস্ক এখনো উচ্চপদস্থ কয়েকজন মুসলিম ব্রাদারহুড সদস্যকে মিশরের কাছে হস্তান্তর করেনি, যদিও তাদের বিরুদ্ধে মিশরে সহিংস কর্মকাণ্ডে যুক্ত থাকার অভিযোগ রয়েছে।\n\nঅন্যদিকে আনকারা তাদের কার্যক্রম নিয়ন্ত্রণেই সীমাবদ্ধ রেখেছে, তাদের মিশরে হস্তান্তরের পরিবর্তে।\n\nমিশরের স্বরাষ্ট্র মন্ত্রণালয়ের এক বিবৃতিতে উল্লেখিত ইয়াহিয়া মুসা এবং আল্লা আল-সামাহী এখনও তুরস্কে অবস্থান করছে বলে মনে করা হয়।', 2, 2, NULL, 1, 'news/wWSOWiWd6X8ofd9byFYIUIbRfjCvYIoxEXLEVvme.jpg', NULL, NULL, 0, 0, 1, 'published', 3, NULL, NULL, '2025-07-17 05:11:31', '2025-07-29 08:52:57'),
(13, 'এবার ফিলিস্তিনকে স্বীকৃতি দেওয়ার কথা ভাবছে রাশিয়া', 'ebar-filistinke-sweekrriti-dewar-ktha-vabche-rasiya', 'ফিলিস্তিনকে স্বীকৃতি দেওয়ার বিষয়টি নিয়ে ভাবছে রাশিয়া। এমনটাই জানিয়েছেন রুশ প্রেসিডেন্টের কার্যালয় ক্রেমলিনের মুখপাত্র দিমিত্রি পেসকভ। শুক্রবার তিনি জানিয়েছেন, ফিলিস্তিন রাষ্ট্র প্রতিষ্ঠার মাধ্যমে ইসরাইলসহ মধ্যপ্রাচ্য সংকটের সমাধান সম্ভব। রুশ সংবাদমাধ্যম আরটির প্রতিবেদন থেকে এ তথ্য জানা গেছে।\n\nদিমিত্রি পেসকভ বলেছেন, ফিলিস্তিন রাষ্ট্র গঠনের মাধ্যমেই ইসরাইলের পাশাপাশি মধ্যপ্রাচ্য সংকটের সমাধান সম্ভব। এর আগে, ফরাসি প্রেসিডেন্ট ইমানুয়েল ম্যাক্রোঁ জানিয়েছেন, আগামী সেপ্টেম্বরে জাতিসংঘের সাধারণ পরিষদে ফ্রান্স আনুষ্ঠানিকভাবে ফিলিস্তিনকে স্বীকৃতি দেবে।\n\nপেসকভ সাংবাদিকদের বলেন, রাশিয়া সব সময়ই ফিলিস্তিন সমস্যার সমাধানের ভিত্তি হিসেবে দ্বি-রাষ্ট্রীয় সমাধানের পক্ষে ছিল।\n\nমস্কো ১৯৮৮ সালেই ফিলিস্তিনের স্বাধীনতার ঘোষণাকে সমর্থন করে স্বীকৃতি দিয়েছিল। পেসকভের মতে, শান্তি কেবল জাতিসংঘের নিরাপত্তা পরিষদের প্রস্তাবনা মেনে চলার মাধ্যমেই অর্জন করা সম্ভব।\n\nজাতিসংঘের নিরাপত্তা পরিষদের একাধিক প্রস্তাবনায় পশ্চিম তীর ও পূর্ব জেরুজালেমে ইসরাইলি দখলদারত্বকে অবৈধ ঘোষণা করেছে এবং গাজায় যুদ্ধবিরতি ও ইসরাইলি সেনা প্রত্যাহারের আহ্বান জানিয়েছে।\n\nএদিকে, ফিলিস্তিনকে রাষ্ট্রের স্বীকৃতি দিতে ব্রিটেনের ক্ষমতাসীন লেবার পার্টির ওপর চাপ বাড়ছে। এরই মধ্যে এই দাবিতে দেশটির ৯টি রাজনৈতিক দলের ২২০ জন এমপি প্রধানমন্ত্রী কিয়ার স্টারমারের কাছে একটি চিঠি লিখেছেন।\n\nব্রিটিশ পার্লামেন্টের মোট এমপির এক-তৃতীয়াংশেরও বেশি এ দাবিতে সমর্থন জানিয়েছেন। এসব এমপিদের আবার বেশির ভাগই লেবার পার্টির সদস্য। তারা যুক্তি দিয়ে বলেছেন, ফিলিস্তিনকে যুক্তরাজ্যের স্বীকৃতি ‘শক্তিশালী’ বার্তা দেবে এবং দ্বি-রাষ্ট্রীয় সমাধানের দিকে একটি গুরুত্বপূর্ণ পদক্ষেপ হবে।\n\nফ্রান্স কয়েক মাসের মধ্যে ফিলিস্তিনি রাষ্ট্রকে স্বীকৃতি দিতে প্রতিশ্রুতি দেওয়ার পর এই চিঠিটি ব্রিটিশ প্রধানমন্ত্রীর ওপর বাড়তি চাপ সৃষ্টি করেছে। ফরাসি প্রেসিডেন্ট ইমানুয়েল ম্যাক্রোঁ এবং জার্মানির চ্যান্সেলর ফ্রেডরিখ ম্যার্ৎসের সঙ্গে জরুরি ফোনকলের পর কিয়ার স্টারমার এক বিবৃতিতে বলেছিলেন, ফিলিস্তিনি রাষ্ট্রকে স্বীকৃতি দেওয়া এক ‘বিস্তৃত পরিকল্পনার’ অংশ হতে হবে, যা শেষ পর্যন্ত দ্বি-রাষ্ট্রীয় সমাধানে রূপ নেবে।', 2, 2, 1, 1, 'news/j9Wbb77DZCN2aFgtXdbm9RJRjRvi0HdBY8uixUyM.jpg', NULL, NULL, 0, 0, 1, 'published', 1, NULL, NULL, '2025-07-17 05:18:46', '2025-07-28 11:50:57'),
(14, 'জোট করলেও অন্যের প্রতীকে ভোট করতে পারবেন না সঙ্গীরা', 'jot-krleoo-onzer-prteeke-vot-krte-parben-na-sngoeera', 'আগামীতে নিবন্ধিত রাজনৈতিক দলগুলো এককভাবে কিংবা জোটবদ্ধ হয়ে ভোটে লড়তে চাইলে সংশ্লিষ্ট দলগুলোর প্রার্থীদের জনপ্রিয়তা প্রমাণের জন্য নিজ দলীয় প্রতীক নিয়ে নির্বাচনে অংশগ্রহণ করতে হবে।\n\nএই বিধান যুক্ত করে গণপ্রতিনিধিত্ব আদেশ- ১৯৭২ (আরপিও) সংশোধনের প্রস্তাব চূড়ান্ত করেছে নির্বাচন কমিশন (ইসি)। অন্যের জনপ্রিয় প্রতীক নিয়ে জনসমর্থনহীন দলের সংসদে যাওয়ার পথ বন্ধ করতে ইসি এ সিদ্ধান্ত নিয়েছে। আরপিও সংশোধনের খসড়া প্রস্তাবনার নথি পর্যালোচনা করে এ তথ্য পাওয়া যায়।\n\nজানা যায়, নিবন্ধন প্রথা চালু হওয়ার পর গত ৪ নির্বাচনে জনসমর্থন না থাকলেও নামসর্বস্ব অনেক দল বড় দলের সঙ্গে জোট বেঁধে ভোট করেছে। এ সময় জনপ্রিয় প্রতীকে ভোট করার কারণে ছোট দলগুলোর প্রার্থীরা সহজেই জয় পেয়ে এমপি হয়েছেন। যেমন— ২০১৪ সালের ৫ জানুয়ারি বিএনএফ নামে নামসর্বস্ব একটি দলের প্রধান ‘নৌকা প্রতীক’ নিয়ে এমপি নির্বাচিত হন। পরে এ দলের কোনো অস্তিত্ব খুঁজে পাওয়া যায়নি। অথচ সংসদে গিয়ে তার পরিচয় দাঁড়ায় বিএনএফের দলীয় এমপি তিনি। তাই আরপিওর ২০(১) অনুচ্ছেদ যোগ করে সেখানে বলা হয়েছে, জোটবদ্ধভাবে নির্বাচনে অংশগ্রহণ করলেও কোনো রাজনৈতিক দল নিজস্ব প্রতীকে নির্বাচন না করলে ওই দলের জনভিত্তি এবং জনপ্রিয়তা যাচাই করার সুযোগ থাকে না। নিজস্ব প্রতীকে নির্বাচন করলে একদিকে যেমন ওই দলের জনপ্রিয়তা সম্পর্কে জানা যায়। অন্যদিকে, সংশ্লিষ্ট রাজনৈতিক দলের সাংগঠনিক এবং প্রাতিষ্ঠানিক সামর্থ্য এবং সক্ষমতা বৃদ্ধি পায়।\n\nখসড়ায় দেখা গেছে, আরপিওর ৪৮টি অনুচ্ছেদে কম-বেশি সংযোজন-বিয়োজন ও নতুন ধারা যোগ করা হচ্ছে। যার মধ্যে সংযোজন হচ্ছে ১৫টি নতুন অনুচ্ছেদ, পুরোনো ৫টি অনুচ্ছেদে বিদ্যমান বিধানের সঙ্গে যুগোপযোগী নতুন বিধান সন্নিবেশ করা এবং বাকি ২৮টি অনুচ্ছেদে সংযোজন-বিয়োজন আনা হয়েছে। এগুলোর মধ্যে ভোটকেন্দ্র ও ভোটকক্ষের নাজুক পরিস্থিতিতে সিদ্ধান্ত গ্রহণে প্রিসাইডিং অফিসার (ভোট গ্রহণ)-এর ক্ষমতা পুনর্বহাল করা হচ্ছে। বিগত কমিশন আরপিওর ২৫(১) ধারাটি ২০২৩ সালে সংশোধন করে প্রতিকূল পরিস্থিতিতে ভোট গ্রহণ বন্ধে প্রিসাইডিং অফিসারের ক্ষমতা শর্তাধিন সীমিত করেছিল। বিপরীতে বেড়েছিল ভোটকেন্দ্র বন্ধে পুলিশ কিংবা আইনশৃঙ্খলা রক্ষাকারী বাহিনীর হস্তক্ষেপ।\n\nখসড়ায় আরো দেখা যায়, ভালো নির্বাচন আয়োজনে প্রয়োজনীয় আর্থিক বরাদ্দ কিংবা চাহিদামতো সরঞ্জামাদি কিংবা নিরাপত্তা বাহিনীর সাপোর্ট, এক্ষেত্রে সরকার ও ইসির মধ্যে ওই সহায়তার বিষয়ে মতবিরোধ দেখা দিলেও কমিশনের চাহিদাকে প্রাধান্য দিতে হবে। একইভাবে নির্বাচনের কাজে জড়িত কোনো কর্মকর্তা ও কর্মচারী কিংবা সরকারের কোনো বিভাগ কর্তব্যে অবহেলা কিংবা অনিয়মে জড়ালে তাহলে তার বিরুদ্ধে প্রয়োজনীয় শাস্তিমূলক ব্যবস্থা নিতে পারবে ইসি।\n\nআইনশৃঙ্খলা রক্ষাকারী বাহিনীর সংজ্ঞায় পুলিশ-র‌্যাব-বিজিবি-আনসার-আর্মস পুলিশ ব্যাটালিয়ন-ব্যাটালিয়ন আনসার-এর পাশাপাশি নতুনভাবে কোস্টগার্ড, বিএনসিসি এবং সেনা, নৌ ও বিমান বাহিনী যুক্ত হচ্ছে। সংসদ সদস্য পদে নির্বাচন করতে চাইলে প্রার্থীকে অবশ্যই ন্যূনতম স্নাতক পাস হতে হবে। এ বিষয়ে ইসির ব্যাখ্যায় বলা হয়েছে, স্নাতক পাসের নিচে বর্তমানে প্রাথমিক বিদ্যালয়ের ম্যানেজিং কমিটির সভাপতি হতে পারে না। একজন সংসদ সদস্য দেশের আইন প্রণয়নে গুরুত্বপূর্ণ ভূমিকা রাখে। ফলে তার শিক্ষাগত যোগ্যতা স্নাতক পাসের নিচে বাঞ্ছনীয় নয়।\n\nআরপিও সংশোধনের প্রস্তাবনায় বলা হয়েছে, দুটির বেশি আসনে প্রার্থী হওয়া ‍যাবে না। ব্যালটে প্রতীকের পাশাপাশি ‘না’ ভোট অন্তর্ভুক্তের সুপারিশ করা হয়েছে। প্রার্থীর অবাধ স্বাধীনতার অংশ হিসেবে সরাসরি অথবা অনলাইনে মনোনয়নপত্র জমার বিধান রাখার প্রস্তাব করা হয়েছে।\n\nএদিকে, আরপিওর ১৫(৩) ও (৪) নতুন অনুচ্ছেদ যোগ করার প্রস্তাব করা হচ্ছে। সেখানে নির্বাচনে অংশগ্রহণকারী প্রার্থীর মনোনয়নপত্র চূড়ান্তকরণে ইসির সিদ্ধান্তই অগ্রাধিকার দেওয়া হচ্ছে। আরপিওর ২৭(১)-এ বলা হয়, পোস্টাল ব্যালটের পাশাপাশি প্রক্সি ভোটিং অথবা অনলাইন ভোটিং অথবা ভোটার এলাকার বাইরে স্থাপিত ভোটকেন্দ্রে সরাসরি ভোটিং পদ্ধতির মাধ্যমে বিধি দ্বারা নির্ধারিত পদ্ধতিতে ভোট দেওয়া যাবে। আরপিওর ৪৪ (ঘ) নতুন অনুচ্ছেদ যোগ করা হয়েছে। সেখানে নির্বাচনি ব্যয়ের রিটার্ন দাখিলের পর তা অডিট করবে ইসি। এক্ষেত্রে কোনো অনিয়ম পেলে কমিশন তদন্ত করে সংশ্লিষ্ট প্রার্থীর নির্বাচন বাতিল করতে পারবে। পাশাপাশি ওই আসনের নিকটতম প্রতিদ্বন্দ্বীকে বিজয়ী ঘোষণা অথবা নতুন নির্বাচন করা যাবে।\n\nনির্বাচনে অনিয়মের কারণে পুরো আসনের ভোট বাতিলের ক্ষমতা বাদ দিয়েছিল বিদায়ী কাজী হাবিবুল আউয়ালের কমিশন; সেটি ফিরিয়ে আনা হচ্ছে। আরপিওর ৯১(ক) ধারায় নির্বাচনে বল প্রয়োগ, ভীতি প্রদর্শন এবং চাপ সৃষ্টিসহ বিরাজমান অপকর্মের কারণে নির্বাচন করা না গেলে ভোট গ্রহণসহ নির্বাচনী কার্যক্রম বন্ধ হবে। আর আরপিওর ৯১(চ)(১) ধারা নতুনভাবে যুক্ত করার প্রস্তাব করা হয়েছে। সেখানে বলা হয়েছে, যে কোনো উৎস থেকে কমিশন যদি জানতে পারে নির্বাচিত প্রার্থী হলফনামার তথ্যে বা আয়-ব্যয়ের রিটার্নে গরমিল বা মিথ্যা তথ্য দিয়েছেন, তাহলে নির্বাচিতকে শুনানির সুযোগ দেবে ইসি। একই সঙ্গে তদন্ত করে অভিযোগের সত্যতা পেলে ওই আসনের নির্বাচনের ফল বাতিল করে সেখানে নতুন নির্বাচন করা যাবে।', 1, 1, NULL, 1, 'news/7WVgRKS4ayBmAEL3o4VgHFb4UMtLlsNWqjnRHFU6.jpg', NULL, NULL, 0, 1, 0, 'published', 0, NULL, NULL, '2025-07-17 06:17:06', '2025-07-17 12:37:40'),
(15, 'দায়িত্বে অবহেলা, ৪ পুলিশ সদস্য প্রত্যাহার', 'dayitwe-obhela-4-pulis-sdsz-prtzahar', 'দায়িত্বে অবহেলার অভিযোগে রাজধানীর মোহাম্মদপুর থানার চার পুলিশ সদস্যকে প্রত্যাহার (ক্লোজড) করা হয়েছে। বিষয়টি নিশ্চিত করেছেন ডিএমপির তেজগাঁও বিভাগের উপ-পুলিশ কমিশনার মো. ইবনে মিজান।\n\nতিনি জানান, ছিনতাই হওয়া মোবাইলটি উদ্ধার করা হয়েছে। এ ঘটনায় সন্দেহভাজন ৩ জনকে গ্রেপ্তার করেছে পুলিশ। তারা হলেন- ইউসুফ, সিয়াম এবং জহুরুল।\n\nক্লোজড হওয়া পুলিশ সদস্যরা হলেন—এসআই জসিম উদ্দিন, এএসআই আনারুল এবং পুলিশ সদস্য মাজেদুর রহমান ও মো. নুরুন্নবী।\n\nএর আগে ছিনতাইয়ের ঘটনা এবং পুলিশের গাফিলতির অভিযোগ তুলে সামাজিক যোগাযোগ মাধ্যম ফেসবুকে একটি পোস্ট দেন মোবাইল মালিক আহমাদ ওয়াদুদ। ফেসবুক পোস্টে তিনি লেখেন, আজ (বৃহস্পতিবার) রাত ১১টার দিকে মোহাম্মদপুরে আমার সঙ্গে একটি ছিনতাইয়ের ঘটনা ঘটে। ছিনতাইকারীরা আমার একটি মোবাইল ফোন এবং কিছু টাকা-পয়সাসহ মানিব্যাগ নিয়ে যায়। আমাকে চাপাতি দিয়ে কিছু আঘাত করে।\n\nসৌভাগ্যবশত আঘাত গুরুতর নয়। আমার সঙ্গে আমার স্ত্রী ছিলেন। একটু দূরে থাকায় তিনি নিরাপদ ছিলেন।ঘটনাস্থল থেকে মোহাম্মদপুর থানার অবস্থান ৩ মিনিট হাঁটার দূরত্বে। আমি এবং আমার স্ত্রী ঘটনার ৫ মিনিটের মধ্যে থানায় যাই।\n\nমোহাম্মদপুর থানার ওসি আলী ইফতেখার হাসান জানান, সন্দেহজনকভাবে তিন ছিনতাইকারীকে গ্রেপ্তার করা হয়েছে। মোবাইল ফোনটিও উদ্ধার করা হয়েছে। যাচাই-বাছাই করে ব্যবস্থা গ্রহণ করা হবে।', NULL, NULL, NULL, 1, 'news/9TSeID3WSc4WeGz33vsaLcxdOXjXXFM5h3IGgUtx.jpg', NULL, NULL, 0, 0, 0, 'published', 0, NULL, NULL, '2025-07-26 08:29:12', '2025-07-26 08:29:12'),
(16, 'স্ত্রীর সুস্থতা কামনায় দোয়া চেয়েছেন কর্নেল অলি', 'streer-susthta-kamnay-doza-cezechen-krnel-oli', 'লিবালের ডেমোক্রোটিক পার্টির প্রেসিডেন্ট ড. কর্নেল অলি আহমদ তার স্ত্রী সাবেক এমপি মমতাজ অলির সুস্থতার জন্য দেশবাসীর কাছে দোয়া চেয়েছেন। অলি আহমদের গণমাধ্যম বিষয়ক উপদেষ্টা সালাহ উদ্দীন রাজ্জাক শনিবার এক বিজ্ঞপ্তিতে এ তথ্য জানান।\n\nবিজ্ঞপ্তিতে বলা হয়, ড. কর্নেল অলি আহমদ বীর বিক্রম স্বপরিবারে গত ১৯ জুলাই চট্টগ্রাম এবং রাঙামাটি সফরে যান। গত ২০ জুলাই আনুমানিক বিকাল সাড়ে চারটার দিকে মমতাজ অলি একটি স্পিডবোটে উঠার পর হঠাৎ পা স্লিপ করে পড়ে গিয়ে গুরুতর আহন হন।\n\nএরপর তাকে চট্টগ্রাম সম্মিলিত সামরিক হাসপাতালে প্রাথমিক চিকিৎসার পর চিকিৎসকদের পরামর্শে ওই রাতেই থাইল্যান্ডের বামরুনগ্রাদ হাসপাতালে ভর্তি করা হয়। ২৩ জুলাই দুপুর দুইটা থেকে সন্ধ্যা ৭টা পর্যন্ত দীর্ঘ ৫ ঘণ্টা অস্ত্রোপচার করা হয়। বর্তমানে তিনি হাসপাতালে চিকিৎসাধীন রয়েছেন।', NULL, NULL, NULL, 1, 'news/yIsFHtFWuV1ksxEh1Youxb7Vo7tfasdRZRdAM9Zz.jpg', NULL, NULL, 0, 0, 1, 'published', 1, NULL, NULL, '2025-07-26 08:30:52', '2025-07-28 10:36:39'),
(17, 'আত্মপ্রকাশ করলো ‘ইউনিভার্সিটি টিচার্স লিংক’', 'atmprkas-krlo-iunivarsiti-ticars-lingk', 'দেশের সরকারি ও বেসরকারি বিশ্ববিদ্যালয়ের শিক্ষকদের নিয়ে ‘ইউনিভার্সিটি টিচার্স লিংক ইউটিএল’ নামে একটি সংগঠন আত্মপ্রকাশ করেছে।\n\nশনিবার বেলা ১১টার দিকে ঢাকা বিশ্ববিদ্যালয়ের টিএসসি অডিটোরিয়ামে অনুষ্ঠানে এ সংগঠনের ঘোষণাপত্র পাঠের মাধ্যমে আত্মপ্রকাশ ঘটে।\n\n‘জ্ঞান, বিশ্বাস, আত্মমর্যাদা ও স্বাধীনতা’- এই চার মূলনীতিকে ধারণ করে গঠিত হয়েছে ইউনিভার্সিটি টিচার্স লিংক (ইউটিএল)। সংগঠনটি জানিয়েছে, একাডেমিক স্বাধীনতা, গবেষণায় উৎকর্ষতা, নিরাপদ ও শিক্ষাবান্ধব ক্যাম্পাস এবং জাতীয় উন্নয়নে শিক্ষকদের গঠনমূলক ভূমিকা নিশ্চিত করাই হবে ইউটিএলের মূল লক্ষ্য।\n\nঅনুষ্ঠানে লিখিত বক্তব্যে ২০২৪ সালের জুলাই মাসের ছাত্র-জনতার অভ্যুত্থানের ‘স্পিরিট’ বা চেতনা ধারণ করার অঙ্গীকার ব্যক্ত করা হয়। ঢাকা বিশ্ববিদ্যালয়, জাহাঙ্গীরনগর, চট্টগ্রাম, রাজশাহী, জগন্নাথসহ দেশের বিভিন্ন পাবলিক ও প্রাইভেট বিশ্ববিদ্যালয়ের উপাচার্য, প্রো-ভিসি, কোষাধ্যক্ষ, ডিন, অধ্যাপক, অবসরপ্রাপ্ত শিক্ষক ও শহীদ পরিবারের সদস্যরা এ অনুষ্ঠানে অংশ নেন।', NULL, NULL, NULL, 1, 'news/PWV782w6OevKeTw3CRGPFrz5p32gmNaqbl56slDJ.jpg', NULL, NULL, 0, 0, 0, 'published', 0, NULL, NULL, '2025-07-26 08:31:54', '2025-07-26 08:31:54'),
(18, 'বিমান বাহিনী পরিচালিত সব স্কুলে বিশেষ দোয়া', 'biman-bahinee-pricalit-sb-skule-bisesh-doya', 'বিমান বাহিনী পরিচালিত সব স্কুলে মাইলস্টোনের মর্মান্তিক দুর্ঘটনায় হতাহতের জন্য বিশেষ দোয়া ও মোনাজাত অনুষ্ঠিত হয়েছে। বাংলাদেশ বিমান বাহিনী পরিচালিত শাহীন কলেজ (৭টি), বিএএফ শাহীন হাজী আশ্রাফ আলী স্কুল এবং ব্লু স্কাই স্কুলে গত মাইলস্টোন ট্রাজেডিতে হতাহতের জন্য বিশেষ দোয়া ও মোনাজাতের আয়োজন করা হয়। এ হৃদয়বিদারক দুর্ঘটনায় যে সকল কোমলমতি ছাত্রছাত্রী, শিক্ষক-কর্মচারী ও অভিভাবক প্রাণ হারিয়েছে, তাঁদের রুহের মাগফেরাত কামনা করা হয়।\n\nএছাড়া এখনও যারা ঢাকার বিভিন্ন হাসপাতালে দগ্ধ/আহত অবস্থায় মৃত্যুর সাথে যুদ্ধ করে যাচ্ছে, তাদের দ্রুত আরোগ্য কামনা করা হয়। এই আয়োজনে শ্রদ্ধার সঙ্গে স্মরণ করা হয় সেই দুই মহান শিক্ষিকাকে, যাঁরা আগুনের মুখে দাঁড়িয়ে সন্তান সমতুল্য শিক্ষার্থীদের বাঁচাতে নিজের জীবন উৎসর্গ করেন। শ্রদ্ধার সঙ্গে আরও স্মরণ করা হয় সেই সকল সাহসী শিক্ষার্থীকেও, যারা নিজেদের জীবন ঝুঁকিতে ফেলে বন্ধুদের উদ্ধারে এগিয়ে এসেছে। উল্লেখ্য যে, উক্ত বিশেষ দোয়া ও মোনাজাতে বিমান বাহিনী পরিচালিত সকল স্কুল কলেজের অধ্যক্ষগণসহ শিক্ষক, কর্মচারী ও শিক্ষার্থীরা উপস্থিত ছিলেন।\n\nঅপরদিকে, মাইলষ্টোন ট্রাজেডিতে দগ্ধ/আহত এবং চিকিৎসাধীন সকল ছাত্র-ছাত্রী, শিক্ষক, কর্মচারী ও অভিভাবকদের চিকিৎসার তদারকি ও যাবতীয় সার্বিক সহায়তা প্রদানের উদ্দেশ্যে জাতীয় বার্ন ও প্লাস্টিক সার্জারী ইনস্টিটিউটে বাংলাদেশ বিমান বাহিনী ইতিমধ্যেই একটি ২৪ ঘন্টা জরুরী সেবা সহায়তা প্রদান কেন্দ্র স্থাপন করেছে (রুম নং: ৮১১, যোগাযোগ নম্বরঃ ০১৭৬৯-৯৯৩৫৫৮)।\n\nইতিমধ্যেই বিমান বাহিনীর দুজন সদস্য আহত শিক্ষার্থী ও অন্যান্য ব্যক্তিদের চিকিৎসা সহায়তায় রক্তদান করেছে। একইভাবে সম্মিলিত সামরিক হাসপাতালেও (সিএমএইচ, ঢাকা) চিকিৎসাধীন রোগীদের চিকিৎসা তদারকি ও সার্বিক সহায়তা প্রদান করা হচ্ছে (জরুরি নম্বর সিএমএইচঃ ০১৮১৫-৯১২৬১৭) ।\n\nবাংলাদেশ বিমান বাহিনী বিশ্বাস করে সকলে একত্রে ধৈর্য ধারণ করে নিয়োজিত দায়িত্ব সুষ্ঠভাবে পালন করলে এই সংকটময় অবস্থা থেকে উত্তরণ সম্ভবপর হবে। বাংলাদেশ বিমান বাহিনী সবসময়ই দেশের জনগণের পাশে আছে এবং ভবিষ্যতেও সর্বোচ্চ আন্তরিকতা ও দায়িত্ববোধ অব্যাহত রাখবে।', NULL, NULL, NULL, 1, 'news/J1RcaicwN9J5tgrRkRYRPwSXTu8gMZTlCq1Qx6qH.jpg', NULL, NULL, 0, 0, 1, 'published', 0, NULL, NULL, '2025-07-26 08:33:06', '2025-07-26 08:36:10'),
(19, 'মাইলস্টোনে বিমান বিধ্বস্ত, দগ্ধ আরো এক শিক্ষার্থীর মৃত্যু', 'mailstone-biman-bidhwst-dgdh-aro-ek-sikshartheer-mrritzu', 'রাজধানীর উত্তরায় মাইলস্টোন স্কুল অ্যান্ড কলেজে প্রশিক্ষণ বিমান বিধ্বস্তের ঘটনায় দগ্ধ মাকিন সরকার নামে আরো এক শিক্ষার্থীর মৃত্যু হয়েছে।\n\nশুক্রবার (২৫ জুলাই) দুপুর ১টার দিকে জাতীয় বার্ন ইনস্টিটিউটে চিকিৎসারত অবস্থায় তার মৃত্যু হয়।\n\nমৃত্যুর বিষয়টি নিশ্চিত করেন, বার্ন ইনস্টিটিউটের আবাসিক চিকিৎসক ডা. শাওন বিন রহমান।\n\nতিনি বলেন তার শরীরে ৭০শতাংশ পুড়ে গিয়েছিল।', NULL, NULL, NULL, 1, 'news/eT8cxf5t4sdFvlEYsaXfmJBCLVuLU2aPlqAV2jXh.jpg', NULL, NULL, 0, 0, 0, 'published', 0, NULL, NULL, '2025-07-26 08:33:59', '2025-07-26 08:33:59'),
(20, 'জুলাইযোদ্ধাদের ঐক্যে ফাটল ধরায় ফ্যাসিবাদ মাথাচাড়া দিচ্ছে', 'julaizoddhader-oikze-fatl-dhray-fzasibad-mathacara-dicche', 'জুলাইযোদ্ধাদের ঐক্যে ফাটল ধরায় ফ্যাসিবাদ আবার মাথা উঁচু করছে বলে মন্তব্য করেছেন আমার দেশ সম্পাদক মাহমুদুর রহমান। তিনি বলেন, বাংলাদেশে শেখ হাসিনার ফ্যাসিজম ভারত নিয়ন্ত্রিত ও সমর্থিত ছিল। তারা আবার এ দেশে আরেকটা ফ্যাসিস্ট সরকার নিয়ে আসার চেষ্টা করবে। যে সরকার প্রতিবেশী দেশের স্বার্থরক্ষা করবে। তাদের ব্যাপারে আমাদের খুব সতর্ক থাকতে হবে।\n\nবৃহস্পতিবার বিকালে রাজধানীর বাড্ডার সাতারকুলে ঢাকা ইন্টারন্যাশনাল ইউনিভার্সিটি ক্যাম্পাসে ‘জুলাই স্মৃতিচারণ’ অনুষ্ঠানে প্রধান অতিথির বক্তব্যে তিনি এসব কথা বলেন।\n\n‘প্রতিবাদ, প্রত্যয় ও পুনর্জাগরণের গল্প শুনি একসঙ্গে’ স্লোগানে দিনব্যাপী কর্মসূচির মধ্যে ছিল প্রতিবাদী সংগীত, আলোচনা সভা, স্মৃতিচারণ ও সাংস্কৃতিক পরিবেশনা।\n\nমাহমুদুর রহমান বলেন, ফ্যাসিবাদী শক্তির মাথাচাড়া এবং দেশের স্বাধীনতাকে দিল্লির কাছে বিসর্জন না দেওয়ার বিষয়ে রাজনৈতিক দলগুলো একমত থাকলে আর কোনোদিন তাদের প্রত্যাবর্তন হবে না। যাদের সহযোগিতায় দেশে ফ্যাসিবাদ প্রতিষ্ঠা হয়েছিল, তাদের অন্যতম সাবেক প্রধান বিচারপতি এবিএম খায়রুল হক। তাকে গ্রেপ্তার করা হয়েছে। তার অপকর্মের ইতিহাস বলতে গেলে ঘণ্টাখানেক লাগবে। তবে একে একে নিশ্চয় সব অপকর্মের তথ্য বেরিয়ে আসবে। আমার দেশে আগেও আমরা তার অপকর্ম সম্পর্কে লিখেছি। আরো নানা খবর প্রকাশ হবে। দেশে ফ্যাসিবাদ প্রতিষ্ঠার জন্য তার সর্বোচ্চ সাজা হওয়া উচিত।\n\nআমার দেশ সম্পাদক বলেন, বাংলাদেশে ফ্যাসিবাদ তৈরির জন্য দেশে যে অ্যালিমেন্টগুলো ছিল, তাদের আমরা মোটামুটি চিনি। দেশের বাইরে থেকে এ ফ্যাসিবাদ তৈরি ও টিকিয়ে রাখার জন্য সব করেছিল হেজেমনি ইন্ডিয়া। এটা আধিপত্যবাদী দেশটির প্রকল্প ছিল। তা যেন কখনই ভুলে না যাই। এ মহান জুলাই বিপ্লবে যারা শহীদ এবং আহত হয়েছে, যারা লড়াই করেছে, তারা কেবল অভ্যন্তরীণ ফ্যাসিবাদের বিরুদ্ধে লড়াই করেনি, এ লড়াই ছিল আন্তর্জাতিক লড়াই। কাজেই এ লড়াই দক্ষিণ এশিয়ার সবচেয়ে ফ্যাসিস্ট, হেজেমনি শক্তি ভারতের বিরুদ্ধেও বিপ্লব ছিল। এ কারণেই জুলাই বিপ্লবের শুধু আমাদের দেশেই ভ্যালু নয়, আন্তর্জাতিকভাবেও এ বিপ্লবের একটি ন্যারেটিভ আছে।\n\nমাহমুদুর রহমান বলেন, দুর্ভাগ্য হচ্ছে জুলাইযোদ্ধাদের ঐক্যে ফাটল ধরতে শুরু করেছে। যে কারণে ফ্যাসিবাদ আবার মাথা উঁচু করতে শুরু করেছে। আজকে জুলাইযোদ্ধারা একে অপরের বিরুদ্ধে ময়দানে নেমে গেছি। রাজনীতির উদ্দেশ্য অবশ্যই ক্ষমতায় যাওয়া। এরপরও কিছু বিষয়ে একমত থাকতে হবে। তার মধ্যে প্রথমত হলো, বাংলাদেশে আমরা আর কোনো ফ্যাসিবাদী শক্তিকে মাথা উঁচু করে দাঁড়াতে দেব না। দ্বিতীয়ত, বাংলাদেশের স্বাধীনতা আর কখনো দিল্লির কাছে বিসর্জন হতে দেব না। এ দুটো বিষয়ে ঐক্যবদ্ধ থাকতে পারলে আমি আশাবাদী, বাংলাদেশে আর কোনোদিন ফ্যাসিবাদের প্রত্যাবর্তন হবে না।\n\nবৈষম্যবিরোধী ছাত্র আন্দোলনের সভাপতি রশিদুল ইসলাম রিফাতের সভাপতিত্বে অনুষ্ঠানে আরো বক্তব্য দেন রাজনৈতিক বিশ্লেষক ড. ফয়জুল হক, বাংলাদেশ ছাত্র অধিকার পরিষদ সভাপতি বিন ইয়ামিন মোল্লা, জাহাঙ্গীরনগর বিশ্ববিদ্যালয়ের অধ্যাপক ড. গোলাম রব্বানি, ফেস দ্য পিপল সম্পাদক সাইফুর সাগর, জাতীয় নাগরিক পার্টির (এনসিপি) যুগ্ম আহ্বায়ক ড. আতিক মুজাহিদ প্রমুখ।', NULL, NULL, NULL, 1, 'news/UqCtqMV4pGn6Yjjgyx251RtO7zdV2C6ZcjS0GwtZ.jpg', NULL, NULL, 0, 1, 0, 'published', 0, NULL, NULL, '2025-07-26 08:35:18', '2025-07-26 08:35:18'),
(21, 'ডেইলি স্টারের মিথ্যা সংবাদে ভারতের সঙ্গে উত্তেজনা তৈরি হয়: অধিকার', 'deili-starer-mithza-sngbade-varter-sngoe-uttejna-toiri-hy-odhikar', 'বাংলাদেশের ইংরেজি দৈনিক ডেইলি স্টার ভবেশ চন্দ্র রায় নামে সংখ্যালঘু হিন্দু সম্প্রদায়ের এক ব্যক্তিকে অপহরণ ও হত্যা নিয়ে একটি মনগড়া ও মিথ্যা সংবাদ পরিবেশন করে। সংবাদটি ভারতীয় সংবাদমাধ্যমগুলো বাংলাদেশের বিরুদ্ধে প্রোপাগান্ডা হিসেবে ব্যবহার করে। এ সংবাদ প্রকাশের পর বাংলাদেশ-ভারত সম্পর্কের মধ্যে এক ধরনের উত্তেজনা তৈরি হয়।\n\nমানবাধিকার সংস্থা অধিকারের ‘ত্রৈমাসিক (এপ্রিল-জুন) মানবাধিকার পরিস্থিতি’ প্রতিবেদনে এ তথ্য জানানো হয়। গত বৃহস্পতিবার এ প্রতিবেদন প্রকাশ করে সংস্থাটি। অধিকারের সঙ্গে সংশ্লিষ্ট মানবাধিকার কর্মীদের পাঠানো প্রতিবেদন এবং বিভিন্ন গণমাধ্যমে প্রকাশিত তথ্য-উপাত্তের ভিত্তিতে এ প্রতিবেদনটি প্রস্তুত করা হয়েছে।\n\nসম্প্রতি অধিকারের পক্ষ থেকে প্রকাশিত প্রতিবেদনে দেশের সার্বিক আইনশৃঙ্খলা পরিস্থিতি, মানবাধিকার, সাংবাদিক নির্যাতন, নারীদের ওপর সহিংসতা, যৌন হয়রানির চিত্র তুলে ধরা হয়। রিপোর্টে ভারতের বিএসএফের সীমান্তে বাংলাদেশিদের হত্যা, অবৈধ পুশ ইন সর্বোপরি বাংলাদেশের বিরুদ্ধে ভারতের মিথ্যা প্রোপাগান্ডা ছড়ানোর বিষয়ে তথ্য তুলে ধরা হয়। অধিকার বলছে, ভারতীয় সীমান্তরক্ষী বাহিনী (বিএসএফ) বাংলাদেশ-ভারত সীমান্তে বাংলাদেশি নাগরিকদের হত্যা ও নির্যাতন অব্যাহত রেখেছে। অন্যদিকে সীমান্ত দিয়ে রোহিঙ্গা ও অন্যান্য মুসলিম জনগোষ্ঠীকে ভারতীয় শাসকগোষ্ঠী বাংলাদেশে অবৈধভাবে ঠেলে পাঠিয়ে দিচ্ছে, যা অত্যন্ত উদ্বেগজনক।\n\nবিএসএফের হত্যাকাণ্ড\n\nএপ্রিল থেকে জুন পর্যন্ত বিএসএফের গুলিতে ৯ বাংলাদেশি নিহত এবং পাঁচজন আহত হয়েছেন। নিহত ৯ জনের মধ্যে সাতজনকে গুলি করে হত্যা ও দুজনকে নির্যাতনের মাধ্যমে হত্যা করা হয়েছে। আহত পাঁচজনের সবাইকে গুলি করে আহত করা হয়েছে।\n\nবাংলাদশের বিরুদ্ধে ভারতের মিথ্যা প্রোপাগান্ডা\n\nহাসিনা সরকারের পতন হওয়ার পর থেকেই ভারতীয় শাসকগোষ্ঠী বাংলাদেশের অভ্যন্তরীণ স্থিতিশীলতা বিনষ্ট করার জন্য অন্তর্বর্তী সরকারের বিরুদ্ধে নানা ধরনের অপতৎপরতা চালিয়ে যাচ্ছে এবং ভারতীয় বেশকিছু সংবাদমাধ্যম বাংলাদেশ সম্পর্কে মিথ্যা ও মনগড়া সংবাদ পরিবেশন করছে। যদিও এসব বিষয় অধিকাংশই ফ্যাক্ট চেকিংয়ের মাধ্যমে মিথ্যা বলে প্রমাণিত হয়েছে। আলজাজিরা, এএফপি ফ্যাক্ট চেক, নিউইয়র্ক টাইমস ও বিবিসি Ñএ ধরনের মিথ্যা প্রচারণার প্রমাণ পেয়েছে।\n\nবাংলাদেশের ইংরেজি দৈনিক ডেইলি স্টার ভবেশ চন্দ্র রায় নামে সংখ্যালঘু হিন্দু সম্প্রদায়ের এক ব্যক্তিকে অপহরণ ও হত্যা নিয়ে একটি মনগড়া ও মিথ্যা সংবাদ পরিবেশন করে। এ মিথ্যা সংবাদটি ভারতীয় সংবাদমাধ্যমগুলো বাংলাদেশের বিরুদ্ধে প্রোপাগান্ডা হিসেবে ব্যবহার করে। এ সংবাদ প্রকাশের পর বাংলাদেশ-ভারত সম্পর্কের মধ্যে একধরনের উত্তেজনা তৈরি হয়। পররাষ্ট্র মন্ত্রণালয় ভবেশ চন্দ্র রায় অপহরণ ও হত্যার শিকার হয়েছেন বলে বিবৃতি দেয়। পরবর্তী সময়ে সংবাদটি অসত্য প্রমাণিত হওয়ায় দ্য ডেইলি স্টার ভুল তথ্যের জন্য দুঃখ প্রকাশ করে প্রতিবেদনটি প্রত্যাহার করে নেয়।\n\nঅবৈধ পুশ ইন\n\nভারতীয় শাসকগোষ্ঠী বাংলাদেশে তার স্বার্থ বজায় রাখতে সরকারকে চাপে রাখার জন্য আন্তর্জাতিক আইন এবং মানবাধিকার লঙ্ঘন করে উসকানিমূলকভাবে গত ৭ মে থেকে দেশটিতে অবস্থানকারী বাংলাদেশি, রোহিঙ্গা জনগোষ্ঠী এবং ভারতীয় মুসলিম নাগরিকদের জোর করে, এমনকি রাতের আঁধারে বাংলাদেশে পুশ ইন (ঠেলে পাঠানো) করেছে। যাদের পাঠানো হচ্ছে, তাদের অধিকাংশ ব্যক্তিকেই অমানবিক নির্যাতনের মাধ্যমে শূন্যরেখা অতিক্রমে বাধ্য করা হয়েছে। এমনকি তাদের মালামাল ও নগদ অর্থ ছিনিয়ে নিয়েছে বিএসএফ সদস্যরা। গত ২২ মে খাগড়াছড়ির রামগড় সীমান্ত দিয়ে মোহাম্মদ ওমেদ আলীসহ তার পরিবারের পাঁচজন সদস্য বাংলাদেশে প্রবেশ করেন। ভারতের হরিয়ানা থেকে গভীর রাতে তুলে এনে ত্রিপুরা নিয়ে যাওয়া হয় তাদের। এরপর বিএসএফ সদস্যরা তাদের হাত-পা বেঁধে নদীতে ফেলে দেয়। সৌভাগ্যবশত এ পরিবারের সদস্যরা প্রাণে বেঁচে যান এবং ফেনী নদী পেরিয়ে বাংলাদেশে প্রবেশ করলে বিজিবি তাদের জিম্মায় নেয়। গত ২৭ মে বাংলাদেশের কুড়িগ্রাম সীমান্ত দিয়ে ১৪ জনকে পুশ ইন করেন বিএসএফ সদস্যরা। পুশ ইন হওয়াদের মধ্যে খায়রুল ইসলাম নামে ভারতের আসাম রাজ্যের একজন স্কুল শিক্ষকও ছিলেন। বিভিন্ন সংবাদমাধ্যম ও অধিকারের সঙ্গে সংশ্লিষ্ট সীমান্ত এলাকার মানবাধিকারকর্মীদের তথ্য অনুযায়ী, ৩০ জুন পর্যন্ত নারী, শিশু, বৃদ্ধসহ এক হাজার ৭৮৩ জনকে জোর করে বাংলাদেশে পাঠানো হয়েছে।\n\nবাংলাদেশের ভূমি দখল করেছে ভারত\n\nভারত নিজেদের স্বার্থে বাংলাদেশের কর্তৃত্ববাদী হাসিনা সরকারকে নিরঙ্কুশ সমর্থন জানিয়ে সেই আমলে তাদের ফায়দা হাসিল করে নিয়েছিল। পঞ্চগড় জেলার সদর, তেঁতুলিয়া ও বোদা উপজেলার বিভিন্ন সীমান্তে ৭৩০ একরেরও বেশী অমীমাংসিত জমি বাংলাদেশের নামে দলিলপত্র থাকলেও ভারত দখল করে নেয়। ২০০৯ সালে শেখ হাসিনা ক্ষমতায় আসার পর বাংলাদেশের জমি দখল শুরু করে। সর্বশেষ ২০১৫ সালে সম্পূর্ণ জমি ভারত বিএসএফের মাধ্যমে দখল করে নেয়।\n\nআওয়ামী লীগের অভ্যন্তরীণ কোন্দল\n\nতিন মাসে আওয়ামী লীগ ও এর অঙ্গ সংগঠনের নেতা-কর্মীদের বিরুদ্ধে ধর্ষণের চেষ্টা, দিনমজুরের জমি দখল, সড়ক ও জনপথের জায়গা দখল করে ভবন নির্মাণ, বিএনপির নেতাকর্মীদের ওপর হামলা ও অপহরণ, সাধারণ নাগরিকদের ওপর নিপীড়ন, বিএনপি নেতার কবজি কর্তন, পুলিশের কাছ থেকে দলীয় কর্মীকে ছিনিয়ে নেওয়ার অভিযোগ পাওয়া গেছে। গত ২ এপ্রিল নোয়াখালীর সদর উপজেলার মাইজদীতে জাকির হোসেন আলো নামে এক বিএনপি নেতাকে কুপিয়ে জখম করে যুবলীগ নেতা পিয়াসের নেতৃত্বে একদল দুর্বৃত্ত। বরগুনার আমতলীতে চাঁদা না দেয়ায় আওয়ামী লীগ নেতা ইসরাফিল মোল্লা ব্যবসায়ী ছিদ্দিক খানের বাড়িতে ও ব্যবসা প্রতিষ্ঠানে হামলা করে ভাঙচুর ও লুটপাট চালায়। ৫ এপ্রিল শরীয়তপুরের জাজিরায় আধিপত্য বিস্তার নিয়ে আওয়ামী লীগের দুই পক্ষের মধ্যে সংঘর্ষে ব্যাপক বোমাবাজির ঘটনা ঘটে। সংঘর্ষে নারীসহ ১৫ জন আহত হন। ২৩ এপ্রিল ব্রাহ্মণবাড়িয়ার নাসিরনগরে জামায়াতে ইসলামী একটি মিছিল বের করলে আওয়ামী লীগের নেতা-কর্মীরা দেশীয় অস্ত্র নিয়ে তাদের ওপর হামলা চালালে জামায়াত নেতা জসিম উদ্দিন গুরুতর আহত হন।\n\nচলতি বছরের এপ্রিল-জুন পর্যন্ত সময়ে রাজনৈতিক সহিংসতায় কমপক্ষে ৭২ জন নিহত ও ১৬৭৭ জন আহত হয়েছেন। এই তিন মাসে বিএনপির ১০৫টি ও আওয়ামী লীগের ৪টি অভ্যন্তরীণ সংঘাতের ঘটনা রেকর্ড করা হয়েছে। বিএনপির অভ্যন্তরীণ সংঘাতে ১৯ জন নিহত ও ৯৭৩ জন আহত এবং আওয়ামী লীগের অভ্যন্তরীণ সংঘাতে ২ জন নিহত ও ২৪ জন আহত হয়েছেন। তিন মাসে ২০৮ জন নারী ও শিশু ধর্ষণের শিকার হয়েছে। ৩ জনকে ধর্ষণের পর হত্যা করা হয়েছে। যৌন হয়রানির শিকার হয়েছেন ১৪ জন নারী ও মেয়ে শিশু। এ ছাড়া নারী ও শিশুদের ওপর সংঘটিত যৌন হয়রানির প্রতিবাদ করতে গিয়ে ৩ জন পুরুষ নিহত ও ৭ জন পুরুষ আহত হয়েছেন। গত তিন মাসে মোট ১৯ জন নারী যৌতুক সহিংসতার শিকার হয়েছেন। এর মধ্যে ১১ জন নারীকে যৌতুকের কারণে হত্যা করা হয়েছে।\n\n২০২৫ সালের এপ্রিল থেকে জুন এই তিন মাসে ৮ জন বিচারবহির্ভূত হত্যাকাণ্ডের শিকার হয়েছেন বলে অভিযোগ রয়েছে। এর মধ্যে ৫ জন পুলিশ, ১ জন র‍্যাব, ১ জন কোস্টগার্ড ও ১ জন যৌথ বাহিনীর হাতে বিচারবহির্ভূত হত্যাকাণ্ডের শিকার হয়েছেন বলে অভিযোগ রয়েছে। এদের মধ্যে ২ জন নির্যাতনে, ৫ জন গুলিতে এবং ১ জনকে পিটিয়ে হত্যা করা হয়। এপ্রিল থেকে জুন এই তিন মাসে ২২ ব্যক্তি কারাগারে মৃত্যুবরণ করেছেন। এদের মধ্যে ২১ জন অসুস্থতার কারণে মৃত্যুবরণ করেছেন ও ১ জন আত্মহত্যা করেছেন বলে অভিযোগ রয়েছে। এই সময়ে পেশাগত দায়িত্ব পালনের সময় ৩০ জন সাংবাদিক আহত, ১৬ জন লাঞ্ছিত ও ১১ জন হুমকির শিকার হয়েছেন।\n\nঅধিকার বলছে, জুলাই-আগস্টে ছাত্র-জনতার আন্দোলনে অন্ততপক্ষে ১ হাজার ৪০০ মানুষকে হত্যা করার পর ২০২৪ সালের ৫ আগস্ট গণঅভ্যুত্থানে ক্ষমতাচ্যুত হয় কর্তৃত্ববাদী শাসক শেখ হাসিনার সরকার। এরপর অবাধ ও সুষ্ঠু নির্বাচন অনুষ্ঠানের আগে গণতান্ত্রিক নীতি প্রতিষ্ঠা এবং মানবাধিকারের প্রতি সম্মান পুনঃস্থাপনের প্রতিশ্রুতি দেয় ড. ইউনূসের নেতৃত্বাধীন অন্তর্বর্তী সরকার। কিন্তু রাজনৈতিক সহিংসতা ও দুর্বৃত্তয়ান এই প্রতিশ্রুতির অন্তরায় হয়ে উঠেছে।\n\nগুরুতর মানবাধিকার লঙ্ঘনের বিশ্বাসযোগ্য অভিযোগ থাকার কারণে র‍্যাবের অবলুপ্তির জন্য মানবাধিকার কর্মীদের পক্ষ থেকে তোলা দাবির বিষয়ে সরকারকে পদক্ষেপ নেওয়ার পরামর্শ দিয়েছে অধিকার।\n\nগুম, বিচারবহির্ভূত হত্যাকাণ্ড ও অন্যান্য মানবাধিকার লঙ্ঘনের দায়ে অভিযুক্ত সামরিক বাহিনীর শীর্ষ কর্মকর্তাদের মধ্যে যারা হাসিনা সরকারের পতনের পর পালিয়ে যায়, তাদেরও বিচারের আওতায় আনার ব্যাপারে উল্লেখযোগ্য কোনো অগ্রগতি নেই বলে মনে করছে সংস্থাটি।', NULL, NULL, NULL, 1, 'news/TB7s9SWsHILVSAn0L1BCVeFXwnKf7Pr1PcPh4Fdj.jpg', NULL, NULL, 0, 0, 0, 'published', 0, NULL, NULL, '2025-07-26 09:22:07', '2025-07-26 09:22:07'),
(22, 'আয় বাড়াতে আরও ৩ জাহাজ কেনা হচ্ছে: নৌপরিবহণ উপদেষ্টা', 'ay-barate-aroo-3-jahaj-kena-hcche-noupribhn-updeshta', 'বাংলাদেশ শিপিং করপোরেশনের জন্য আরও ৩টি জাহাজ কেনা হচ্ছে। এই খাতে আয় বাড়াতে সরকার এমন উদ্যোগ নিয়েছে বলে জানিয়েছেন নৌ পরিবহণ উপদেষ্টা ব্রিগেডিয়ার জেনারেল (অব) এম সাখাওয়াত হোসেন।\n\nশনিবার (২৬ জুলাই) দুপুরে চট্টগ্রামের সীতাকুণ্ডে কেএসআরএম শিপ ব্রেকিং ইয়ার্ডের জাহাজ পুনঃপ্রক্রিয়াজাত কার্যক্রম পরিদর্শন শেষে তিনি এ কথা বলেন।\n\nতিনি বলেন, হংকং কনভেনশন অনুসরণ করায় চট্টগ্রামের ১৪টি শিপ ব্রেকিং ইয়ার্ড গ্রিন শিপইয়ার্ড সনদ পেয়েছে। পাইপলাইনে আছে আরও কয়েকটি। তবে যারা শিপ ব্রেকিং ইয়ার্ড গ্রিন সনদ নিতে পারেনি তাদের ব্যবসা গুটিয়ে নিতে হবে।\n\nতিনি আরও বলেন, বেশিরভাগ ইয়ার্ড এখনও নিয়ম-নীতি অনুসরণ করতে পারেনি। বিষয়টি সহজ করতে সরকার সহযোগিতা করবে।', NULL, NULL, NULL, 1, 'news/lQ2BPZhX0hJCEyYww9UeHZ3F3v2VrLPGXawmPOIB.jpg', NULL, NULL, 0, 0, 0, 'published', 0, NULL, NULL, '2025-07-26 10:20:56', '2025-07-26 10:20:56'),
(23, 'করদাতাদের আস্থা অর্জনে জবাবদিহি নিশ্চিত করতে হবে: এনবিআর চেয়ারম্যান', 'krdatader-astha-orjne-jbabdihi-niscit-krte-hbe-enbiar-ceyarmzan', 'জাতীয় রাজস্ব বোর্ড (এনবিআর) চেয়ারম্যান আবদুর রহমান খান বলেছেন, শুধু জাতীয় রাজস্ব বোর্ডকে ভাগ করলেই সমস্যা সমাধান হবে না। এর জন্য পদ্ধতিগত কাঠামো ভাগ ও জবাবদিহি নিশ্চিত করতে হবে। তাহলেই করদাতাদের আস্থা অর্জন সম্ভব হবে।\n\nশনিবার (২৬ জুলাই) এফডিসিতে কর ব্যবস্থাপনায় সংস্কার ও রাজস্ব আয় বৃদ্ধি নিয়ে আয়োজিত এক ছায়া সংসদে এ কথা বলেন তিনি।\n\nএনবিআর চেয়ারম্যান বলেন, কর শিক্ষায় বাংলাদেশ পিছিয়ে রয়েছে। দেশে সত্যিকারে কর শিক্ষা বলে কিছু নেই। এটিকে পাঠ্য বইয়ে যুক্ত করতে এনবিআর কাজ করছে। যদিও এ চেষ্টা খুব একটা এগুতে পারেনি।\n\nতিনি আরও বলেন, বর্তমান অডিট পদ্ধতিতে ভয়ের পরিবেশ তৈরি হয়। প্রযুক্তির ব্যবহার বাড়ালে এর নিরসন ঘটবে। পাশাপাশি কর ব্যবস্থাকে নিরপেক্ষ ও গ্রহণযোগ্য করতে হলে এনবিআরকে প্রযুক্তিগত দিকও যুক্ত করতে হবে।', NULL, NULL, NULL, 1, 'news/yUpL9M8jJSIJlqZijD8EVQmk2RtgAUWbJjY5l3fP.jpg', NULL, NULL, 0, 0, 0, 'published', 0, NULL, NULL, '2025-07-26 11:09:35', '2025-07-26 11:09:35'),
(24, 'ভারত-সমর্থিত ৩ জঙ্গিকে হত্যার দাবি পাকিস্তানের', 'vart-smrthit-3-jngoike-htzar-dabi-pakistaner', 'পাকিস্তানের সোয়াতে এক যৌথ অভিযানে ভারত-সমর্থিত ‘ফিতনা আল-খারিজ’ জঙ্গীগোষ্ঠীর তিন সদস্যকে হত্যার দাবি করেছে দেশটির পুলিশ ও কাউন্টার টেরিজম ডিপার্টমেন্ট (সিটিডি)। নিহতদের মধ্যে একজন ছিলেন ‘হাই ভ্যালু টার্গেট’। পাকিস্তান সরকার তার মাথার মূল্য নির্ধারণ করেছিল ২০ লাখ রুপি।  খবর দ্য এক্সপ্রেস ট্রিবিউন।\n\nসিটিডি বরাত দিয়ে প্রতিবেদনে বলা হয়েছে, এই জঙ্গিরা নিরাপত্তা বাহিনীর ওপর হামলা এবং পুলিশ সদস্যদের হত্যার সঙ্গে জড়িত ছিলেন। নিহতদের মধ্যে অন্যতম ছিলেন আজমল ওরফে ওয়াকাস, যিনি গ্রাম প্রতিরক্ষা পরিষদের সদস্যদের হত্যা করার অভিযোগে অভিযুক্ত এবং মোস্ট ওয়ান্টেড তালিকাভুক্ত সন্ত্রাসী ছিলেন।\n\nদ্বিতীয় নিহত জঙ্গিকে শনাক্ত করা হয়েছে মতিউল্লাহ হিসেবে, যিনি ইসহাক ও জুনায়েদ নামেও পরিচিত ছিলেন। তৃতীয় নিহত জঙ্গির নাম রহিমুল্লাহ রেহমানি, যিনি রোহুল্লাহ নামেও পরিচিত।\n\nসিটিডি আরও জানায়, এই জঙ্গিরা আইইডি (বিস্ফোরক ডিভাইস) হামলা, চাঁদাবাজি ও বিদেশি অর্থায়নের সহায়তায় সোয়াত অঞ্চলে সন্ত্রাস ছড়ানোর কাজ করছিল।\n\nআঞ্চলিক পুলিশ কর্মকর্তা শের আকবর খান এই অভিযানে ‘ফিতনা আল-খারিজ’ গোষ্ঠীর সোয়াত ও আশপাশের এলাকায় কার্যক্রমে এক বড় আঘাত বলে উল্লেখ করেন। তিনি বলেন, গোষ্ঠীটির নির্মূল না হওয়া পর্যন্ত অভিযান চলবে।\n\nখাইবার-পাখতুনখোয়া প্রদেশের পুলিশ মহাপরিদর্শক জুলফিকার হামিদ সিটিডি ও সোয়াত পুলিশের এই সফল অভিযানের প্রশংসা করেন এবং বলেন, প্রদেশে স্থায়ী শান্তি প্রতিষ্ঠার জন্য সন্ত্রাসীদের বিরুদ্ধে অভিযান আরও জোরদার করা হবে।', NULL, NULL, NULL, 1, 'news/nXSWown0iK9uJ0WUrDelKu1gCySklAlp1Id4PE9F.jpg', NULL, NULL, 0, 0, 0, 'published', 0, NULL, NULL, '2025-07-26 11:33:09', '2025-07-26 11:33:09'),
(25, 'যুক্তরাষ্ট্রের অনুরোধে সৌদির ‘না’: ইরানে হামলায় ক্ষেপণাস্ত্র দিতে অস্বীকৃতি', 'zuktrashtrer-onurodhe-soudir-na-irane-hamlay-kshepnastr-dite-osweekrriti', 'ইরানের ব্যালিস্টিক ক্ষেপণাস্ত্র হামলায় ইসরাইল বড় ধরনের ক্ষয়ক্ষতির মুখে পড়লে, যুক্তরাষ্ট্র সৌদি আরবকে ‘টার্মিনাল হাই অল্টিচিউড এরিয়া ডিফেন্স’ বা থাড ক্ষেপণাস্ত্র প্রতিরক্ষা ব্যবস্থার কিছু ইন্টারসেপটর ইসরাইলকে সরবরাহের অনুরোধ জানিয়েছিল।\n\nকিন্তু রিয়াদ যুক্তরাষ্ট্রের সেই অনুরোধ প্রত্যাখ্যান করে। মধ্যপ্রাচ্যভিত্তিক সংবাদমাধ্যম মিডল ইস্ট আই-কে বিষয়টি নিশ্চিত করেছেন দুই মার্কিন কর্মকর্তা।\n\nএকজন মার্কিন কর্মকর্তা জানান, ‘যুদ্ধ চলাকালে আমরা অনেক দেশের কাছেই অনুরোধ জানিয়েছি কিছু সরঞ্জাম দিতে। যখন কোথাও ব্যর্থ হয়েছি, তখন বিকল্প উপায় খুঁজেছি—সমঝোতা কিংবা বিনিময়। তবে এটা কোনো নির্দিষ্ট দেশের প্রতি ইঙ্গিত ছিল না।’\n\nতবে বিশ্লেষকরা বলছেন, সৌদি আরব ছিল অন্যতম সেই দেশ, যারা এমন সহায়তা দিতে সক্ষম ছিল। যুক্তরাষ্ট্রের কর্মকর্তারাও ইঙ্গিত দিয়েছেন, ইরান শুধু ইসরাইল নয়, বরং উপসাগরীয় দেশগুলোর জন্যও হুমকি।\n\nএই সংঘাতের সময়, যুদ্ধবিরতির মাত্র নয় দিন পর, ৩ জুলাই সৌদি সামরিক বাহিনী প্রথমবারের মতো আনুষ্ঠানিকভাবে তাদের টিএচএএডি ব্যাটারি চালু করে। এটি সৌদি সরকার তাদের নিজস্ব অর্থায়নে যুক্তরাষ্ট্র থেকে কিনেছিল।\n\nএর আগে যুক্তরাষ্ট্র আশঙ্কা করেছিল যে, ইরানের ব্যাপক ব্যালিস্টিক হামলায় ইসরাইলের জন্য সংরক্ষিত যুক্তরাষ্ট্রীয় ইন্টারসেপটরের মজুদ বিপজ্জনকভাবে কমে যেতে পারে।\n\nমিডল ইস্ট আই-এর এক প্রতিবেদনে বলা হয়, ইরানের হামলায় ইসরাইল ও যুক্তরাষ্ট্র উভয়ের ক্ষেপণাস্ত্র প্রতিরক্ষা ব্যবস্থা—বিশেষ করে অ্যারো ও টিএচএএডি ইন্টারসেপটর—দ্রুত ফুরিয়ে যেতে থাকে। পরবর্তীতে ওয়াল স্ট্রিট জার্নাল ও দ্য গার্ডিয়ান এই তথ্যের সত্যতা নিশ্চিত করে।\n\nদ্য গার্ডিয়ান জানায়, সংঘাতের পরে যুক্তরাষ্ট্রের হাতে বিশ্বব্যাপী সামরিক কৌশলের জন্য প্রয়োজনীয় ‘প্যাট্রিয়ট’ ইন্টারসেপটরের মাত্র ২৫ শতাংশ অবশিষ্ট ছিল।\n\nযদিও ইসরাইলের তিনস্তরের আকাশ প্রতিরক্ষা ব্যবস্থার সঙ্গে যুক্তরাষ্ট্রের সহায়তা ছিল, তবু ইরান একাধিক ব্যালিস্টিক ক্ষেপণাস্ত্র ইসরাইলি শহরগুলোতে আঘাত হানাতে সক্ষম হয়। দ্য টেলিগ্রাফ জানায়, ইরানি ক্ষেপণাস্ত্র অন্তত পাঁচটি ইসরাইলি সামরিক স্থাপনায় সরাসরি আঘাত হানে।\n\nবিশ্লেষকদের মতে, এই যুদ্ধ প্রমাণ করেছে, ইসরাইল-যুক্তরাষ্ট্রের প্রতিরক্ষা ব্যবস্থাও সীমাবদ্ধতার মধ্যে পড়ে। ‘মিচেল ইনস্টিটিউট ফর এরোস্পেস স্টাডিজ’-এর নির্বাহী পরিচালক ডগলাস বারকি বলেন, ‘আমাদের ইন্টারসেপটরের সংখ্যা সীমিত। আমাদের উৎপাদন ক্ষমতাও সীমাবদ্ধ।’\n\nওয়াল স্ট্রিট জার্নাল আরও জানায়, মার্কিন কর্মকর্তারা জানতেন সৌদি আরবের হাতে টিএচএএডি ইন্টারসেপটর আছে। তারপরও তারা সেসব ইসরাইলকে দিতে সৌদি আরবের সঙ্গে আলোচনা শুরু করেন। কিন্তু সৌদি আরব সেই অনুরোধ প্রত্যাখ্যান করে।\n\nএছাড়া, যুক্তরাষ্ট্র সংযুক্ত আরব আমিরাতকেও ইসরাইলকে ইন্টারসেপটর দেওয়ার অনুরোধ জানিয়েছিল। তবে শেষ পর্যন্ত কোনো সহায়তা এসেছে কি না, তা নিশ্চিত করেনি কোনো পক্ষ।\n\nবিশ্লেষকদের মতে, ইরান-ইসরাইল সংঘাত গালফ অঞ্চলের দেশগুলোকে নতুন করে ভাবিয়েছে। তারা উপলব্ধি করেছে—ইসরাইলের প্রতিরক্ষা ব্যবস্থা অপরাজেয় নয়। এ কারণে এসব তেলসমৃদ্ধ রাষ্ট্র এখন তাদের কূটনৈতিক অবস্থান পুনর্বিন্যাসে নেমেছে।\n\nএকজন আরব কূটনীতিক মিডল ইস্ট আই-কে বলেন, ‘আমাদের দৃষ্টিকোণ থেকে যুদ্ধের পরিণাম ইতিবাচক। ইসরাইল বুঝেছে, শক্তিশালী রাষ্ট্রের সঙ্গে সংঘাতের মূল্য কত বড় হতে পারে।’\n\nবিশ্লেষকরা বলছেন, সৌদি আরব এখন ধীরে ধীরে তুরস্কের দিকে ঝুঁকছে এবং প্রয়োজনে ইরানের সঙ্গেও সম্পর্ক পুনঃস্থাপন করতে পারে। ইউরেশিয়া গ্রুপের মধ্যপ্রাচ্য ও উত্তর আফ্রিকা অঞ্চলের প্রধান ফিরাস মাকসাদ বলেন, ‘সিরিয়া, লেবানন, গাজা ও পশ্চিম তীরে ইসরাইলের লাগাতার হামলা সৌদি আরবের অবস্থানকে কঠোর করে তুলেছে। এখন যখন ইরান দুর্বল, তখন সৌদি নতুন করে তাদের কৌশল নির্ধারণ করছে।’', NULL, NULL, NULL, 1, 'news/rHd7inuL9E2Y1dhypN5h8StRrosymrn0oJaaAgfO.jpg', NULL, NULL, 0, 0, 0, 'published', 0, NULL, NULL, '2025-07-26 11:35:42', '2025-07-26 11:35:42'),
(26, 'ফিলিস্তিন ইস্যুতে ফ্রান্সের বিপরীতে অবস্থান নিল ইতালি', 'filistin-iszute-franser-bipreete-obsthan-nil-itali', 'ইতালির প্রধানমন্ত্রী জর্জিয়া মেলোনি জানিয়েছেন, একটি স্বাধীন ফিলিস্তিন রাষ্ট্র বাস্তবে প্রতিষ্ঠিত হওয়ার আগেই তাকে স্বীকৃতি দেওয়া বুমেরাং হয়ে ফিরে আসতে পারে এবং এমন পদক্ষেপ বর্তমান সংকট সমাধানের জন্য বিপরীত প্রভাব ফেলতে পারে।\n\n‌‘আমি ফিলিস্তিন রাষ্ট্র গঠনের পক্ষে, তবে সেটি প্রতিষ্ঠার আগেই স্বীকৃতি দেওয়ার বিপক্ষে,’ শুক্রবার ইতালির দৈনিক লা রিপাবলিকা-কে দেওয়া এক সাক্ষাৎকারে বলেন মেলোনি।\n\nতিনি আরও বলেন, ‘যদি এমন কিছু কাগজে-কলমে স্বীকৃতি দেওয়া হয় যা বাস্তবে এখনও নেই, তাহলে সমস্যাটি মিটে গেছে বলে ভুল বার্তা ছড়াতে পারে।’\n\nমেলোনির এই মন্তব্য ফ্রান্সের সেই সিদ্ধান্তের প্রেক্ষিতে এসেছে, যেখানে দেশটি আগামী সেপ্টেম্বর জাতিসংঘ সাধারণ পরিষদে ফিলিস্তিন রাষ্ট্রকে স্বীকৃতি দেওয়ার ঘোষণা দেয়। ফ্রান্সের এমন পদক্ষেপে কড়া প্রতিক্রিয়া জানায় ইসরাইল ও যুক্তরাষ্ট্র, বিশেষ করে গাজায় চলমান যুদ্ধের প্রেক্ষাপটে।\n\nএদিকে শুক্রবার ইতালির পররাষ্ট্রমন্ত্রী বলেন, ‘ফিলিস্তিন রাষ্ট্রকে স্বীকৃতি তখনই দেওয়া উচিত, যখন সেই রাষ্ট্র ইসরাইলকেও আনুষ্ঠানিকভাবে স্বীকৃতি দেবে।’\n\nজার্মানির পক্ষ থেকেও এক সরকারি মুখপাত্র জানিয়েছেন, তারা অদূর ভবিষ্যতে ফিলিস্তিনকে স্বীকৃতি দেওয়ার কোনো পরিকল্পনা করছেন না। তার ভাষায়, ‘আমাদের এখনকার অগ্রাধিকার হলো বহু প্রতীক্ষিত দুই-রাষ্ট্র সমাধান এগিয়ে নেওয়া।’\n\nএই অবস্থানগুলো থেকে স্পষ্ট যে, ইউরোপের বড় শক্তিগুলোর মধ্যে ফিলিস্তিন রাষ্ট্র স্বীকৃতি নিয়ে এখনও মতপার্থক্য রয়েছে, এবং তারা এটি বাস্তবতার নিরিখে বিবেচনা করতে চাইছে।', NULL, NULL, NULL, 1, 'news/loxPRphWNn8cV8PQiQ03F6Ii01I019KeKTKUxIYj.jpg', NULL, NULL, 0, 0, 0, 'published', 0, NULL, NULL, '2025-07-26 11:52:40', '2025-07-26 11:52:40'),
(27, 'ভারত ‘দক্ষিণ এশিয়ার ইসরাইলে পরিণত হয়েছে’: সাদিক কায়েম', 'vart-dkshin-esiyar-israile-print-hyeche-sadik-kayem', '‘ভারত গত ১৬ বছর ধরে বাংলাদেশকে একপ্রকার উপনিবেশ হিসেবে ব্যবহার করেছে। তারা শুধু হাসিনার শাসন সমর্থনই করেনি, বরং ৫ আগস্টের গণহত্যাকেও নীরব সম্মতি দিয়েছে। তারা ভারতের মুসলমানদের উপর নিপীড়ন চালাচ্ছে—এই দিক থেকে তারা দক্ষিণ এশিয়ার ইসরাইলে পরিণত হয়েছে। আমরা তাদের আধিপত্য আর মানতে রাজি নই।’\n\nতুরস্কের গণমাধ্যম ইয়েনি সাফাককে দেওয়া এক সাক্ষাৎকারে এসব কথা বলেছেন জুলাই অভ্যুত্থানের অগ্রনায়ক সাদিক কায়েম। শুক্রবার গণমাধ্যমটি তার এই এক্সক্লুসিভ সাক্ষাৎকারটি প্রকাশ করেছে।\n\nসাদিক কায়েমকে প্রশ্ন করা হয়, ‘সেনাবাহিনীর ভূমিকা এবং ভারত ও চীনের মতো বিদেশি শক্তির প্রভাব আপনি কীভাবে মূল্যায়ন করেন? ভবিষ্যতের কূটনীতি নিয়ে আপনার ভাবনা কী?’\n\nজবাবে তিনি বলেন, আন্দোলনের শেষ পর্যায়ে সেনাবাহিনীর কিছু জুনিয়র কর্মকর্তার পক্ষ থেকে সহানুভূতির ইঙ্গিত আমরা পেয়েছি। তারা বিপ্লবের আদর্শের সঙ্গে একাত্মতা প্রকাশ করেছেন। যদিও সিনিয়রদের অনেকেই আগের শাসনের সুবিধাভোগী ছিলেন, কিন্তু নতুন প্রজন্ম রাষ্ট্রের সঙ্গে জনগণের সেতুবন্ধন রচনায় আগ্রহী।\n\nতিনি বলেন, আমরা স্পষ্ট করে দিতে চাই—যারা মানবাধিকার লঙ্ঘন, বিচারবহির্ভূত হত্যা ও গণহত্যায় জড়িত ছিলেন—তাদের রাজনীতিতে স্থান নেই যতক্ষণ না তারা বিচারের মুখোমুখি হন।\n\nরাজনৈতিক কার্যক্রম নিষিদ্ধ হওয়া আওয়ামী লীগ সম্পর্কে তিনি বলেন, আওয়ামী লীগ একটি সন্ত্রাসী দল—জার্মানির চরমপন্থি সংগঠনের মতোই তাদের স্থায়ীভাবে নিষিদ্ধ করা উচিত।\n\nচীন ও ভারত সম্পর্কে তিনি বলেন, ভারত গত ১৬ বছর ধরে বাংলাদেশকে একপ্রকার উপনিবেশ হিসেবে ব্যবহার করেছে। তারা শুধু হাসিনার শাসন সমর্থনই করেনি, বরং ৫ আগস্টের গণহত্যাকেও নীরব সম্মতি দিয়েছে। তারা ভারতের মুসলমানদের উপর নিপীড়ন চালাচ্ছে—এই দিক থেকে তারা দক্ষিণ এশিয়ার ইসরাইলে পরিণত হয়েছে। আমরা তাদের আধিপত্য আর মানতে রাজি নই। আর চীনের সঙ্গে আমরা ভারসাম্যপূর্ণ ও বন্ধুত্বপূর্ণ সম্পর্ক গড়ে তুলতে চাই—স্বাধীন পররাষ্ট্রনীতির ভিত্তিতে।\n\nএই বিপ্লব কারও দয়া বা বিদেশি হস্তক্ষেপে আসেনি বলে জানিয়ে তিনি বলেন, এটি এসেছে আমাদের শহীদদের আত্মত্যাগে। তাই আমাদের কারো কাছে ঋণ নেই, আমরা স্বাধীনভাবে কূটনীতি চালিয়ে যাব—যুক্তরাষ্ট্র, চীন বা ভারত—সবার সঙ্গে সমানভাবে।', NULL, NULL, NULL, 1, 'news/U6n9fS74W8Tx2UqYAMg6m4jdkGIgTk7rfAak1Smg.jpg', NULL, NULL, 0, 0, 0, 'published', 21, NULL, NULL, '2025-07-26 11:53:36', '2025-07-28 12:08:36'),
(28, 'ভিয়েতনামে স্লিপার বাস উল্টে নিহত ১০', 'viyetname-slipar-bas-ulte-niht-10', 'ভিয়েতনামের মধ্যাঞ্চলে পর্যটকবাহী একটি স্লিপার বাস উল্টে অন্তত ১০ জন নিহত হয়েছেন।  নিহতদের মধ্যে দুটি শিশুও রয়েছে।  এছাড়া আহত হয়েছেন আরও ১২ জন।\n\nএক প্রতিবেদনে এ তথ্য জানিয়েছে সংবাদমাধ্যম আল জাজিরা।\n\nপ্রতিবেদনে বলা হয়েছে, শুক্রবার রাতে রাজধানী হ্যানয় থেকে মধ্যাঞ্চলীয় শহর দা নাং-এর দিকে যাচ্ছিল বাসটি। পথে হা তিনহ প্রদেশে জাতীয় মহাসড়কে বাসটি রাস্তা থেকে ছিটকে গিয়ে পিলারে আঘাত করে এবং উল্টে যায়।\n\nসরকারি এক বিবৃতিতে বলা হয়েছে, নিহত সকলেই ভিয়েতনামের নাগরিক, যাদের মধ্যে দুইজন শিশু। আহত ১২ জনকে স্থানীয় হাসপাতালে ভর্তি করা হয়েছে, যাদের অনেকেই গুরুতর।\n\nরাষ্ট্রীয় গণমাধ্যম জানিয়েছে, নিহতদের মধ্যে পাঁচজন দা নাং ভ্রমণে যাচ্ছিলেন, যারা স্থানীয় পর্যটক ছিলেন।\n\nদুর্ঘটনা থেকে বেঁচে ফেরা এক যাত্রী স্থানীয় ‘দান ত্রি’ সংবাদমাধ্যমকে বলেন, ‘বাসটি উল্টে গিয়েছিল... আমি উঠে বসতেও পারছিলাম না, আমার শরীর আর হাত বিছানার পাশে ঢুকে গিয়েছিল।’\n\nতার মতে, যারা বাসের সামনের দিকের স্লিপার বাংকে ছিলেন, তাদের বেশ কয়েকজন ঘটনাস্থলেই নিহত হয়েছেন বা গুরুতর আঘাত পেয়েছেন। তিনি বলেন, নিহতরা অনেক বেশি আঘাত পেয়েছে।\n\nএই দুর্ঘটনার পর ভিয়েতনামের প্রধানমন্ত্রী ফাম মিন চিন দ্রুত ও নিরপেক্ষ তদন্তের নির্দেশ দিয়েছেন।\n\nভিয়েতনামে প্রায় সময়ই সড়ক দুর্ঘটনায় প্রাণহানি হয়। দেশটির জাতীয় পরিসংখ্যান ব্যুরোর তথ্য অনুযায়ী, চলতি বছরের প্রথম ছয় মাসে দেশটিতে ৫ হাজার ২৪ জন সড়ক দুর্ঘটনায় নিহত, যা ২০২৪ ছিল ৫ হাজার ৩৪৩।', NULL, NULL, NULL, 1, 'news/1SAGgwyAUbk7pmQmF3AoVemr06WboYoyHIyWX23I.jpg', NULL, NULL, 0, 0, 0, 'published', 1, NULL, NULL, '2025-07-26 11:54:53', '2025-07-28 12:07:55'),
(29, '‘ব্যাংকের ৮০% টাকা নিয়ে গেছে, পুনর্গঠনে ৩৫ বিলিয়ন লাগবে’', 'bzangker-80-taka-niye-geche-punrgthne-35-biliyn-lagbe', 'দেশে এখন ভালো কোনো প্রতিষ্ঠান নেই বলে মন্তব্য করেছেন অর্থ উপদেষ্টা সালেহউদ্দিন আহমেদ। তিনি বলেন, ব্যাংক খাতের ৮০ শতাংশ অর্থ নিয়ে গেছে—যা পুনর্গঠনের জন্য ৩৫ বিলিয়ন ডলার লাগবে বলে জানিয়েছে আইএমএফ।\n\nউপদেষ্টার ভাষায়, আইনের ব্যত্যয় তো হয়েছেই, সেই সঙ্গে প্রক্রিয়াগুলোও ধ্বংস করা হয়েছে।\n\nশনিবার (২৬ জুলাই) রাজধানীর সিরডাপ মিলনায়তনে এক বই প্রকাশনা অনুষ্ঠানে তিনি এসব কথা বলেন।\n\nঅর্থনীতিবিদ হোসেন জিল্লুর রহমানের লেখা বই ‘অর্থনীতি, শাসন ও ক্ষমতা: যাপিত জীবনের আলেখ্য’ প্রকাশ উপলক্ষে আয়োজিত এ অনুষ্ঠানে প্রধান অতিথি হিসেবে বক্তব্য দেন সালেহউদ্দিন আহমেদ।\n\nতিনি বলেন, ‘মানুষগুলো তো রয়েই গেছে। মানুষগুলোর কোনো পরিবর্তন হয়নি। অনেকে বলে সব বাদ দিয়ে দাও। কিন্তু সেটা সম্ভব না। এ জন্য মাথায় হাত বুলিয়ে, ধমক দিয়ে কাজ করাতে হচ্ছে।’\n\nসুশাসন প্রতিষ্ঠা কতটা কঠিন তা তুলে ধরে সালেহউদ্দিন বলেন, ‘প্রধানমন্ত্রী, সংসদ সদস্য—তাদের ক্ষমতার ‘চেক অ্যান্ড ব্যালেন্স’ নেই। এখানে সংস্কার না হলে যত সংস্কারই করা হোক, কোনো লাভ হবে না। রাজনৈতিক দলগুলোর মধ্যেও সংস্কার দরকার।’\n\nসরকারের অর্থনৈতিক অবস্থা নিয়ে কথা বলতে গিয়ে তিনি বলেন, ‘গত বছরের আগস্টে যখন এই সরকার দায়িত্ব নেয়, তখন দেখা গেছে এ রকম অবস্থা বিশ্বে কোথাও নেই। অর্থনৈতিক বিপর্যয় হয়েছে। ব্যাংক খাতের ৮০ শতাংশ অর্থ নিয়ে গেছে।’\n\nতিনি আরও বলেন, ‘আইএমএফ বলেছে, বাংলাদেশের ব্যাংক খাতের পুনর্গঠনের জন্য ৩৫ বিলিয়ন ডলার লাগবে। যদিও আইএমএফ প্রাথমিক হিসেবে বলেছিল ১৮ বিলিয়ন ডলার লাগবে।’\n\nঅনুষ্ঠানে সভাপতিত্ব করেন লেখক হোসেন জিল্লুর রহমান। বক্তব্য দেন বিএনপির মহাসচিব মির্জা ফখরুল ইসলাম আলমগীর।\n\nফখরুল বলেন, ‘কোথাও কোনো সুশাসন ও নিয়ন্ত্রণ নেই। পুলিশে কোনো পরিবর্তন হয়নি। একজন ব্যবসায়ীর সঙ্গে কথা হলো, তিনি বললেন, আগে এক লাখ টাকা ঘুষ দিতাম, এখন দিই ৫ লাখ টাকা।’\n\nতিনি বলেন, ‘রাতারাতি সংস্কার করে ফেলা সম্ভব নয়। এজন্য সময় লাগবে। তবে সেজন্য গণতান্ত্রিক চর্চা বাদ দিয়ে বসে থাকা যাবে না। কোনো কিছু চাপিয়ে দেওয়া ঠিক হবে না। এজন্য কোনো রকম বিলম্ব না করে অতি দ্রুত গণতান্ত্রিক প্রক্রিয়ায় যেতে হবে।’\n\nফখরুল আরও বলেন, ‘গণতান্ত্রিক উপায়ে জনগণের প্রতিনিধিকে সংসদে পাঠিয়ে সংস্কার করতে হবে।’', NULL, NULL, NULL, 1, 'news/tTtsXo9qsvkmkl41HdU4xeaTOwqlbgF9e2LLwc7O.jpg', NULL, NULL, 0, 0, 0, 'published', 0, NULL, NULL, '2025-07-26 11:59:02', '2025-07-26 11:59:02');
INSERT INTO `news_posts` (`id`, `news_title`, `slug`, `news_description`, `division_id`, `district_id`, `upazila_id`, `user_id`, `news_thumbnail`, `meta_title`, `meta_description`, `is_premium`, `is_lead`, `is_sub_lead`, `status`, `view_count`, `scheduled_at`, `deleted_at`, `created_at`, `updated_at`) VALUES
(30, 'রাজস্ব বোর্ডের কাস্টমস ও ভ্যাট অনুবিভাগে পর্যালোচনা সভা অনুষ্ঠিত', 'rajsw-border-kastms-oo-vzat-onubivage-przalocna-sva-onushthit', 'জাতীয় রাজস্ব বোর্ডের অভ্যন্তরীণ সম্পদ বিভাগের চেয়ারম্যান মো. আবদুর রহমান খানের সভাপতিত্বে জাতীয় রাজস্ব বোর্ডের সম্মেলন কক্ষে কাস্টমস ও ভ্যাট অনুবিভাগের রাজস্ব আহরণ অগ্রগতি ও পর্যালোচনা সভা অনুষ্ঠিত হয়।\n\nকাস্টমস ও ভ্যাট অনুবিভাগের সকল সদস্য, সকল কমিশনার ও মহাপরিচালকগণ এবং সকল বিভাগীয় কর্মকর্তাগণ উপস্থিত ছিলেন।\n\nসভায় বিদায়ী অর্থবছরের কাস্টমস হাউসসমূহ এবং ভ্যাট কমিশনারেটসমূহের রাজস্ব আহরণচিত্র তুলে ধরা হয়।\n\nঅর্থ বছর শুরুর ৪ মাসে দেশের ব্যবসা বাণিজ্য কার্যক্রম স্বাভাবিক না থাকা এবং শেষের ২ মাসে রাজস্ব আদায় কার্যক্রম স্বাভাবিক না থাকা স্বত্ত্বেও যে সকল ভ্যাট কমিশনারেট এবং কাস্টমস হাউস বিগত বছরের তুলনায় বেশি রাজস্ব আদায় করেছে সে সকল কমিশনারেট এবং কাস্টমস হাউসের কর্মকর্তা কর্মচারীদের জাতীয় রাজস্ব বোর্ডের চেয়ারম্যান মহোদয় ধন্যবাদ জানান।\n\nপরবর্তীতে প্রতিটি ভ্যাট কমিশনারেট, কাস্টমস হাউস, বন্ড কমিশনারেট, নিরীক্ষা ও গোয়েন্দা, শুল্ক মূল্যায়ন কমিশনারেট, কাস্টমস রিস্ক ম্যানেজমেন্ট কমিশনারেট এবং ডিউটি ড্র ব্যাক কমিশনারেটসমূহের বিগত বছরের কার্যক্রম পর্যালোচনা করে ব্যবসা-বান্ধব সেবার উন্নয়ন ও কর ফাঁকি রোধকল্পে প্রয়োজনীয় পদক্ষেপ গ্রহণের জন্য চেয়ারম্যান মহোদয় সুস্পষ্ট নির্দেশনা প্রদান করেন।\n\nতিনি জাতীয় রাজস্ব বোর্ডের সদস্যগণকে মাঠ পর্যায়ের কার্যক্রম আরও কার্যকর উপায়ে তদারক করার নির্দেশনা প্রদান করেন। কাস্টমস হাউজ কর্তৃক দ্রুততম পণ্য খালাসের ওপর চেয়ারম্যান মহোদয় বিশেষ গুরুত্ব আরোপ করেন। যে সকল পণ্য দেরিতে খালাস করা হয় সেগুলো কেন দেরিতে খালাস করা হয়েছে প্রতিটি ক্ষেত্রে তার সুনির্দিষ্ট কারণ উল্লেখ করে এসব ক্ষেত্রে কি পরিমাণ অতিরিক্ত রাজস্ব আদায় হয়েছে তার প্রতিবেদন নিয়মিতভাবে জাতীয় রাজস্ব বোর্ডে পাঠানোর নির্দেশনা প্রদান করা হয়।\n\nএকই ভাবে যেসকল বন্ড লাইসেন্স আবেদন দেরিতে নিষ্পত্তি করা হয়েছে অথবা দীর্ঘদিন যাবৎ নিষ্পত্তির অপেক্ষায় রয়েছে সেগুলোর বিষয়ে জাতীয় রাজস্ব বোর্ডে নিয়মিত প্রতিবেদন পাঠাতে সকলকে নির্দেশনা দেয়া হয় । বন্ড এর নিরীক্ষা কাজ যথাসময়ে সম্পন্ন করা না হলে তার কারণ উল্লেখসহ প্রতিবেদন নিয়মিতভাবে জাতীয় রাজস্ব বোর্ডে প্রেরণের জন্য সভায় নির্দেশনা প্রদান করা হয়।\n\nকাস্টমস হাউস, কাস্টমস গোয়েন্দা, ভ্যাট গোয়েন্দা এবং কেন্দ্রীয় গোয়েন্দা সেল হতে যেসকল আমদানি-রপ্তানি কারকের বিন লক করা হয় তার সুনির্দিষ্ট কারণ এবং এধরনের প্রতিটি বিন লক হতে কি পরিমাণ অতিরিক্ত রাজস্ব আদায় করা হয়েছে তার বিস্তারিত তথ্য জাতীয় রাজস্ব বোর্ডে নিয়মিতভাবে প্রেরণের নির্দেশনা দেওয়া হয় ।\n\nজাতীয় রাজস্ব বোর্ডের চলমান অটোমেশন কার্যক্রম তথা iVAS, বন্ড অটোমেশন, ন্যাশনাল সিঙ্গেল উইন্ডো, AEO, Export Import Hub portal ইত্যাদিকে অধিকতর ব্যবহার উপযোগী করে কাস্টমস ও ভ্যাট আদায় কার্যক্রম সম্পূর্ণ অটোমেট করে ব্যবসা ও করদাতা বান্ধব কর সংস্কৃতি তৈরির ওপর গুরুত্বারোপ আরোপ করেন ।\n\nসভায় সচিব, অভ্যন্তরীণ সম্পদ বিভাগ ও চেয়ারম্যান, জাতীয় রাজস্ব বোর্ড রাজস্ব কমে যাওয়ার ক্ষেত্র ও কারণসমূহ চিহ্নিত করে কাঙ্ক্ষিত প্রবৃদ্ধি অর্জনের লক্ষ্যে যথাযথ কার্যক্রম গ্রহণ করতে নির্দেশনা প্রদান করেন। যেসব কমিশনারেটে রাজস্ব আদায়ে নেগেটিভ প্রবৃদ্ধি হয়েছে সেসব কমিশনারেটের কমিশনারের কাছে কারণ জানতে চান এবং ভবিষ্যতে ভালো করার জন্য দিকনির্দেশনা প্রদান করেন।\n\nট্রেড ফেসিলিটেশনকে যথাযথ গুরুত্ব দিয়ে ১ দিনের মধ্যে পণ্য খালাস করে প্রয়োজনে পোস্ট ক্লিয়ারেন্স অডিট (PCA) সম্পাদনের জন্য চেয়ারম্যান মহোদয় নির্দেশনা প্রদান করেন। প্রতিটি কাস্টমস হাউজকে পোস্ট ক্লিয়ারেন্স অডিটের বিষয়ে জাতীয় রাজস্ব বোর্ডে নিয়মিত প্রতিবেদন পাঠানোর নির্দেশনা ও প্রদান করা হয়।\n\nদ্রততম সময়ের মধ্যে কাস্টমস রিস্ক ম্যানেজমেন্ট কমিশনারেটকে কার্যকর করার বিষয়ে তিনি জোর দেন। রিস্ক ম্যানেজমেন্ট কমিশনারেটে দক্ষ ও অভিজ্ঞ জনবল পদায়নের জন্য সদস্য (কাস্টমস প্রশাসন) কে নির্দেশনা প্রদান করা হয।\n\nASYCUDA World সিস্টেমের বিষয়ে এর ব্যবহারকারীগণ প্রতিনিয়ত নানাবিধ অভিযোগ করে আসছেন বিধায় এ বিষয়ে চেয়ারম্যান মহোদয় গভীর উদ্বেগ প্রকাশ করেন। কাঙ্খিত মানের সেবা প্রদানে সক্ষম না হওয়ায় Asycuda সিস্টেমের ওপর ব্যবসায়ীদের তীব্র আস্থাহীনতা রয়েছে বলে তিনি মনে করেন। তাই উন্নত দেশসমূহের আদলে Asucuda সিস্টেমের বিকল্প একটি সফ্টওয়্যার সিস্টেম চালু করার উদ্যোগ নেয়া হয়েছে মর্মে তিনি সকলকে অবহিত করেন। কাস্টমস ম্যানেজমেন্ট সংক্রান্ত নতুন সিস্টেমটি প্রণয়নের কাজ সম্পন্ন হলে প্রথমে এর পাইলটিং করা হবে। সফল পাইলটিং শেষে নতুন সিস্টেমে কাস্টমস ম্যানেজমেন্ট সংক্রান্ত সকল কার্যক্রম পুরোপুরি স্থানান্তর করা হবে ।\n\nদেশের অর্থনীতিকে এবং ব্যবসাবাণিজ্য সচল রাখার ক্ষেত্রে জাতীয় রাজস্ব বোর্ডের ভূমিকা চেয়ারম্যান মহোদয় সকলকে পুনরায় স্মরণ করিয়ে দেন। সভায় উপস্থিত অন্যান্য উর্ধতন কর্মকর্তাগণ ব্যবসায়ীদের স্বার্থ সংরক্ষণ করে রাজস্ব আদায় বাড়ানোর উপর জোর দেন।', NULL, NULL, NULL, 1, 'news/vxx6cutfBoInLsh4nx5AU6Vce1s7JkAvy0oF24Hi.jpg', NULL, NULL, 0, 0, 0, 'published', 0, NULL, NULL, '2025-07-26 12:00:13', '2025-07-26 12:22:56'),
(31, 'বৈদেশিক মুদ্রার রিজার্ভ বেড়ে ৩০ বিলিয়ন', 'boidesik-mudrar-rijarv-bere-30-biliyn', 'দেশের বৈদেশিক মুদ্রার রিজার্ভ আবারও ৩০ বিলিয়ন ডলারের ঘরে ফিরেছে। বাংলাদেশ ব্যাংকের সর্বশেষ হিসেব অনুযায়ী বৃহস্পতিবার পর্যন্ত বৈদেশিক মুদ্রার রিজার্ভ দাঁড়িয়েছে ৩ হাজার ৪৫ লাখ ডলার বা ৩০ বিলিয়ন ডলার।\n\nবাংলাদেশ ব্যাংকের নির্বাহী পরিচালক ও মুখপাত্র আরিফ হোসেন খান জানান, আন্তর্জাতিক মানদণ্ড ব্যালেন্স অব পেমেন্ট অ্যান্ড ইন্টারন্যাশনাল ইনভেস্টমেন্ট পজিশন ম্যানুয়াল (বিপিএম-৬) অনুযায়ী রিজার্ভের পরিমাণ ২ হাজার ৪৯৮ কোটি ৮২ লাখ ৪০ হাজার ডলার, অর্থাৎ প্রায় ২৫ বিলিয়ন ডলার। আর বাংলাদেশ ব্যাংকে নিজস্ব হিসেব অনুযায়ী দেশের রিজার্ভের পরিমাণ এখন আবারও ৩০ বিলিয়ন ডলারের ঘরে পৌঁছেছে।\n\nএর আগে গত ৩ জুলাই পর্যন্ত দেশে মোট রিজার্ভ ছিল ৩১ দশমিক ৫৭ বিলিয়ন ডলার এবং বিপিএম-৬ অনুযায়ী তা ছিল ২৬ দশমিক ৫১ বিলিয়ন ডলার। ওই সময় ব্যবহারযোগ্য রিজার্ভ ছিল ২০ বিলিয়ন ডলারেরও বেশি।\n\nজুলাই মাসের শুরুতে বাংলাদেশ ব্যাংক এশিয়ান ক্লিয়ারিং ইউনিয়নের (আকু) সদস্যদের কাছে ২ দশমিক ০২ বিলিয়ন ডলার পরিশোধ করেছে।\n\nকেন্দ্রীয় ব্যাংক মনে করছে, রপ্তানি আয় এবং রেমিট্যান্স প্রবাহ ইতিবাচক থাকায় রিজার্ভে স্থিতিশীলতা বজায় রাখা সম্ভব হয়েছে।', NULL, NULL, NULL, 1, 'news/g27PFDZ6U7wgG7kP2arVY0UwmIdJI9vA5AJWasK6.jpg', NULL, NULL, 0, 0, 0, 'published', 0, NULL, NULL, '2025-07-26 12:00:54', '2025-07-26 12:22:21'),
(32, 'যুক্তরাষ্ট্র শুল্ক কমাবে, আশা অর্থ উপদেষ্টার', 'zuktrashtr-sulk-kmabe-asa-orth-updeshtar', 'বাংলাদেশি পণ্যের ওপর যুক্তরাষ্ট্র যে শুল্ক আরোপ করেছে, সেটির হার কিছুটা কমানো হবে বলে আশা করছেন অর্থ উপদেষ্টা ড. সালেহউদ্দিন আহমেদ।\n\nবুধবার সচিবালয়ে সরকারি ক্রয় সংক্রান্ত উপদেষ্টা কমিটির বৈঠক শেষে সাংবাদিকদের কাছে তিনি এ আশাবাদ ব্যক্ত করেন।\n\nসাংবাদিকরা যুক্তরাষ্ট্রের সঙ্গে শুল্ক আলোচনা নিয়ে জানতে চাইলে অর্থ উপদেষ্টা বলেন, আমরা আশা করছি- হয়তো কিছু কমাবে। কারণ, আমাদের ঘাটতি তো খুবই কম। ৬ দশমিক ৫ বিলিয়ন ডলার।\n\nবিশ্বের বিভিন্ন দেশের পাশাপাশি বাংলাদেশি পণ্যেও বাড়তি ৩৫ শতাংশ শুল্ক আরোপ করে রেখেছে ট্রাম্প প্রশাসন, যা আগামী আগস্টের শুরুতেই কার্যকর হওয়ার কথা রয়েছে। তবে এর মধ্যে বাড়তি শুল্ক কমিয়ে আনতে যুক্তরাষ্ট্রের সঙ্গে আলোচনা চালিয়ে যাচ্ছে বাংলাদেশ।\n\nদুই দেশের মধ্যে ইতোমধ্যেই একাধিক বৈঠক হয়েছে। শেষ মুহূর্তের আলোচনায় অংশ নিতে যুক্তরাষ্ট্রে যাচ্ছেন বাণিজ্য উপদেষ্টা।\n\nযুক্তরাষ্ট্রের আরোপিত শুল্ক কার্যকরের আর ৮ দিন বাকি উল্লেখ করে অর্থ উপদেষ্টা বলেন, আগামী ১ আগস্টের আগেই বাণিজ্য উপদেষ্টা সেখানে (যুক্তরাষ্ট্র) যাবেন।\n\nব্যবসায়ীদের পক্ষ থেকে এ বিষয়ে লবিস্ট নিয়োগের দাবি জানানো হচ্ছে- এ বিষয়ে দৃষ্টি আকর্ষণ করলে অর্থ উপদেষ্টা বলেন, এক্ষেত্রে লবিস্ট নিয়োগের প্রসঙ্গ নেই। কারণ, লম্বা সময় নিয়ে কোনো নেগোশিয়েশনের ক্ষেত্রে এ ধরনের লবিস্ট নিয়োগ করা হয়। এখানে যা করতে হবে দ্রুত করতে হবে। ওরা তো ঢুকতেই পারবে না, ওই অফিসের কাছাকাছি। নেগোশিয়েশন তো দূরের কথা।\n\nড. সালেহউদ্দিন বলেন, যুক্তরাষ্ট্রে আমাদের ভালো ইমেজ আছে। সম্প্রতি আমরা যুক্তরাষ্ট্রের শেভরন, এক্সিলারেট এনার্জি, মেটলাইফের কতগুলো বকেয়া পরিশোধ করে দিয়েছি। বাংলাদেশের প্রতি ইতিবাচক মনোভাব পোষণ করে ইউএস চেম্বার আমাকে চিঠি লিখেছে।', NULL, NULL, NULL, 1, 'news/8eLOEfomGDd8QHDVaXYjA6DirZ35yYB6CVxFeRLA.jpg', NULL, NULL, 0, 0, 0, 'published', 0, NULL, NULL, '2025-07-26 12:01:54', '2025-07-26 12:01:54'),
(33, 'আর্থিক খাতে সংস্কারে অনেক বাধা: অর্থ উপদেষ্টা', 'arthik-khate-sngskare-onek-badha-orth-updeshta', '‘আর্থিক খাতের সংস্কারে অনেক বাধা ও জটিলতা আছে। তারপরও সরকার নিজ উদ্যোগে তা বাস্তবায়নে কাজ করছে। অনেকে মনে করছেন, শুধু বিশ্বব্যাংক ও আইএমএফের চাপেই আর্থিক খাত সংস্কার হচ্ছে। বাস্তবে এমনটা না। সরকারের নিজস্ব উদ্যোগেও সংস্কার হচ্ছে। তবে তারা (আইএমএফ) ভালো পদক্ষেপ নিলে আমরা কেন তা নেব না।’ বুধবার হোটেল সোনারগাঁওয়ে অনুষ্ঠিত ‘অডিট অ্যান্ড অ্যাকাউন্টিং সামিট’-এ প্রধান অতিথির বক্তব্যে অর্থ উপদেষ্টা সালেহউদ্দিন আহমেদ এ কথা বলেন। সম্মেলনে প্রবন্ধ উপস্থাপন করেন ফিন্যান্সিয়াল রিপোর্টিং কাউন্সিলের (এফআরসি) চেয়ারম্যান ড. সাজ্জাদ হোসেন ভূঁইয়া।\n\nঅর্থ উপদেষ্টা বলেন, স্বচ্ছতা-জবাবদিহিতা নিশ্চিতে অডিটিং-অ্যাকাউন্টি বড় বিষয়। তবে যারা এসব কাজে জড়িত তাদের স্বচ্ছতা ও সততা সবার আগে। অনেক প্রতিষ্ঠান কাগজপত্র জমা দেয়, যার বেশিরভাগই মানসম্পন্ন না।\n\nতিনি বলেন, জাতীয় রাজস্ব বোর্ডের (এনবিআর) অডিট কার্যক্রম জোরদার করা প্রয়োজন। এনবিআরের ক্ষেত্রে অডিট করা খুবই জরুরি। এনবিআরের মতে, প্রতি ১০০ জনের ৭০ জনই জিরো (শূন্য) ট্যাক্স দেন, এটা অবিশ্বাস্য। এ ৭০ জনের হিসাব দেখা উচিত। যারা অডিট করেন, তাদের আগে নিজেদের স্বচ্ছ হতে হবে। শুধু হিসাবের যোগ-বিয়োগ নয়, চোখ-কান খোলা রেখে অন্তর্দৃষ্টি দিয়ে ঝুঁকির জায়গাগুলো খুঁজে বের করতে হবে।\n\nদেশের অধিকাংশ ব্যাংকের অডিট রিপোর্টে গরমিল পাওয়া যাচ্ছে, এমন মন্তব্য করে সামিটে ব্যাংকের গভর্নর আহসান এইচ মনসুর বলেন, দেশের অধিকাংশ ব্যাংকের অডিট রিপোর্টে ভুল তথ্য পাওয়া যাচ্ছে। একটি ব্যাংক দাবি করেছে, তাদের খেলাপি ঋণের হার ৪ শতাংশ, কিন্তু আমাদের অডিটে দেখা গেছে সেটি ৯৬ শতাংশ। দেশি-বিদেশি বিনিয়োগকারীদের আস্থা অর্জন করতে হলে অডিট রিপোর্টে স্বচ্ছতা ও সঠিক তথ্য থাকা জরুরি। এ লক্ষ্যে বাংলাদেশ ব্যাংক যৌথভাবে কাজ করবে।\n\nঅডিটরদের সৎ থাকার পরামর্শ দিয়ে দুর্নীতি দমন কমিশনের (দুদক) চেয়ারম্যান মোহাম্মদ আবদুল মোমেন বলেন, বর্তমানে যদি অডিট রিপোর্ট দেখে বিচার করি, তাহলে একজন সৎ অডিটর খুঁজে পাওয়া কঠিন হবে। আইএফআইসি ব্যাংকে বড় ধরনের অনিয়ম হয়েছে। সালমান এফ রহমান এক অডিটরের সহায়তায় একটি কাগুজে কোম্পানির ভুয়া তথ্য দেখিয়ে অর্থ আত্মসাৎ করেছেন।\n\nতিনি বলেন, গত সরকারের আমলে ব্যাংক খাতে একের পর এক আর্থিক অনিয়ম ঘটেছে। বাংলাদেশ ব্যাংক এসব অনিয়ম আড়াল করতে সহযোগী কয়েকটি শীর্ষস্থানীয় অডিট ফার্মকে চিহ্নিত করেছে। এটি প্রশংসনীয় হলেও তাদের বিরুদ্ধে এখনো দৃশ্যমান কোনো ব্যবস্থা নেওয়া হয়নি।', NULL, NULL, NULL, 1, 'news/7cPZF9YGnbXGYM2XmtUs6T2UTNnl7EJlhbEZbiLf.jpg', NULL, NULL, 0, 0, 0, 'published', 0, NULL, NULL, '2025-07-26 12:03:02', '2025-07-26 12:03:02'),
(34, 'হাসিনা নয়, ভারতের এখন প্রয়োজন বাংলাদেশ', 'hasina-ny-varter-ekhn-pryojn-banglades', 'বাংলাদেশের পতিত সরকার বিশেষ করে শেখ হাসিনার ব্যাপারে ভারত ভিন্ন কৌশল নিচ্ছে বলেই মনে করা হচ্ছে। সাবেক এই প্রধানমন্ত্রীকে ঢাকায় ফেরত পাঠানোর ব্যাপারে বাংলাদেশের অব্যাহত চাপের মুখে তারা নীরব। তবে, শেখ হাসিনার সঙ্গে পলাতক আওয়ামী লীগ নেতাদের দেখা-সাক্ষাৎ করতে দিচ্ছে না। এমনকি হাসিনার রাজনৈতিক ভবিষ্যৎ নিয়ে আয়োজিত সংবাদ সম্মেলনও করতে দেয়নি। যদিও এ নিয়ে ভারতের নীতি-নির্ধারকদের মধ্যে ভিন্নমত স্পষ্ট।\n\nপ্রফেসর ইউনূসের সরকার সম্পর্কে মোদি সরকারের ধারণা মোটেই ভালো নয়। হাসিনার পতনের পর ইউনূস সরকারকে স্বীকৃতি দিতে নরেন্দ্র মোদি খুব একটা দেরি করেননি। মোদি সরকারের ধারণা বাংলাদেশ তার গতিপথ হারিয়েছে। কেউ কেউ এমনও বলছেন, দেশটি পাকিস্তানের পথ ধরেছে। ইউনূস সরকারের ভেতরে এ নিয়ে ব্যাপক প্রতিক্রিয়াও লক্ষ্য করা যায়। মাইলস্টোন স্কুল ট্র্যাজেডির পর ভারত একদল চিকিৎসক পাঠিয়ে মানবিকতা দেখিয়েছে। কিন্তু বাংলাদেশের অগ্রযাত্রা রুখতে নানাবিধ কঠোর সিদ্ধান্ত নিচ্ছে। ব্যবসা-বাণিজ্য গুটিয়ে নিয়েছে। ভিসা বন্ধ করেছে। সীমান্তে মানুষ হত্যা অব্যাহত রয়েছে। পুশ-ইন এখন নিত্যদিনের ঘটনা। দু’দেশের মধ্যকার সম্পর্ক এখন হিমশীতল। বাংলাদেশ একজন ঝানু কূটনীতিককে হাইকমিশনার হিসেবে দিল্লিতে পাঠিয়েছে। তিনি দৌড়ঝাঁপ শুরু করেছেন। কিন্তু বরফ গলছে না। ওয়াকিবহাল কূটনীতিকরা বলছেন, রাজনৈতিক সিদ্ধান্ত ছাড়া সম্পর্ক উন্নয়নের কোনো সুযোগ নেই। বাংলাদেশের আসন্ন নির্বাচনের গতি-প্রকৃতির উপরেও অনেকখানি নির্ভর করে। ভারত আগাগোড়াই সবার অংশগ্রহণে নির্বাচন চাচ্ছে। অবশ্য তা এই সরকারের আমলে। বিগত পনের বছর ভারত নির্বাচন সম্পর্কে একতরফা নীতি গ্রহণ করেছিল।\n\nনির্বাচন নিয়ে যুক্তরাষ্ট্রের সঙ্গে প্রচণ্ড দেন-দরবারও করে দেশটি। ২০২৩ সনে দিল্লিতে অনুষ্ঠিত ভারত-আমেরিকা বৈঠকটি সিদ্ধান্ত ছাড়াই শেষ হয়। ভারত চাইছিল ওয়াশিংটন যাতে এ নিয়ে নাক না গলায়। পরিণতিতে ওয়াশিংটন অনেকটাই চুপ থাকে। মুখপাত্রের কিছু প্রতিক্রিয়া বাদে ওয়াশিংটন তেমন উচ্চবাচ্য করেনি।\n\nহাসিনার পতনের পর ভারতীয় নীতি-নির্ধারকরা বলছেন, বাংলাদেশের নির্বাচনে হস্তক্ষেপ করাটা ছিল ভুল সিদ্ধান্ত। আর এ কারণেই বাংলাদেশ তাদের হাতছাড়া হয়েছে। শুধু তাই নয়, বাংলাদেশের মানুষ হয়েছে ভারতবিরোধী। এই মুহূর্তে বাংলাদেশের কোনো একটি রাজনৈতিক দল বা শক্তি নেই যারা কিনা ভারতের পক্ষ নিয়ে কথা বলছে! এসব কারণেই হয়তো ভারত তার বাংলাদেশনীতি পরিবর্তন করতে যাচ্ছে। শেখ হাসিনাকে সোশ্যাল মিডিয়ায় কথা বলতে দিচ্ছে। কিন্তু সরাসরি কথা বলতে দিচ্ছে না। আওয়ামী লীগ নেতাদের সাক্ষাৎও হচ্ছে না দলীয় নেত্রীর সঙ্গে। সাবেক পররাষ্ট্রমন্ত্রী ড. হাছান মাহমুদ লন্ডন থেকে ভারতে এসেছিলেন। উদ্দেশ্য ছিল হাসিনার সাক্ষাৎ। তিন সপ্তাহ অপেক্ষা করে ফিরে গেছেন। সাক্ষাৎ হয়নি হাসিনার সঙ্গে।\n\nওবায়দুল কাদের তো চেষ্টা করতে করতে ক্লান্ত। জাহাঙ্গীর কবির নানকের সঙ্গে একবার যোগাযোগ হয়েছিল, তবে সেটা বেশিদূর এগোয়নি। হাসিনার পতনের জন্য গোয়েন্দা ব্যর্থতাকে দায়ী করেছেন হাছান মাহমুদ। ঢাকার গোয়েন্দারা বলছেন, তিনি তো আমাদের কথা বিশ্বাস করতেন না। তিনি ভারতীয় গোয়েন্দাদের উপর শতভাগ নির্ভরশীল ছিলেন।\n\nযাইহোক, বাংলাদেশের ঘটনাবলীর উপর নজর রাখছে ভারত। নির্বাচন সামনে রেখে রাজনৈতিক মেরূকরণে তারা কিছুটা হতাশ। চরম দক্ষিণপন্থীদের উত্থানে তাদের হিসাব-নিকেশ পাল্টে গেছে। অনেকেই বলছেন, এক ঝুড়িতে আম রাখার পরণতি হচ্ছে এটা। আওয়ামী লীগের বিকল্প তারা একবারও চিন্তা করেনি। যে কারণে হাসিনার পতনের সঙ্গে সঙ্গে  ভারতকেও চলে যেতে হয়েছে।\n\nবিকল্প মাথায় রেখে ভারত এখন ঘুঁটি সাজাচ্ছে। হাসিনা নয়, তাদের এখন প্রয়োজন বাংলাদেশ। আর এটা হাসিল করার জন্য কৌশল বদল করছে । বিকল্প শক্তির সঙ্গে নিবিড় যোগাযোগ রাখছে। নাটকীয় কোনো পরিবর্তন হলেও হতে পারে। তবে এটা ঠিক, সামনের মাসগুলো বাংলাদেশের রাজনীতির জন্য ‘সংকটময়’ হবে এতে কোনো সন্দেহ নেই।', NULL, NULL, NULL, 1, 'news/Mmco2slEsPm5cSAoFcSpxafaRhdSEekdc5jWmukK.jpg', NULL, NULL, 0, 1, 0, 'published', 0, NULL, NULL, '2025-07-26 12:20:36', '2025-07-26 12:21:31'),
(35, 'ভেরিফায়েড নকল শাবনূর, বিপাকে আসল শাবনূর', 'verifayed-nkl-sabnuur-bipake-asl-sabnuur', 'এক সময়ের তুমুল জনপ্রিয় নায়িকা শাবনূর দীর্ঘদিন ধরেই পরিবার নিয়ে সুদূর অস্ট্রেলিয়ায় বসবাস করছেন। মাঝে মাঝে দেশে আসলেও অভিনয় থেকে অনেকটাই দূরে আছেন তিনি।\n\nশুক্রবার সকালে শাবনূরের সবশেষ খোঁজ পাওয়া যায় ফেসবুক পাতায়। তবে এখানেই বিপত্তি! একটি প্রতারক চক্র চিত্রনায়িকা শাবনূরের নামে ফেসবুক পেজ ভেরিফায়েড করিয়েছে।\n\nশুভাকাঙ্ক্ষী, পরিচিতজন শাবনূরকে সেই ফেসবুক পেজ সম্পর্কে অবহিত করলে ঢালিউড তারকা নিশ্চিত করেন ফেরিফায়েড শাবনূর আসল নয়।\n\nবিষয়টি নিয়ে উদ্বিগ্ন শাবনূর। তিনি বলেন, ‘আমি ফেসবুক ব্যবহার করতাম না। তখন আমার নামে অনেক ফেসবুক আইডি বানিয়েছিল, তা নিয়ে কিছু বলিনি। পরে আমি নিজে ফেসবুক ব্যবহারের পর সবাই জানতে পেরেছেন, কে আসল কে নকল। এরপর অনেকে আমাকে বলেছিল, আমি যেন ফেসবুক পেজ বা আইডি ভেরিফায়েড করে রাখি, তাহলে সবাই নিশ্চিত হতে পারবেন কে আসল শাবনূর, কে নকল। কারণ, ফেসবুকে আমার নামে শত শত আইডি ও পেজ। এতে প্রতারক চক্ররা খুব একটা সুবিধা করতে পারবে না। কিন্তু আমি নিজে ফেসবুক পেজ বা আইডি ভেরিফায়েড করার বিষয়টা নিয়ে খুব একটা গুরুত্ব দেইনি।’\n\nএই ঢালিউড তারকা আরও বলেন, ‘এখন মনে হচ্ছে, ভেরিফায়েড করে নিলেই ভালো হতো। যারা আমার নামে পেজ ভেরিফায়েড করেছে, তাদের উদ্দেশ্য মোটেও সৎ নয়। এই প্রতারক চক্র আমার নাম ব্যবহার করে নানা ধরনের অপরাধ ও অপকর্ম করতে পারে। হয়তো এরই মধ্যে করেছেও যা আমরা কেউ জানি না। এমনকি যারা এ কাজটি করেছে, তাদের কাছে হয়তো বা আমার পাসপোর্ট কিংবা জাতীয় পরিচয়পত্রের তথ্য আছে। নইলে তো ভেরিফায়েড করতে পারত না। সবাই আমাকে জানানোর পর, বিষয়টি নিয়ে আমি চিন্তিত।’\n\nতিনি আরও বলেন, তিনি এরই মধ্যে আইনি পদক্ষেপের প্রস্তুতি নেওয়ার সিদ্ধান্ত গ্রহণ করছেন। থানায় সাধারণ ডায়েরি (জিডি) শেষে তিনি এটি পুলিশের সাইবার নিরাপত্তা বিভাগকেও জানাবেন।\n\nএই নায়িকা বলেন, ‘আমি নিশ্চিত হয়েছি, বাংলাদেশ থেকে কেউ এ পেজ চালায়। এর পেছনে একাধিক মানুষ জড়িত আছে।’\n\nআইনশৃঙ্খলা রক্ষাকারী বাহিনীর প্রতি শাবনূর অনুরোধ জানিয়ে বলেন, ‘এ ধরনের প্রতারক চক্রের পরিচয় যেন তারা সামনে আনেন।’', NULL, NULL, NULL, 1, 'news/lmpYiappMU0Ok1Xm5KnRnj5DmzJ0sslPEMN5ZYXq.jpg', NULL, NULL, 0, 0, 0, 'published', 0, NULL, NULL, '2025-07-26 12:31:52', '2025-07-26 12:31:52'),
(36, 'আমি মরে গেলে দয়া করে কেউ আফসোস করবেন না, অভিনেত্রীর ক্ষোভ', 'ami-mre-gele-dza-kre-keu-afsos-krben-na-ovinetreer-kshov', 'কয়েক মাস আগেও অভিনয়ে ব্যস্ত ছিলেন ছোট ও বড় পর্দার অভিনেত্রী মৌ শিখা। মাসের প্রায় ২০ দিন কাজ করতেন; কিন্তু গত কয়েক মাসে সেই চিত্র পালটে গেছে। আড়াই মাস ধরে এই অভিনয়শিল্পীর কাজ একেবারে কমে গেছে। তা নিয়ে নিজের ফেসবুকে পোস্ট ক্ষোভ প্রকাশ করেছেন মৌ শিখা। সেখানে তিনি লিখেছেন, ‘নিজেকে অভিনেত্রী ভাবতে লজ্জা করছে।’\n\nমৌ শিখা লিখেছেন, ‘অনেক বছর থেকে অভিনয় করে আসছি। এত দিন নিজেকে অভিনেত্রী হিসেবেই জানতাম; কিন্তু আড়াই মাস ধরে নিজেকে অভিনেত্রী ভাবতে লজ্জা হচ্ছে। আগে যেখানে মাসে ১৫ থেকে ২০ দিন কাজ করতাম, সেখানে আড়াই মাস যাবৎ মাসে চার থেকে পাঁচ দিন কাজ করছি। তাহলে কীভাবে মনে হবে আমি অভিনয়শিল্পী? অভিনয় করেই আমার সংসার চলে।’\n\nতিনি লেখেন, ‘আমি জানি বেঁচে থাকতে আমার মূল্যায়ন করা না হলেও আমার মৃত্যুর পর কিছু মানুষ হলেও আমাকে মনে রাখবে। হয়তো বলবে, আহারে নারী তো কত ভালো ছিল, কত সহজ–সরল ছিল, কারও সাতপাঁচে ছিল না; কারও সামনে–পেছনে ছিল না। আহা রে নারীর আত্মা শান্তি পাক; কিন্তু তাতে কি লাভ হবে আমার, বেঁচে থাকতে তো দরকার আমার কাজের, বেঁচে থাকতেই দেখে যেতে চাই আমার মূল্যায়ন হচ্ছে; কিন্তু সেটা কি আদৌ দেখে যেতে পারব। আমি জানি না; তবে আমার অনুরোধ, আমি মরে গেলে দয়া করে কেউ আফসোস করবেন না। আমাকে মনে করারও কোনো দরকার নেই।’\n\nদীর্ঘ ২৫ বছরে একই পারিশ্রমিকে এবং সমানতালে কাজ করছেন; কিন্তু হঠাৎ কাজ কমে যাওয়ায় উদ্বিগ্ন উল্লেখ করে মৌ শিখা লিখেছেন, ‘হঠাৎ কেন কাজ কমে গেল! কেন আমাকে পরিচালকেরা ডাকছেন না, মনে করছেন না কেন। তাদের গল্পের চরিত্রের সঙ্গে আমি নিজেকে খাপ খাওয়াতে পারব। আমি তো আমার সম্মানী বাড়াইনি।’\n\n২৫ বছর যাবৎ বিনোদন অঙ্গনে কাজ করছেন, সম্মানী সেই পাঁচ হাজার টাকা উল্লেখ করে মৌ শিখা লিখেছেন, ‘এখনো আমার রেমুনারেশন মাত্র পাঁচ হাজার টাকা। এটাও কি খুব বেশি? যাহোক যত দিন বাঁচি কাজ করে যেতে চাই। আপনারা ব্যাপারটা দেখবেন। আমার সহকর্মী যারা আছেন, তারা আমার ব্যাপারটা দেখে একটু সাহায্য করবেন। এক শিল্পীর জন্য হঠাৎ করে কাজ কমে যাওয়া কম কিছু না। আপনারা পাশে থেকে আমাকে সাহায্য করবেন।’', NULL, NULL, NULL, 1, 'news/b3hLlM1Gm7Xoj0YLvYRWoFdQACXErVDNzJezekyq.jpg', NULL, NULL, 0, 0, 0, 'published', 0, NULL, NULL, '2025-07-26 12:36:22', '2025-07-26 12:36:22'),
(37, 'মাইলস্টোন দুর্ঘটনায় বুবলী, ইমরান, আরশ ও বাঁধনের মানবিক সিদ্ধান্ত', 'mailston-durghtnay-bublee-imran-ars-oo-banndhner-manbik-siddhant', 'মাইলস্টোন ট্র্যাজেডিতে এখনো শোকে বিহ্বল দেশের মানুষ। সর্বত্রই চলছে আলোচনা। কেন হলো, কীভাবে ঘটল এত বড় দুর্ঘটনা। এর জন্য দায়ী কে? এ নিয়ে চলছে চুলচেরা বিশ্লেষণ। থেমে নেই বিনোদন জগতও। এ জগতের বাসিন্দারাও কেউ করছেন রাষ্ট্রের সমালোচনা, কেউ দুষছেন পাইলটকে, কেউবা স্কুল কর্তৃপক্ষকে।\n\nতবে এসবের মধ্যে কেউ কেউ নিজেদের মুক্তি প্রতীক্ষিত কাজ পিছিয়ে দিয়ে জানিয়েছেন মৃত ও আহত শিশু এবং তাদের পরিবারের প্রতি সম্মান। ঢাকাই সিনেমার নায়িকা শবনম বুবলী প্রথমবার তিনি একটি মিউজিক ভিডিওতে মডেল হয়েছেন। গানের শিরোনাম ‘ময়না’। এতে বুবলীর সঙ্গে জুটি বেঁধেছেন নাটকের অভিনেতা ও নির্মাতা শরাফ আহমেদ জীবন। ভিডিওটি পরিচালনা করেছেন তানিম রহমান অংশু। গানটিতে কণ্ঠ দিয়েছেন কোনাল ও নিলয়। এটি ২৪ জুলাই গানচিল মিউজিকের ইউটিউব চ্যানেলে প্রকাশ হওয়ার কথা ছিল। কিন্তু বিমান বিধ্বস্তের ঘটনায় মুক্তি পেছানো হয়েছে। প্রযোজনা প্রতিষ্ঠান থেকে বলা হয়েছে, গানটি মুক্তির নতুন তারিখ পরে জানিয়ে দেওয়া হবে।\n\nএদিকে এটিই বুবলীর ক্যারিয়ারে প্রথম মিউজিক ভিডিওর কাজ। স্বভাবতই এটি নিয়ে বেশ উচ্ছ্বসিত ছিলেন অভিনেত্রী। তবে প্রকাশ পিছিয়ে যাওয়াতে একটুও মন খারাপ হয়নি তার।\n\nএ প্রসঙ্গে বুবলী বলেন, ‘মিউজিক ভিডিওটির মুক্তির জন্য শুরু থেকেই অপেক্ষা করছিলাম। কিন্তু এখন এমন পরিস্থিতিতে আমরা রয়েছি, এ মুহূর্তটি আসলে গান দেখা বা শোনার সময় নয়। প্রযোজনা প্রতিষ্ঠানের এমন সিদ্ধান্তে আমিও তাদের ধন্যবাদ জানাই। দিন শেষে আমরা তো মানুষের জন্যই কাজ করি।’\n\nএকই সঙ্গে তিনি মাইলস্টোন ট্র্যাজেডিতে যারা মারা গেছেন এবং আহত হয়েছে সেসব শোকসন্তপ্ত পরিবারের প্রতি সমবেদনা জানিয়েছেন।\n\nএদিকে এমন ঘটনার পর থেকেই মর্মাহত সংগীতশিল্পী ইমরান মাহমুদুল। তিনি সিদ্ধান্ত নিয়েছেন পুরো জুলাই মাসেই আর কোনো গান প্রকাশ করবেন না। ইমরান বলেন, ‘আমার নতুন একটি গান প্রকাশের কথা ছিল। শিরোনাম ‘পারবো না তোমাকে ছাড়তে’। এটি চলতি মাসে আর প্রকাশ করব না। শুধু এটি নয়, এ মাসে কোনো গানই আর আমি দেব না। আগস্টে নতুন গান আসবে। সময়টা ভালো যাচ্ছে না। মানসিকভাবেও খুব ভেঙে পড়ছি। আকাশ দিয়ে বিমানের শব্দ শুনলেই ভয় লাগছে।’\n\nএদিকে ২৪ জুলাই ওটিটি প্ল্যাটফর্মে মুক্তির কথা ছিল ‘এশা মার্ডার : কর্মফল’ নামে একটি সিনেমার। আজমেরী হক বাঁধন অভিনীত এ সিনেমাটি গত কুরবানি ঈদেই দেশের প্রেক্ষাগৃহে মুক্তি পেয়েছিল। ওটিটিতে মুক্তি নিয়ে এর আগে বাঁধন বলেন, ‘সিনেমাটি সাধারণ দর্শকের কাছে পৌঁছানো দরকার। এমন নারী প্রধান গল্পের সিনেমা বেশি বেশি নির্মাণ করাও প্রয়োজন।’\n\nওটিটির মুক্তি নিয়ে তিনি বেশ আশাবাদীও ছিলেন। কিন্তু এক সপ্তাহের বেশি সময় ধরে প্রচার করে এলেও, মুক্তির একদিন আগে ওটিটি প্ল্যাটফর্মটি জানায়, সিনেমাটির প্রকাশ স্থগিত করা হয়েছে। নতুন তারিখ যথাসময়ে জানিয়ে দেওয়া হবে। সিনেমাটি বানিয়েছেন সানী সানোয়ার।\n\nগল্পে দেখা যায়, একই জেলায় খুন-ধর্ষণের শিকার হয় তিন মেয়ে। তদন্তে নামে পুলিশ কর্মকর্তা লিনা। এই চরিত্রে অভিনয় করেছেন আজমেরী হক বাঁধন। আরও রয়েছেন ফারুক আহমেদ, মিশা সওদাগর, শরীফ সিরাজ, পূজা ক্রুজ প্রমুখ।\n\nএদিকে দেশের এমন মর্মান্তিক ঘটনায় গণমানুষের আবেগকে গুরুত্ব দিয়ে পরিচালক-প্রযোজকদের প্রতি নিজের অভিনীত নাটক মুক্তি না দেওয়ার অনুরোধ করেছেন অভিনেতা আরশ খান। বিমান বিধ্বস্তের ঘটনার দিনই সামাজিক মাধ্যমে অভিনেতা লেখেন, ‘সাধারণ জনগণের মানসিক অবস্থা এ মুহূর্তে ঠিক নেই। চোখ বন্ধ করলে বাচ্চাগুলোর আর্তনাদ ভাসে। এমন অবস্থায় আগামী চলতি মাসের বাকি যে কয়দিন আছে, এসময়ে আমার সব নাটক রিলিজ থেকে বিরত রাখার জন্য অনুরোধ করছি।’\n\nআরশ খান বলেন, ‘আমি সবসময় মানুষের কথা বলি। এজন্য আমাকে সবাই বিরোধীদল ভাবে। কিন্তু যে ঘটনাটি ঘটেছে এটি খুবই হৃদয়বিদারক। এমন ঘটনার পর মানুষ আসলে নাটক দেখার মতো পরিস্থিতিতে নেই। একজন মানুষ হিসাবে মনে হয়েছে এ মুহূর্তে নাটক-সিনেমা নয়, দোয়া করাটা বেশি প্রয়োজন।’\n\nএমন ঘটনায় আরও একাধিক প্রজেক্টের মুক্তি পেছানো হয়েছে। ২৪ জুলাই মুক্তির কথা ছিল ‘অনুতপ্ত’ নামে একটি নাটকের। দেশের সার্বিক অবস্থা বিবেচনা করে তা স্থগিত করা হয়েছে। প্রযোজনা প্রতিষ্ঠানটি জানায়, ‘নাটকটি ২৪ জুলাইয়ের পরিবর্তে ২৭ জুলাই মুক্তি পাবে। আমরা সবাই নিহতদের আত্মার মাগফেরাত এবং আহতদের দ্রুত সুস্থতা কামনা করছি।’\n\nকে এম সোহাগ রানার পরিচালিত নাটকটিতে জুটি বেঁধে অভিনয় করেছেন পার্থ শেখ ও মালাইকা চৌধুরী। এছাড়া একই সময় ‘দেনা পাওনা’ নামে একটি ধারাবাহিক নাটকের নতুন পর্বের প্রচারও স্থগিত করা হয়েছে। প্রযোজনা প্রতিষ্ঠান থেকে জানানো হয়েছে, দেশের সার্বিক পরিস্থিতি বিবেচনায় দেনা পাওনা সিরিজের ৫৯তম ও ৬০তম পর্ব এ সপ্তাহে সম্প্রচার বন্ধ থাকবে। পরবর্তী সপ্তাহ অর্থাৎ ২৯ জুলাই থেকে যথারীতি সম্প্রচার চলবে।’\n\nপারিবারিক গল্পের ধারাবাহিকটি পরিচালনা করছেন কে এম সোহাগ রানা। অভিনয় করছেন শহীদুজ্জামান সেলিম, মনিরা মিঠু, এজাজুল ইসলাম, শিল্পী সরকার অপু, সুষমা সরকারসহ অনেকে।', NULL, NULL, NULL, 1, 'news/LRBykhz810WN1uy6OBF0RjqTj6FKl2uqfLg6Vx97.jpg', NULL, NULL, 0, 0, 0, 'published', 0, NULL, NULL, '2025-07-26 12:59:10', '2025-07-26 12:59:10'),
(38, 'পরিকল্পনা করেই আমি সিনেমার অঙ্গনে পা রেখেছি: সাবিলা নূর', 'priklpna-krei-ami-sinemar-ongone-pa-rekhechi-sabila-nuur', 'নাটকের অভিনেত্রী সাবিলা নূর। গত কুরবানি ঈদে তার সিনেমায় অভিষেক হয়। প্রথম সিনেমা ‘তাণ্ডব’ দিয়ে নায়িকা হিসাবে খুব একটা আলোচনায় আসতে পারেননি। প্রথম সিনেমা ছিল তার কাছে অগ্নিপরীক্ষার মতো। তবে সে পরীক্ষায় পুরো নম্বর নিয়ে পাশ করেছেন এটি বলা না গেলেও, কিছুটা উতরে গেছেন।\n\nকারণ, এতে সাবিলা কাজ করেছেন শাকিব খানের বিপরীতে। তাই সিনেমাটি আলোচনায় ছিল। সেক্ষেত্রে ফ্লপ তকমা পাওয়া থেকে বাঁচলেন এ নায়িকা। ঈদে মুক্তিপ্রাপ্ত এ সিনেমার প্রচার-প্রচারণায়ও তিনি ছিলেন বেশ ব্যস্ত।\n\nতবে সিনেমা মুক্তির প্রায় দুই মাস পার হয়ে গেলেও তার নতুন কোনো কাজের খবর আর পাওয়া যায়নি। তাছাড়া এ নায়িকা বর্তমানে যুক্তরাষ্ট্রে অবকাশযাপনে রয়েছেন।\n\nএদিকে এর আগেও নাটকের একাধিক অভিনেত্রীকে দুই-একটি বাণিজ্যিক সিনেমায় অভিনয় করতে দেখা গেলেও, তাদের কাউকেই নিয়মিত পাওয়া যায়নি। সে হিসাবে ১৭ জুলাই ২০২৫ তারিখে যুগান্তরে সাবিলাসহ নাটকের আরও তিন নায়িকাকে নিয়ে একটি সংবাদ প্রকাশ করা হয়। যার শিরোনাম ছিল ‘সিনেমায় তাদের ভবিষ্যৎ কী?’ এ বিষয়ে এবার জবাব দিয়েছেন সাবিলা।\n\nতিনি জানান, পরিকল্পনা করেই তিনি সিনেমার অঙ্গনে পা রেখেছেন। সিনেমায় তিনি বেড়াতে আসেননি। বছরে কমপক্ষে দুটি সিনেমায় কাজ করার ইচ্ছা তার। সাবিলা বলেন, ‘নিজের পারফরম্যান্স দেখানোর জন্য একজন শিল্পীর কাছে সবচেয়ে বড় প্ল্যাটফর্ম সিনেমা। কারণ নাটকে সময়ের একটা বিষয় থাকে। দুই থেকে তিন দিন কিংবা বড় বাজেটের নাটক হলে সর্বোচ্চ ছয়-সাত দিনে নাটকের শুটিং শেষ করতে হয়। কিন্তু সিনেমায় চরিত্র অনুযায়ী নিজেকে প্রস্তুত করতে লম্বা সময় পাওয়া যায়। শুটিংও হয় সময় নিয়ে। তাই অভিনেত্রী হিসাবে আমার কাছে সিনেমা খুব ভালো প্ল্যাটফর্ম। আমি চাই এখানে নিয়মিত হতে।’\n\nতিনি আরও বলেন, ‘গত কয়েক বছর দর্শক প্রতি উৎসবেই আগ্রহ নিয়ে সিনেমা দেখছে। এ বিষয়টি আমাকে সিনেমার প্রতি আরও উৎসাহিত করেছে। আমার মনে হয়, সিনেমার খুব ভালো একটা সময় এসেছে। ভবিষ্যতে আরও ভালো সময় আসবে। ভিন্ন ধরনের গল্পের সিনেমা তৈরি হবে। সিনেমা ইন্ডাস্ট্রি নিয়ে আমি খুব আশাবাদী।’', NULL, NULL, NULL, 1, 'news/9T5SYzwUgagtfV17qOQ2duhIbtEYn6Sxel4gZ9Pz.jpg', NULL, NULL, 0, 0, 0, 'published', 0, NULL, NULL, '2025-07-26 12:59:55', '2025-07-26 13:36:44'),
(39, 'সেই গরু বিক্রেতাকে ওমরাহ করতে পাঠালেন অপু বিশ্বাস', 'sei-gru-bikretake-oomrah-krte-pathalen-opu-biswas', 'রাজধানীর উত্তরার দিয়াবাড়ি হাটে গরু বিক্রি করতে এসে প্রতারণার শিকার হন নাটোরের সিংড়া উপজেলার বাসিন্দা রইস উদ্দিন। পশুর হাটে জাল টাকার নোটের বান্ডেল হাতে অঝোরে কান্নার ভিডিওটি মুহূর্তেই সামাজিক যোগাযোগমাধ্যমে ভাইরাল হয়। সেই ব্যক্তিকে ওমরাহ পালনে সহায়তা করেছেন ঢাকাই চিত্রনায়িকা অপু বিশ্বাস।\n\nশুক্রবার (২৫ জুলাই) ভোর ৬টায় হযরত শাহজালাল আন্তর্জাতিক বিমানবন্দর থেকে পবিত্র ওমরাহর উদ্দেশে তিনি রওনা দেন।\n\nসামাজিক মাধ্যমে দেওয়া এক পোস্টে বিষয়টি নিশ্চিত করেছে শামসুল হক ফাউন্ডেশন। উল্লেখ করা হয়, এই মানবিক উদ্যোগে সাড়া দিতে আমাদের সঙ্গে স্বতঃস্ফূর্তভাবে যোগাযোগ করেন জনপ্রিয় অভিনেত্রী অপু বিশ্বাস। তিনি আমাদের পরামর্শে রইস উদ্দিনের ওমরাহ পালনের সম্পূর্ণ ব্যয়ভার গ্রহণ করবেন বলে জানান। ফাউন্ডেশনের উদ্যোগে ও অভিনেত্রী অপু বিশ্বাসের আর্থিক সহযোগিতায় ২৫ জুলাই ভোর ৬ টায় হযরত শাহজালাল আন্তর্জাতিক বিমানবন্দর হতে পবিত্র ওমরাহর উদ্দেশ্যে রওনা দেন রইস উদ্দিন।\n\nউল্লেখ্য, এর আগে গত ঈদুল আজহার আগে নাটোরের সিংড়া উপজেলার পাকুরিয়া গ্রামের বৃদ্ধ রইস উদ্দিন উত্তরার দিয়াবাড়ী হাটে নিজের লালন-পালিত গরু বিক্রি করতে এসে নির্মম প্রতারণার শিকার হন। একজন ক্রেতা তাকে দেন এক লাখ ২৩ হাজার টাকা, যার মধ্যে এক লাখ ২১ হাজার টাকাই ছিল জাল নোট। প্রতারণার ভয়াবহতায় তিনি বাকরুদ্ধ হয়ে পড়েন।\n\nএতে হতাশায় কেঁদে উঠেছিলেন তিনি, আর সেই বোবা কান্না নাড়া দিয়েছিল গোটা দেশকে। পরবর্তীতে বিভিন্ন সামাজিকমাধ্যম ও সংবাদমাধ্যমে তার দুর্দশার খবর ছড়িয়ে পড়লে নানা দিক থেকে আসে সহায়তার হাত। এ সময় মানবিক উদ্যোগের অংশ হিসেবে অপু বিশ্বাস রইস উদ্দিনের সঙ্গে যোগাযোগ করেন এবং তাকে ওমরাহ পালনে সহায়তা করার ঘোষণা দেন।', NULL, NULL, NULL, 1, 'news/oqvQ3Nz0lsP3VL2SXsX2lJiTwHrc3jxlsbZTZFv4.jpg', NULL, NULL, 0, 0, 0, 'published', 0, NULL, NULL, '2025-07-26 13:20:52', '2025-07-26 13:20:52'),
(40, 'ডিপ্রেশনে নুসরাত ফারিয়া: ‘সোশ্যাল মিডিয়া ট্রায়াল’ নিয়ে মর্মস্পর্শী পোস্ট', 'dipresne-nusrat-fariya-soszal-midiya-trayal-niye-mrmsprsee-post', 'টালিউডের জনপ্রিয় অভিনেত্রী নুসরাত ফারিয়ার সময়টা ভালো যাচ্ছে না। কারাগার থেকে বেরিয়ে চিকিৎসকের পরামর্শ অনুযায়ী বর্তমানে বিশ্রামে আছেন তিনি।  সম্প্রতি জ্বরে আক্রান্ত হন অভিনেত্রী। সবকিছু মিলিয়ে যেন ডিপ্রেশনে কাটছে তার সময়। তবে কাজে ফেরার প্রস্তুতি নিচ্ছেন নুসরাত ফারিয়া। গতকাল বুধবার (২৩ জুলাই) সন্ধ্যায় সামাজিক মাধ্যমে একটি স্ট্যাটাসে সে আভাসই দিলেন অভিনেত্রী।\n\nনুসরাত ফারিয়া লিখেছেন— ডিপ্রেশন আর ট্রমা কল্পনার কিছু নয়। এগুলো বাস্তব, নিঃশব্দ, কিন্তু ভেতর থেকে ধ্বংস করে দেয়। তিনি বলেন, অনেক সময় এগুলো শুরু হয় ছোটবেলায়। আর একটা মাত্র ঘটনা বদলে দিতে পারে গোটা জীবন।\n\nঅভিনেত্রী বলেন, আজকের দিনে যখন একটা ভুল, একটা মুহূর্ত, পুরো সমাজের সামনে ছড়িয়ে পড়ে— যখন প্রতিটি মানুষ হয়ে ওঠে বিচারক, তখন একজনের পক্ষে নিজের জীবনটা আগের মতো করে বাঁচা আর সম্ভব হয় না।\n\nস্যোসাল মিডিয়া ট্রায়ালের কথা উল্লেখ করে তিনি বলেন, এই অনলাইন ট্রায়াল, এই নির্মমতা— এটা শুধু একজনকে নয়, তার পুরো পরিবারকে গভীর ট্রমার মধ্যে ফেলে দেয়। ভিউয়ের পেছনে ছুটতে ছুটতে যদি আমরা একটু থামতাম, একটু ভাবতাম।\n\nউল্লেখ্য, নুসরাত ফারিয়া বেশ কিছু দিন ধরে অভিনয় থেকে দূরে। সর্বশেষ তাকে দেখা গেছে গত রোজার ঈদে ‘জ্বীন ৩’ সিনেমায়। এরপর আর তাকে আর কাজে দেখা যায়নি।', NULL, NULL, NULL, 1, 'news/muw1EzknLUkv2np3L7XFwf2WfJ1ihSl0fEk1XDtZ.jpg', NULL, NULL, 0, 0, 0, 'published', 0, NULL, NULL, '2025-07-26 13:22:46', '2025-07-26 13:22:46'),
(41, 'পাওলির শাড়ির রঙে মুগ্ধ জয়া', 'paoolir-sadir-rnge-mugdh-jya', 'গোলাপি, জাম রঙঘেঁষা শাড়িতে সেজেছিলেন টালিউড অভিনেত্রী পাওলি দাম। সম্প্রতি একটি গণমাধ্যমের অভিজাত সন্ধ্যায় ‘বছরের বেস্ট ২০২৫’ অনুষ্ঠানে সঞ্চালিকা ছিলেন অভিনেত্রী। আর পদ্মাপাড়ের অভিনেত্রী জয়া আহসান সেদিন ছিলেন মঞ্চে।\n\n\'কণ্ঠ \' সিনেমার পর একসঙ্গে আর তাদের দেখা যায়নি। \'বছরের বেস্ট\'-এর সন্ধ্যা তাদের মুখোমুখি নিয়ে এলো। পাওলির সাজ দেখেই উচ্ছ্বসিত জয়া। অভিনেত্রী বললেন, কী চমৎকার শাড়ির রঙ। এ রঙটার কথা আগে তো ভাবিনি। এই রঙের শাড়ি একবার আমাকেও পরতে হবে।\n\nশহরের অন্যতম অভিজাত হোটেলে বিশেষ অনুষ্ঠান ‘বছরের বেস্ট ২০২৫’। সেই সন্ধ্যা অভিনব তার অতিথিদের উজ্জ্বল উপস্থিতিতে। ইতোমধ্যে ১০ কৃতী বাঙালিকে খুঁজে নিয়েছে আনন্দবাজার ডটকম। সেই মঞ্চে মিলে গেল বাংলার ইতিহাস থেকে বাঙালির ব্যবসার কাহিনি। একত্র হলেন বাঙালি চিত্রশিল্পী, বিজ্ঞানী, পরিচালক ও অভিনেত্রী।\n\nদুই সুন্দরীর এমন ঘরোয়া আলাপের মাধুরী মুহূর্তই যেন সংক্রমণের মতো ছড়িয়ে পড়ল আশপাশে। যেন কতদিন পর কাজের মাঝে একটু সময় করে হালকা আড্ডা দেওয়া। একটু দূরে দাঁড়িয়ে পাওলি আর জয়ার গল্প শুনছিলেন অভিনেত্রী দর্শনা বণিক। মিশে গেলেন তাদের মধ্যে। পরে পাওলির সঙ্গে ছবি তুললেন।\n\nবছর-সেরার সন্ধ্যা মানেই শহরের খ্যাতনামাদের ভিড়। সে তালিকা থেকে বাদ নেই টালিউডের বিশেষ সুন্দরীরা। জয়া-পাওলির পাশাপাশি ছিলেন কোয়েল মল্লিক। বিবৃতি চট্টোপাধ্যায়, দর্শনা বণিক, তৃণা সাহারা। কে বলে নায়িকাদের মধ্যে বন্ধুত্ব নেই? ‘বছরের বেস্ট ২০২৫’-এর সন্ধ্যা তো অন্য কথা বলল।\n\nতৃণা, দর্শনা আর বিবৃতি এক জায়গায় হতেই নানা ধরনের গল্প জুড়ে দিলেন। প্রথমে হলো একদফা ফটোশুট। একা নয়; তিনজনে ছবি তুললেন। দর্শনা ও বিবৃতি দুজনকেই দেখা যাবে শুভ্রজিৎ মিত্রের ‘দেবী চৌধুরানী’ সিনেমায়। দুর্গাপূজায় আসছে ওই ছবি।\n\nঅন্যদিকে তৃণা ও বিবৃতির বন্ধুত্বও যে কথটা গাঢ় তা বোঝা গেল অভিনেত্রীর প্রতিক্রিয়ায়। এক ঝলক দেখেই বিবৃতির প্রশংসায় পঞ্চমুখ তৃণা। এদিন অভিনেত্রী ইধিকা পাল এসেছিলেন একেবারে অন্য লুকে। তার ব্লাউজের ডিজাইন নিয়েও শোনা গেল বিপুল আলোচনা। ঝলমলে সন্ধ্যায় নিজেদের সেলফি তুলতেও ভুললেন না কেউ-ই। সারা সন্ধ্যাজুড়ে নায়িকাদের আড্ডা, হাসি আর কলতানে মুখর হয়ে রইল অনুষ্ঠান কক্ষ।', NULL, NULL, NULL, 1, 'news/UBT27J7P0FdM8MbdknGPRbohBgOIF4K97E0ZLySG.jpg', NULL, NULL, 0, 0, 0, 'published', 0, NULL, NULL, '2025-07-26 13:24:08', '2025-07-26 13:24:08'),
(42, 'জনপ্রিয়তা থাকা সত্ত্বেও যেসব অভিনেত্রী অন্ধকার জগতে পা বাড়ান', 'jnpriyta-thaka-sttweoo-zesb-ovinetree-ondhkar-jgte-pa-baran', 'সিনেমা ইন্ডাস্ট্রি মানেই ঝকঝকে লাস্যময়ী সব নায়িকা। গ্ল্যামার, আভিজাত্য ও  বিপুল জনপ্রিয়তা থাকা সত্ত্বেও আবেদনময়ীদের কেউ কেউ অন্ধকার জগতে পা বাড়ান। তারা আবার পুলিশের হাতে হয়েছেন গ্রেফতারও।\n\nবিশেষ করে যে অভিনেত্রীরা আজও আলোচনায় আছেন, তাদের মধ্যে এখনো কেউ কেউ পর্দায় কাজ করে যাচ্ছেন। কেউ বা হারিয়ে গেছেন বিনোদন জগত থেকে। সামাজিক মাধ্যমে একাধিকবার আলোচনায় উঠে আসা এমন সাতজন অভিনেত্রী সম্পর্কে জেনে নিন, তাদের কর্মজীবনের পাশাপাশি অন্ধকারেও তারা কতটা তৎপর।\n\nসায়রা বানু\n\nবলিউড কিংবদন্তি অভিনেত্রী সায়রা বানু নন, তিনি দক্ষিণী সিনেমা ইন্ডাস্ট্রির অভিনেত্রী সায়রা বানু। ২০১০ সালে দেহব্যবসা চালানোর অপরাধে গ্রেফতার হয়েছিলেন এ অভিনেত্রী। হায়দরাবাদ পুলিশ রেইড চালিয়ে কুন্দনবাগ এলাকা থেকে তাকে আটক করে। তার সঙ্গে ছিল জ্যোতি নামের আরও এক অভিনেত্রী যাকে হাতেনাতে ধরেছিল পুলিশ।\n\nশার্লিন চোপড়া\n\nবলিউড অভিনেত্রী প্রিয়াংকা চোপড়ার বোন কিংবা কোনো আত্মীয়স্বজন নয়। এ কয়েক বছর আগের অভিনেত্রী শার্লিন চোপড়া। তার বিরুদ্ধে অভিযোগ উঠেছিল যৌনচক্রের সঙ্গে যুক্ত থাকার। বিষয়টি নিয়ে বিশেষ জলঘোলা হওয়ার আগেই পতিতাবৃত্তির সঙ্গে যুক্ত থাকার কথা স্বীকার করে নিয়েছিলেন অভিনেত্রী।\n\nশার্লিন চোপড়া বলেছিলেন, সিনেমার ডাক না এলে টাকা-পয়সা কোত্থেকে আসবে? আর এ পয়সার কারণেই আমাকে বিভিন্ন মানুষের সঙ্গে বেডরুম অবধি ছুটতে হয়।\n\nভুবনেশ্বরী\n\nদক্ষিণী সিনেমার বেশ জনপ্রিয় অভিনেত্রী ভুবনেশ্বরীও। তিনি সিনেমার পাশাপাশি বেশ কিছু টিভি সিরিয়ালেও কাজ করেছিলেন। ২০০৯ সালে তাকে একটি দেহব্যবসার চক্রের সঙ্গে পুলিশ গ্রেফতার করে। কিন্তু রাজনীতিবিদদের সঙ্গে যোগাযোগ থাকার সুবাদে ছাড়া পেয়ে যান অভিনেত্রী।\n\nকিন্নেরা\n\nতেলেগু সিনেমা ইন্ডাস্ট্রির অভিনেত্রী কিন্নেরা প্রধানত টিভি সিরিয়ালের জন্য বেশি জনপ্রিয় ছিলেন। তবু তিনি পতিতাবৃত্তিকে পেশা হিসেবে বেছে নিয়েছিলেন। দেহব্যবসা করতে গিয়েই পুলিশের হাতেনাতে ধরা পড়েন এ অভিনেত্রী।\n\nসংগীতা বালন\n\nতামিল বিনোদন জগতের জনপ্রিয় মুখ সংগীতা বালন। ২০১৮ সালের জুন মাসে অভিযোগ ওঠে— তিনি অভিনয়ের পাশাপাশি দিনের পর দিন দেহব্যবসা চালিয়ে আসছেন। গোপনসূত্রে খবর পেয়ে পুলিশ অভিযান চালায় চেন্নাইয়ের পানায়ুড়ের একটি রিসোর্টে। উদ্ধার করা হয় অন্য রাজ্য থেকে আসা বেশ কয়েকজন যৌনকর্মীকেও।\n\nশ্বেতা বসু প্রসাদ\n\nশিশুশিল্পী হিসেবে জাতীয় পুরস্কারজয়ী অভিনেত্রী পতিতাবৃত্তিতে জড়িত থাকার অভিযোগ উঠেছিল শ্বেতা বসু প্রসাদের। ২০১৪ সালের সেপ্টেম্বরে হায়দরাবাদের একটি হোটেল থেকে দেহব্যবসায় জড়িত থাকার অভিযোগে তাকে গ্রেফতার করেছিল পুলিশ। অবশ্য সে পাঠ চুকিয়ে বর্তমানে নিয়মিত পর্দায় কাজ করছেন অভিনেত্রী।\n\nআরশি খান\n\nবলিউড অভিনেত্রী আরশি খানের বিরুদ্ধেও দেহব্যবসায় জড়িত থাকার অভিযোগ উঠেছিল। কিন্তু এ অভিযোগ তিনি বরাবরের মতোই অস্বীকার করেছেন। আরশি খান বলেন, জীবনে কোনো দিনই দেহব্যবসার সঙ্গে জড়িত ছিলেন না তিনি। তাকে হেনস্তা করা হয়েছিল।', NULL, NULL, NULL, 1, 'news/XvsAuR89ZOKmCrJUFGaWDhqJvjryyxDgdWds3end.jpg', NULL, NULL, 0, 0, 0, 'published', 0, NULL, NULL, '2025-07-26 13:26:37', '2025-07-26 13:26:37'),
(43, 'তানজিন তিশাকে ঘিরেই গল্প কলকাতার সেই সিনেমার', 'tanjin-tisake-ghirei-glp-klkatar-sei-sinemar', 'ছোটপর্দার অভিনেত্রী তানজিন তিশা ক্যারিয়ারের শুরু থেকেই অসংখ্যবার সিনেমার প্রস্তাব পেলেও তা বরাবরই ফিরিয়ে দিয়েছেন। তিনি সবসময় বলেছেন— পছন্দমতো গল্প পেলে তবেই সিনেমায় অভিনয় করবেন।  এবার সেই দীর্ঘ প্রতীক্ষার অবসান ঘটতে চলেছে। এলো সেই মাহেন্দ্রক্ষণ— ছোটপর্দা পেরিয়ে এবার বড়পর্দায় নাম লিখতে চলেছেন তানজিন তিশা। তবে ঢালিউডে নয়, অভিষেক হতে চলেছে ওপার বাংলা টালিউডে।\n\nপরিচালক এমএন রাজের পরিচালনায় ‘ভালোবাসার মৌসুম’ সিনেমায় তানজিন তিশার সঙ্গে দেখা যাবে বলিউডের ‘থ্রি ইডিয়টস’ অভিনেতা শারমান জোশিকে। এ সিনেমায় আরও অভিনয় করার কথা ছিল বাংলাদেশের ছোটপর্দার অভিনেতা খাইরুল বাসার। তবে এক ফেসবুক পোস্টের মাধ্যমে তিনি জানিয়েছেন, সিডিউল থাকার কারণে সিনেমাটিতে অভিনয় করতে পারবেন না।\n\nএ সিনেমা প্রসঙ্গে পরিচালক বলেন, এটা একদম রোমান্টিক প্রেমের সিনেমা। এখানে সম্পর্কের গল্প, বন্ধুত্বের গল্প, পরিবারের গল্প আছে। এ সিনেমাটির মূল কাস্টিংই হচ্ছে তানজিন তিশা। পুরো সিনেমার গল্প ঘিরে শেষ পর্যন্ত সেই রয়েছে। তিনি বলেন, খাইরুল বাসার রয়েছে, তার চরিত্রটাও অনেক গুরুত্বপূর্ণ, যেটা মনে হয়েছে একদম তার জন্যই। এ ছাড়া শারমান জোশি রয়েছেন, এখানকার সুস্মিতাও রয়েছেন।\n\nএ নির্মাতা বলেন, এটা শারমানের প্রথম বাংলা সিনেমা হতে যাচ্ছে। যেহেতু তিশাকে ঘিরেই গল্প, এখানে শারমান ও বাসার দুজনের সঙ্গেই তার রসায়ন থাকবে।\n\nতিনি আরও বলেন, ‘এ সিনেমাটির জন্য তিশার সঙ্গে অনেক দিন ধরেই কথা হচ্ছিল। সে অনেক দিন আগে কলকাতায় এসেছিল, তখনই গল্প শুনেছে; আমরা এগুলো নিয়ে এগোচ্ছিলাম। এবার বাংলাদেশে গিয়ে কিছু দিন আগে সাইনিং করে এলাম।’\n\nউল্লেখ্য, ‘ভালোবাসার মৌসুম’ সিনেমাটি আগামী সেপ্টেম্বরের প্রথম সপ্তাহে দার্জিলিংয়ে শুটিং শুরু হবে। চলবে টানা ২৩ দিন। এরপর অক্টোবরে হবে মুর্শিদাবাদে। সব ঠিক থাকলে আগামী বছরের ভালোবাসা দিবস উপলক্ষ্যে এ সিনেমাটি মুক্তি পাবে।', NULL, NULL, NULL, 1, 'news/INUB43bUSHGuXb8AFdedPADlGql15EXPwf1se7Hl.jpg', NULL, NULL, 0, 0, 0, 'published', 0, NULL, NULL, '2025-07-26 13:27:23', '2025-07-26 13:27:23'),
(44, 'শুধু মন দিয়ে মানুষকে ছোঁয়া যায় না: জয়া আহসান', 'sudhu-mn-diye-manushke-chonnya-zay-na-jya-ahsan', 'দেখতে দেখতে ১৫ বছর পার হয়ে গেল। দীর্ঘ সময় ক্যামেরাবন্দি থাকার পর মানিক বন্দ্যোপাধ্যায়ের ‘পুতুলনাচের ইতিকথা’র ৯০তম বছরে মুক্তি পেতে চলেছে সুমন মুখোপাধ্যায় পরিচালিত ‘পুতুলনাচের ইতিকথা’।\n\nসম্প্রতি একটি গণমাধ্যমে এক সাক্ষাৎকারে পরিচালক বলেছেন, ১৫ বছর পর মুক্তি পেলেও সিনেমার গল্প সমসাময়িক। সেই সময়ের সামাজিক-রাজনৈতিক প্রেক্ষাপট আর এখনকার সময়ের মধ্যে খুব বেশি পার্থক্য খুঁজে পান না তিনি। ঠিক যেমন পর্দার ‘কুসুম’ আর বাস্তবের জয়া আহসানের মধ্যে তেমন ফারাক নেই।\n\nসেই উপলব্ধি থেকেই সম্প্রতি সিনেমার ট্রেলার মুক্তির অনুষ্ঠানে এসে ঔপন্যাসিকের বিখ্যাত সংলাপ— ‘শরীর! শরীর! তোমার মন নাই কুসুম?’-এর ভিন্ন ব্যাখ্যা দিলেন অভিনেত্রী। ‘কুসুম’ যদি শরীরকে এগিয়ে রাখে, জয়া কাকে প্রাধান্য দেন— মনকে? এমন প্রশ্ন ছিল অভিনেত্রীর কাছে। স্মিত হেসে জয়া বলেন, মন দিয়ে তো মানুষকে ছোঁয়া যায় না। শরীর দিয়ে মন ছুঁতে হয়। আমার জীবনে মন ও শরীর— উভয়ের ভূমিকাই গুরুত্বপূর্ণ। আমার বিশ্বাস কুসুমেরও তাই।\n\n২০০৬ সালে পরিচালক সুমন মুখোপাধ্যায় সিদ্ধান্ত নেন মানিক বন্দ্যোপাধ্যায়ের উপন্যাসকে পর্দায় ধরবেন। কিন্তু ভাবলেই তা হচ্ছে কই? কখনো তিনি মানিকবাবুর গল্পের স্বত্ব পাচ্ছেন না। আবার কখনো প্রযোজক। প্রযোজনা সংস্থা ক্যালাইডোস্কোপের কর্ণধার সমীরণ দাস এগিয়ে আসার পর দুই সমস্যার সমাধান যদিও বা হলো, বাধ সাধল অতিমারী।\n\nসিনেমার প্রত্যেক চরিত্র একুশ শতকের মতোই ভাগ্যের হাতের ‘পুতুল’? জানতে চাইতেই পরিচালক বলেন, কমবেশি প্রত্যেকে। সিনেমার নায়ক শশী যেমন হাজার চেয়েও নিজের গ্রামের বাইরে পা রাখতে পারেনি। ইচ্ছে থাকলেও আমি তেমনি সিনেমা নির্মাণ করেই তার মুক্তি ঘটাতে পারিনি। যদিও এত লম্বা সময় বৃথা যায়নি।\n\nসুমন বলেন, তিনি এই সময় নানা জায়গায় গেছেন। যে জায়গা তার ‘পুতুলনাচের ইতিকথা’র শুটিংয়ের উপযুক্ত মনে হয়েছে, সেসব জায়গার ভিডিও তুলে রেখেছিলেন।\n\nপরিচালক বলেন,  সিনেমা শুরুর পর কাজ দ্রুত এগিয়েছে। হোমটাস্ক করা ছিল বলে বেশি সময় নিইনি। সিনেমায় গুরুত্বপূর্ণ চরিত্রে দেখা যাবে ধৃতিমান চট্টোপাধ্যায়, শান্তিলাল মুখোপাধ্যায়, অনন্যা চট্টোপাধ্যায়, সুরঙ্গনা বন্দ্যোপাধ্যায়কে।\n\nস্থান নির্বাচনের পাশাপাশি চিত্রনাট্য তৈরির গোড়া থেকেই সুমনের মনে নায়ক-নায়িকা সম্পর্কে স্বচ্ছ ধারণা ছিল। তিনি বলেন, আবীর এর আগেও উপন্যাসধর্মী সিনেমায় সফল, তাই ‘শশী’ চরিত্রে ওকেই বেছেছিলাম। যদিও অভিনেতা নিজের কাজ সম্পর্কে বলতে গিয়ে জানিয়েছেন— তিনি প্রথমে বেশ ঘাবড়ে গিয়েছিলেন। \'সুমন দা\' বলার পর সত্যিই চিন্তিত হয়ে পড়েছিলাম। কেবলই মনে হচ্ছিল, পারব তো?\n\nসুমন বলেন, অতিমারী আমার ভীষণ সহযোগিতা করেছিল। ওই সময় উপন্যাস, আমার অভিনীত চরিত্র মন দিয়ে পড়েছিলাম। নায়ক আবার এও বলেছেন— ‘পুতুলনাচের ইতিকথা’ মোটেই গম্ভীর মুখে দেখার সিনেমা নয়। ৯০ বছর আগে এখনকার সমাজ তুলে ধরেছিলেন মানিক বন্দ্যোপাধ্যায়।\n\nএকইভাবে জয়ার মধ্যে বাকি পরিচালকদের মতোই মাটির গন্ধ পেয়েছেন সুমন। \'চেহারা, মাটিতে পা রেখে জীবনযাপন, নিজের হাতে বাগানচর্যা— সব মিলিয়ে জয়া ভীষণ মেটো। ওকে ছাড়া ‘কুসুম’ চরিত্রে আর কাকে ভাবব? পাল্টা প্রশ্ন তার।\n\nকৌশিক গঙ্গোপাধ্যায়ের ‘বিসর্জন’ বা ‘বিজয়া’ সিনেমার মতো এখানেও জয়ার তাঁতের লাল পাড়, ডুরে শাড়ি, কপালজোড়া অল্প ধেবড়ে যাওয়া সিঁদুরের টিপ। বিপরীতে আবীর—এমন প্রশ্ন করার আগেই বললেন জয়া আহসান বলেন, আমায় ভারতীয় পরিচালকরা ভালোবাসেন, সিনেমায় অভিনয়ের জন্য ডাকেন— তার জন্য কৃতজ্ঞ। কিন্তু এখনই শশী-কুসুমের সম্পর্কের টানাপোড়েন নিয়ে জানতে চাইবেন না। ওটা ১ আগস্ট পর্দার জন্য তোলা থাক?', NULL, NULL, NULL, 1, 'news/BeOoJmeFlYaeRHYeyRoXI3IXjTKzdSlreh3Ei70F.jpg', NULL, NULL, 0, 0, 0, 'published', 0, NULL, NULL, '2025-07-26 13:28:21', '2025-07-26 13:28:21'),
(45, 'প্রচারে আসছে মোশাররফ করিমের নতুন ধারাবাহিক', 'prcare-asche-mosarrf-krimer-ntun-dharabahik', 'বেশ কিছুদিন আগে একটি নতুন ধারাবাহিক নাটকের শুটিং শুরু করেছিলেন জনপ্রিয় অভিনেতা মোশাররফ করিম। নাম ‘শাদী মোবারক’। এটি রচনা করেছেন আহমেদ শাহাবুদ্দিন। পরিচালনা করেছেন শামীম জামান।\n\nনির্মাতা জানিয়েছেন, আগামী ৩ আগস্ট থেকে মাছরাঙা টিভিতে সপ্তাহে টানা পাঁ চদিন রাত ৮টা ৩০ মিনিটে নাটকটি প্রচার হবে। এটি মূলত পারিবারিক গল্পের নাটক। এ নির্মাতার প্রায় সব নাটকেই মোশাররফ করিমের উপস্থিতি মেলে। এ নাটকেও ব্যতিক্রম হয়নি।\n\nএ প্রসঙ্গে শামীম জামান বলেন, ‘যে নাটকে মোশাররফ থাকে সেই নাটকের প্রতি দর্শকের একটা আলাদা আগ্রহ থাকে। তা ছাড়া তার সঙ্গে সম্পর্কটা আমার বন্ধুত্বের। বন্ধুর চেয়েও বড় কথা হলো তার সঙ্গে আমার কাজের বোঝাপড়াটা খুব চমৎকার। এজন্য তাকে নিয়ে নাটক নির্মাণ করি। সব মিলিয়ে খুব ভালো হয়েছে নাটকটি। আশা করছি প্রচারে এলে দর্শকের ভালে লাগবে।’\n\nনাটকটিতে অভিনয় প্রসঙ্গে মোশাররফ করিম বলেন, ‘শামীম জামানের সঙ্গে আমার কাজের রসায়ন বেশ ভালো। আগেও আমরা একাধিক ধারাবাহিক নাটকে একসঙ্গে কাজ করেছি। সেগুলো দর্শকরা পছন্দও করেছেন। এবার নতুন কাজ শুরু করলাম। আশা করি এটিও দর্শকরা উপভোগ করবেন।’\n\nএদিকে নাটকের বাইরে গত কয়েক বছর সিনেমায়ও সময় দেন মোশাররফ করিম। সর্বশেষ গত রোজার ঈদে তার অভিনীত ‘চক্কর ৩০২’ নামে একটি সিনেমা প্রেক্ষাগৃহে মুক্তি পেয়েছে।', NULL, NULL, NULL, 1, 'news/mgPWF1XRiX0SuoVgsC376ShZ0vEPXCDviP56xWMb.jpg', NULL, NULL, 0, 0, 0, 'published', 0, NULL, NULL, '2025-07-26 13:29:02', '2025-07-26 13:29:02'),
(46, 'সেই রাগী ‘শামীম স্যার’ এখন জনপ্রিয় অভিনেতা মোশাররফ করিম', 'sei-ragee-sameem-szar-ekhn-jnpriy-ovineta-mosarrf-krim', 'জনপ্রিয় অভিনেতা মোশাররফ করিমের শুরুটা মঞ্চে অভিনয়ের মাধ্যমে। এরপর টিভি, সিনেমা ও ওটিটিতেও অভিনয় করেছেন। এখন তো সব মাধ্যমেই নিজের অভিনয়গুণে রাজত্ব করছেন। তবে অনেকেরই হয় অজানা যে, পুরোদস্তুর অভিনেতা হয়ে ওঠার আগে শিক্ষকতাও করেছেন তিনি।\n\nদেশের স্বনামধন্য কোচিং সেন্টার ই-হক কোচিংয়ে ইংরেজিসহ বিভিন্ন বিষয় পড়াতেন মোশাররফ করিম। সে কোচিংয়ে তার সরাসরি ছাত্রী ছিলেন সময়ের জনপ্রিয় সংগীতশিল্পী দিলশাদ নাহার কণা।\n\nসম্প্রতি একটি বেসরকারি চ্যানেলের সাক্ষাৎকারে মোশাররফ করিমের শিক্ষকতা নিয়ে কথা বলেন এই সংগীতশিল্পী। তার ভাষায়, ‘আমি যে কোচিংয়ে পড়তাম, সেখানে মোশাররফ করিম ভাই পড়াতেন। উনার ডাক নাম হচ্ছে শামীম। আমরা শামীম ভাই বলে ডাকতাম। তবে আমাদের কাছে কোনো ক্লু ছিল না যে উনি এত বড় অভিনেতা হবেন। তখন আমরা শুনতাম যে উনি মঞ্চ নাটক করেন। তবে উনি খুব রাগী স্যার ছিলেন।’\n\nমোশাররফ করিম ১৯৭১ সালের ২২ আগস্ট বাংলাদেশের দক্ষিণের জেলা বরিশালের গৌরনদী উপজেলায় জন্মগ্রহণ করেন। অভিনয়ের প্রতি টান থাকায় একসময় অভিনেতা তারিক আনাম খানের ‘নাট্যকেন্দ্র’ মঞ্চদলের সদস্য হন তিনি।\n\n১৯৯৯ সালে এক পর্বের নাটক ‘অতিথি’-তে অভিনয়ের মাধ্যমে ছোট পর্দায় পা রাখেন মোশাররফ করিম। এরপর থেকেই ছোটপর্দার নিয়মিত মুখ হয়ে ওঠেন তিনি। পরে বড়পর্দায়ও নিজের প্রতিভার স্বাক্ষর রেখেছেন ক্ষণজন্মা এই অভিনেতা।\n\nএবারের কুরবানি ঈদে মুক্তি পেয়েছে তার সিনেমা ‘ইনসাফ’। সিনেমাটি বেশ সাড়া ফেলেছে। এ ছাড়া ওয়েব সিরিজ ‘বোহেমিয়ান ঘোড়া’ দিয়েও দর্শক মাতিয়েছেন এ গুণী অভিনেতা।', NULL, NULL, NULL, 1, 'news/8gfAFtb4Nvs7imiGRGoDnDVm4kkqmSyTqyWWmxkt.jpg', NULL, NULL, 0, 0, 0, 'published', 0, NULL, NULL, '2025-07-26 13:31:09', '2025-07-26 13:31:09'),
(47, 'এক মোশাররফ করিমের ‘নিয়ন্ত্রণে’ ৮ নায়িকা', 'ek-mosarrf-krimer-niyntrne-8-nayika', 'ঈদসহ যে কোনো উৎসবেই শোবিজ অঙ্গন থাকে সরগরম। শুরু হয় শিল্পীদের ব্যস্ততা। দর্শকরাও অপেক্ষায় থাকেন প্রিয় তারকার কাজের জন্য। নতুন সব টিভি নাটক, ওটিটি কনটেন্ট, গান ও সিনেমা মুক্তি পায় উৎসবে। তবে বিনোদনের সবচেয়ে বড় মাধ্যম সিনেমা। তাই ঈদের সিনেমা নিয়ে আওয়াজ একটু বেশিই হয়।\n\nতবে আলোচনার বাইরে নয় ওটিটি কনটেন্টও। সিনেমার পরই পেইড ভার্সনের ওটিটি কনটেন্টগুলোর দিকেও নজর থাকে দর্শকদের। এবারও তার ব্যতিক্রম নয়। এ ঈদেও ভিন্ন ভিন্ন ওটিটি প্ল্যাটফর্মে মুক্তি পাচ্ছে নতুন সব কনটেন্ট। তবে ঈদে অন্যদের থেকে ওটিটিতে আলোচনায় এগিয়ে রয়েছেন জনপ্রিয় অভিনেতা মোশাররফ করিম। একটি কনটেন্টে শুধু তার বিপরীতেই অভিনয় করছেন আট নায়িকা। ঈদের এসব কনটেন্ট নিয়েই বিস্তারিত রয়েছে প্রতিবেদনে।\n\nবোহেমিয়ান ঘোড়া: ঈদ উপলক্ষ্যে ৫ জুন ওটিটি প্ল্যাটফর্ম হইচইতে মুক্তি পাবে ওয়েব সিরিজ ‘বোহেমিয়ান ঘোড়া’। এটি পরিচালনা করেছেন অমিতাভ রেজা। অভিনয় করেছেন মোশাররফ করিম। ‘মহানগর’-এর ওসি হারুন থেকে ‘মোবারকনামা’র মোবারকসহ অসংখ্য চরিত্র দিয়ে ওটিটির দর্শকের মনে তিনি দাগ কেটেছেন।\n\nএবার তিনি হাজির হচ্ছেন আব্বাস হয়ে। যিনি পেশায় একজন ট্রাক ড্রাইভার। ২২ মে সিরিজের ট্রেলার প্রকাশ হয়। ২ মিনিটের ট্রেলারে দেখা যায়, ট্রাক ড্রাইভার আব্বাস নানা জেলায় নানা পরিস্থিতিতে পড়ে সাতটা বিয়ে করেছে। প্রতিটি স্ত্রীর জীবনেই আব্বাস এক এক রকম মানুষ। কোনো বউই একে অপরের ব্যাপারে জানে না। ঘটনাচক্রে ৮ নম্বর বিয়ে করার পরই আব্বাসের জীবনে নেমে আসে দুর্যোগের ঘনঘটা। সেই পরিস্থিতি নিয়েই তৈরি হয়েছে সিরিজটি।\n\nএতে মোশাররফ করিমের (আব্বাস) আট বউয়ের চরিত্রে অভিনয় করেছেন রুনা খান, মৌসুমী হামিদ, সাদিয়া আয়মান, তানজিকা আমিন, রোবেনা রেজা জুঁই, ফারহানা হামিদ, অদিতি এবং বৃষ্টি।\n\nসিরিজটি নিয়ে মোশাররফ করিম বলেন, ‘আমরা আমাদের কাজটুকু করেছি। এখন অপেক্ষা দর্শকের কাছে পৌঁছানোর। এখন পর্যন্ত এটি নিয়ে দর্শকদের আগ্রহ দেখতে পেয়েছি। আশা করি সবার ভালো লাগবে।’\n\nবোহেমিয়ান ঘোড়ায় মোশাররফ করিমের বউ আজমেরী চরিত্রে অভিনয় করেছেন মৌসুমী হামিদ। যিনি পেশায় একজন নারী মৌয়াল। নিজের করা চরিত্রটি নিয়ে এ অভিনেত্রী বলেন, ‘সুন্দরবনের ভেতরে গিয়ে কিছু মানুষ মধু সংগ্রহ করেন। এটাই তাদের নেশা ও পেশা। আমার কাজটিও তাই। এরকম একটি চরিত্রে অভিনয় করা বেশ কঠিন ও চ্যালেঞ্জিং ছিল। নতুন গল্প ও চরিত্রের সঙ্গে মিশে দারুণ অভিজ্ঞতা হয়েছে।’\n\nএবারের ঈদে ওটিটিতে আরও যা থাকছে\n\nহাইড এন সিক : নাটক ও ওটিটির জনপ্রিয় অভিনেত্রী তানজিন তিশা। এবার ঈদে একাধিক নাটকের পাশাপাশি ওটিটিতেও থাকছেন তিনি। দীপ্ত প্লে-তে মুক্তি পাবে তিশা অভিনীত থ্রিলারধর্মী ওয়েব ফিল্ম ‘হাইড এন সিক’। আহমেদ খান হীরকের গল্প ও চিত্রনাট্যে সিনেমাটি পরিচালনা করেছেন মাহমুদুর রহমান হিমি। বিয়ের ঘোষণা এবং এক তরুণীর আত্মহত্যার চেষ্টা থেকে শুরু এ ওয়েব ফিল্মের গল্প। সিনেমার গল্প যত এগোতে থাকে, ঘন হয় রহস্য। তাতে উঠে আসে গ্ল্যামার জগতের রঙিন আলোর আড়ালে লুকিয়ে থাকা অন্ধকারের নানা দিক।\n\nএতে আরও অভিনয় করেছেন প্রার্থনা ফারদিন দীঘি, চমক, জিয়াউল রোশান, ইন্তেখাব দিনার, দীপা খন্দকারসহ অনেকে। পরিচালক বলেন, ‘থ্রিলারধর্মী এ গল্পে এমন একটি বিষয়ের অবতারণা করা হয়েছে, যা আমাদের সমাজে ঘটলেও থাকে অপ্রকাশিত। কিন্তু আমরা এখন এই ট্যাবু ভাঙতে চাই।’\n\nতানজিন তিশা বলেন, ‘এর গল্প অনেক সুন্দর। তাই কাজটি করা। আশাকরি দর্শক পছন্দ করবেন।’\n\nএদিকে ওটিটি প্ল্যাটফর্ম আইস্ক্রিন ঈদুল আজহা উপলক্ষ্যে নিয়ে আসছে পাঁচটি কনটেন্ট। সেগুলো হচ্ছে ওয়েব ফিল্ম ‘নীলপদ্ম’, ওয়েব সিরিজ পাপ কাহিনি, ওয়েব সিরিজ ‘জল রঙ’, সিনেমা ‘জলে জ্বলে তারা’ ও ওয়েব ফিল্ম ‘পার্টি’।\n\nনীলপদ্ম: ৭ জুন আইস্ক্রিনে মুক্তি পাবে ওয়েব ফিল্ম ‘নীলপদ্ম’। তৌফিক এলাহি পরিচালিত এ ফিল্মের গুরুত্বপূর্ণ চরিত্রে অভিনয় করেছেন রুনা খান ও রাশেদ মামুন অপু। দৌলতদিয়ার যৌন কর্মীদের জীবন, সামাজিক পরিচয় ও অধিকারের গল্প নিয়ে নির্মিত হয়েছে এটি। নিউইয়র্কে সুচিত্রা সেন আন্তর্জাতিক বাংলা চলচ্চিত্র উৎসবে ওয়ার্ল্ড প্রিমিয়ার হয়েছিল এ সিনেমার। চলতি বছর ঢাকা আন্তর্জাতিক ফিল্ম ফেস্টিভ্যালেও প্রদর্শিত হয় এটি।\n\nজলে জ্বলে তারা : চলতি বছরের ভালোবাসা দিবসে দেশের প্রেক্ষাগৃহে মুক্তি পেয়েছিল সিনেমা ‘জলে জ্বলে তারা’। এটি পরিচালনা করেছেন অরুণ চৌধুরী। এতে নাম ভূমিকায় অভিনয় করেছেন রাফিয়াত রশিদ মিথিলা। এবার এটি ৮ জুন আইস্ক্রিনে মুক্তি পাবে। গত রোজার ঈদেও মুক্তি পেয়েছিল মিথিলা অভিনীত ওয়েব সিরিজ ‘মাইশেলফ অ্যালেন স্বপন-২’। এ ঈদেও তিনি থাকছেন।\n\nপ্রতিটি ওয়েব কনটেন্টে অভিনেত্রী নিজেকে ভিন্ন রূপে আবির্ভূত করছেন। মিথিলা বলেন, ‘সিনেমাটি প্রেক্ষাগৃহে মুক্তির পর যারা দেখেছিলেন তারা বেশ প্রশংসা করেছেন। আশা করি ওটিটিতেও দর্শক উপভোগ করবেন।’\n\nএতে মিথিলার সহশিল্পী হিসাবে রয়েছেন এফ এস নাঈম। এ সিনেমায় জন্য নিজেকে ভেঙে নতুন করে গড়েছেন তিনি। এতে আরও অভিনয় করেছেন আজাদ আবুল কালাম, ফজলুর রহমান বাবু, মোস্তাফিজ নূর ইমরান, মুনিরা মিঠু প্রমুখ। এদিকে একই দিনে এ প্ল্যাটফর্মে মুক্তি পাবে আরও একটি ওয়েব সিরিজ। এটির নাম ‘জল রঙ’।\n\nপাপ কাহিনি: রুনা খান অভিনীত ওয়েব সিরিজ ‘পাপ কাহিনি’ ৯ জুন মুক্তি পাবে আইস্ক্রিনে। এটি পরিচালনা করেছেন শাহরিয়ার নাজিম জয়। পাশাপাশি তিনি অভিনয়ও করেছেন।\n\nএ প্রসঙ্গে জয় বলেন, ‘ওয়েব কনটেন্ট নিয়ে আমাদের দেশে সবার মধ্যে আগ্রহ তৈরি হয়েছে। কারণ, সিনেমা নাটকে যেসব গল্প বলা যায় না, সেগুলো ওয়েবে মুক্তি দেওয়া যায়। আমি কনফিডেন্ট, আমার এই ওয়েব সিরিজ দর্শক দেখলে পছন্দ করবেন। এটি সুন্দর গল্পে সবার সু-অভিনীত একটি কনটেন্ট।’ এ প্রসঙ্গে রুনা খান বলেন, ‘স্বামী স্ত্রীর প্রেম ও বিশ্বাসঘাতকতার গল্প নিয়ে এ ওয়েব সিরিজ। আশা করি দর্শকদের ভালো লাগবে।’\n\nপার্টি : ডার্ক কমেডি থ্রিলার ঘরানার গল্পে নির্মিত হয়েছে ওয়েব ফিল্ম ‘পার্টি’। এটি রচনা ও পরিচালনা করেছেন রিয়াদ মাহমুদ। কুরবানির ঈদের জন্য নির্মিত এ ওয়েব ফিল্মটি ১ জুন মুক্তি পেয়েছে আইস্ক্রিনে।\n\nএ প্রসঙ্গে নির্মাতা রিয়াদ মাহমুদ বলেন, ‘এটি একটি তারুণ্যনির্ভর থ্রিলার কমেডি ঘরানার গল্প। পার্টিতে ঘটতে থাকা অপ্রত্যাশিত ঘটনাগুলোই ডার্ক কমেডি জার্নিতে দেখানো হয়েছে। গল্পে অনেক টুইস্ট আছে, যা দর্শকদের ধরে রাখবে।’ এতে অভিনয় করেছেন জুনায়েদ বোগদাদী, লামীমা লাম, শরীফ সিরাজ, সাদ নাওভি, দস্তগীর শান, আবদুল্লাহ সেন্টু, আলমগীর হোসেন, বাঁধন খান, ফারুক আহমেদ প্রমুখ।', NULL, NULL, NULL, 1, 'news/hssIF8EoZKa45qh7t060pCMqzAhzZwGSd9GzY9y9.jpg', NULL, NULL, 0, 0, 0, 'published', 0, NULL, NULL, '2025-07-26 13:31:51', '2025-07-26 13:31:51'),
(48, 'শর্ত সাপেক্ষে উত্তরায় শুটিং নিষেধাজ্ঞা প্রত্যাহার হতে যাচ্ছে', 'srt-sapekshe-uttray-suting-nishedhajnga-prtzahar-hte-zacche', 'উত্তরা সেক্টর-৪ এলাকায় নাটক ও সিনেমার শুটিং চলাকালে জনসমাগম, শব্দদূষণ এবং এলাকাবাসীর ভোগান্তির অভিযোগে সম্প্রতি শুটিং কার্যক্রমে নিষেধাজ্ঞা জারি করেছিল উত্তরা কল্যাণ সমিতি। তবে শিগগিরই সেই নিষেধাজ্ঞা শর্তসাপেক্ষে প্রত্যাহার করা হতে পারে বলে জানিয়েছে সংশ্লিষ্ট সূত্র।\n\nশনিবার (২৭ জুলাই) বিকেলে উত্তরা কল্যাণ সমিতি, শুটিং হাউস মালিক এবং সংশ্লিষ্ট পক্ষগুলোর অংশগ্রহণে এক যৌথ বৈঠকে বিষয়টির চূড়ান্ত সিদ্ধান্ত আসবে বলে জানিয়েছেন কর্মকর্তারা।\n\nএর আগে ২০ জুলাই উত্তরা সেক্টর-৪-এর বাসিন্দাদের পক্ষ থেকে সমিতি একটি নির্দেশনা জারি করে, যাতে স্থানীয় বাসিন্দাদের শুটিং হাউস হিসেবে বাড়ি ভাড়া না দেওয়ার অনুরোধ জানানো হয় এবং শুটিং কার্যক্রম বন্ধ রাখার আহ্বান জানানো হয়।\n\nএই নিষেধাজ্ঞার পর নাটক ও চলচ্চিত্র অঙ্গনের অনেকেই ক্ষোভ প্রকাশ করেন। শিল্পী, নির্মাতা ও ডিরেক্টরস গিল্ড আনুষ্ঠানিকভাবে প্রতিবাদ জানালে সমিতি নতুন করে আলোচনায় বসার উদ্যোগ নেয়।\n\nউত্তরা কল্যাণ সমিতি সেক্টর-৪-এর প্রশাসনিক কর্মকর্তা গোলাম রাব্বানী গণমাধ্যমে বলেন, ‘এই সমিতি সবার কল্যাণে কাজ করে। আবাসিক এলাকার পরিবেশ রক্ষা আমাদের অগ্রাধিকার। তবে শুটিং ইউনিটগুলো যদি নিয়ম মেনে, এলাকাবাসীর স্বস্তি বজায় রেখে কাজ করে, তাহলে সমন্বয়ের মাধ্যমে চলা সম্ভব। আজ বিকেলের বৈঠকে আশা করছি, একটি ইতিবাচক ও যৌক্তিক সমাধানে পৌঁছানো যাবে।’\n\nশুটিং হাউস মালিকদের সংগঠনের উপদেষ্টা এবং ‘আপন ঘর’ শুটিং হাউসের মালিক খলিলুর রহমান জানান, ‘৩০ বছর ধরে আমরা এই ব্যবসার সঙ্গে জড়িত। হঠাৎ করে নিষেধাজ্ঞা দিয়ে কিছু সমাধান হয় না। আমরা চাই, আলোচনার মাধ্যমে গঠনমূলক সমাধান। আবাসিক এলাকায় কাজ করতে গেলে কিছু নিয়ম-কানুন মানতেই হয়, সেই বিষয়ে আমাদের পক্ষ থেকেও যথাযথ সতর্কতা থাকবে।’\n\nবর্তমানে উত্তরা সেক্টর-৪ এলাকায় তিনটি সক্রিয় শুটিং হাউস রয়েছে-লাবণী-৪, লাবণী-৫ এবং আপন ঘর-২। এ ছাড়া একটি বেসরকারি টেলিভিশন চ্যানেলের শুটিং হাউস থাকলেও সেটির কার্যক্রম নিয়মিত নয়।\n\nতবে সব পক্ষের আলোচনার ভিত্তিতে এখন একটি বাস্তবসম্মত সমাধানের দিকে অগ্রসর হচ্ছে বিষয়টি। নতুন কিছু শর্ত আরোপের মাধ্যমে শুটিং কার্যক্রম আবার চালু করা হবে বলেও জানা গেছে।', NULL, NULL, NULL, 1, 'news/hz7cMjdk8KGhkRxAXWfs1FVkFBijAuTbXdXrt6Z6.jpg', NULL, NULL, 0, 0, 0, 'published', 2, NULL, NULL, '2025-07-26 13:37:45', '2025-07-28 13:36:57');
INSERT INTO `news_posts` (`id`, `news_title`, `slug`, `news_description`, `division_id`, `district_id`, `upazila_id`, `user_id`, `news_thumbnail`, `meta_title`, `meta_description`, `is_premium`, `is_lead`, `is_sub_lead`, `status`, `view_count`, `scheduled_at`, `deleted_at`, `created_at`, `updated_at`) VALUES
(49, 'তিন মামলায় ১৭ আসামি ট্রাইব্যুনালে হাজির', 'tin-mamlay-17-asami-traibzunale-hajir', 'বৈষম্যবিরোধী ছাত্র আন্দোলনে রংপুরের আবু সাঈদ, আশুলিয়ায় লাশ পোড়ানো ও লক্ষ্মীপুরে ৫ জনকে হত্যা মামলায় মোট ১৭ আসামি ট্রাইব্যুনালে হাজির করা হয়েছে। সোমবার আন্তর্জাতিক অপরাধ ট্রাইব্যুনালে আসামিদের প্রিজনভ্যানে করে হাজির করা হয়।\n\nরংপুরে আবু সাঈদ হত্যা\n\nগত ১৩ জুলাই গণঅভ্যুত্থানে রংপুরে বেগম রোকেয়া বিশ্ববিদ্যালয়ের ছাত্র আবু সাইদ হত্যা মামলায় পলাতক ২৪ আসামির বিরুদ্ধে পত্রিকায় বিজ্ঞপ্তি প্রকাশ করে আসামিদের হাজির করার নির্দেশ দেন ট্রাইব্যুনাল। একইসঙ্গে অন্য মামলায় গ্রেফতার থাকা আসামি রাফিউল হাসান রাসেল ও আনোয়ার পারভেজ আপিলকে এই মামলায় গ্রেফতার দেখিয়ে হাজির করতে নির্দেশ দেন আদালত।\n\nবিচারপতি মো. নজরুল ইসলাম চৌধুরীর নেতৃত্বাধীন আন্তর্জাতিক অপরাধ ট্রাইব্যুনাল-২ এ আদেশ দেন।\n\nআদালতে প্রসিকিউশনের পক্ষে শুনানি করেন প্রসিকিউটর আব্দুস সোবহান তরফদার ও আব্দুস সাত্তার পালোয়ান। সঙ্গে ছিলেন প্রসিকিউটর বি এম সুলতান মাহমুদ।\n\nট্রাইব্যুনালে আবু সাঈদ হত্যা মামলার চার আসামিকে আদালতে হাজির করা হয়।\n\nচার আসামি হলেন—সাবেক এসআই আমির হোসেন ও কনস্টেবল সুজন চন্দ্র রায়, বিশ্ববিদ্যালয়ের প্রক্টর শরিফুল ইসলাম ও ছাত্রলীগ কর্মী ইমরান চৌধুরী আকাশ।\n\nগত ৩০ জুন জুলাই গণঅভ্যুত্থানে রংপুরে বেগম রোকেয়া বিশ্ববিদ্যালয়ের ছাত্র আবু সাইদ হত্যা মামলায় অভিযোগ আমলে নেয় ট্রাইব্যুনাল। একইসঙ্গে এই মামলায় পলাতক থাকা ২৬ আসামির বিরুদ্ধে গ্রেপ্তারি পরোয়ানা জারি করেন আদালত।\n\nসোমবার বিচারপতি মো. নজরুল ইসলাম চৌধুরীর নেতৃত্বাধীন আন্তর্জাতিক অপরাধ ট্রাইব্যুনাল-২ এ আদেশ দেন।\n\nএর আগে জুলাই গণঅভ্যুত্থানে রংপুরে বেগম রোকেয়া বিশ্ববিদ্যালয়ের ছাত্র আবু সাইদ হত্যা মামলায় আনুষ্ঠানিক অভিযোগ দাখিল করা হয়েছে। এই মামলায় ৩০ জনকে আসামি করা হয়।\n\nবিচারপতি মো. নজরুল ইসলাম চৌধুরীর নেতৃত্বাধীন আন্তর্জাতিক অপরাধ ট্রাইব্যুনাল-২ এ প্রসিকিউশন থেকে আনুষ্ঠানিক অভিযোগ দাখিল করা হয়। \n\nজুলাই গণঅভ্যুত্থানে রংপুরে বেগম রোকেয়া বিশ্ববিদ্যালয়ের ছাত্র আবু সাইদ হত্যা মামলায় আন্তর্জাতিক অপরাধ ট্রাইব্যুনালে প্রতিবেদন দাখিল করে তদন্ত সংস্থা। তদন্ত প্রতিবেদনে আবু সাঈদ হত্যার সঙ্গে ৩০ জনের সম্পৃক্ততার বিষয় উঠে এসেছে।\n\nগত ১৫ জুন জুলাই গণঅভ্যুত্থানে রংপুরে বেগম রোকেয়া বিশ্ববিদ্যালয়ের ছাত্র আবু সাইদ হত্যা মামলায় আগামী ১৪ জুলাই তদন্ত প্রতিবেদন দাখিলের নির্দেশ দেন আন্তর্জাতিক অপরাধ ট্রাইব্যুনাল। একই সঙ্গে এই মামলার শুনানির জন্য ২৬ জুন দিন নির্ধারণ করেন ট্রাইব্যুনাল\n\nআন্তর্জাতিক অপরাধ ট্রাইব্যুনালের চেয়ারম্যান বিচারপতি মো. গোলাম মর্তুজা মজুমদারের নেতৃত্বাধীন তিন বিচারকের বেঞ্চ এ আদেশ দেয়।\n\nআদালতে প্রসিকিউশনের পক্ষে শুনানি করেন চিফ প্রসিকিউটর মোহাম্মদ তাজুল ইসলাম, প্রসিকিউটর গাজী মোনাওয়ার হুসাইন, বি এম সুলতান মাহমুদ ও এস এম মঈনুল করিম। আসামি পক্ষে ছিলেন আইনজীবী রাশেদুল হক খোকন ও দেলোয়ার হোসেন সোহেল।\n\nগত ৯ এপ্রিল ট্রাইব্যুনাল এই চারজনকে হাজির করার নির্দেশ দেয় এবং ১৫ জুনের মধ্যে তদন্ত প্রতিবেদন জমা দেওয়ার নির্দেশ দিয়েছিল।\n\nপ্রসিকিউশন ট্রাইব্যুনালকে জানিয়েছে, বৈষম্যবিরোধী ছাত্র আন্দোলনের সময় পুলিশের গুলিতে নিহত হন আবু সাঈদ। এই ঘটনায় সরাসরি জড়িত ছিলেন সাবেক এসআই আমির হোসেন ও কনস্টেবল সুজন চন্দ্র রায়।\n\nএ ছাড়া বিশ্ববিদ্যালয়ের প্রক্টর শরিফুল ইসলাম ও ছাত্রলীগ কর্মী ইমরান চৌধুরী আকাশসহ আরও অনেকে সহায়তা ও উসকানি দিয়েছেন।\n\nওই চার আসামি অন্য মামলায় আগে থেকেই গ্রেফতার ছিলেন।\n\n২০২৪ সালের ১ জুলাই থেকে সরকারি চাকরিতে কোটা নিয়ে আন্দোলনের মধ্যে ১৬ জুলাই রংপুরে পুলিশের গুলিতে আবু সাঈদ নিহত হন।\n\nলক্ষ্মীপুরে গণহত্যা\n\nগত ১৬ জুলাই জুলাই-আগস্ট আন্দোলন ঘিরে লক্ষ্মীপুরে শিক্ষার্থীসহ পাঁচ হত্যার ঘটনায় জড়িত থাকার অভিযোগে অন্য মামলায় গ্রেফতার তিন আসামিকে ২৮ জুলাই হাজিরের নির্দেশ দেন আন্তর্জাতিক অপরাধ ট্রাইব্যুনাল।\n\nট্রাইব্যুনাল-২ এর চেয়ারম্যান বিচারপতি নজরুল ইসলাম চৌধুরীর নেতৃত্বাধীন তিন সদস্যের বিচারিক প্যানেল এ আদেশ দেন। \n\nট্রাইব্যুনালের বাকি সদস্যরা হলেন—অবসরপ্রাপ্ত জেলা ও দায়রা জজ মো. মঞ্জুরুল বাছিদ এবং জেলা ও দায়রা জজ নূর মোহাম্মদ শাহরিয়ার কবীর।\n\nএর আগে লক্ষ্মীপুরের ঘটনায় মানবতাবিরোধী অপরাধের অভিযোগ এনে আন্তর্জাতিক অপরাধ ট্রাইব্যুনালে মামলা করা হয়। \n\nতিন আসামি হলেন—লক্ষ্মীপুর সদর উপজেলা আওয়ামী লীগের সভাপতি হুমায়ুন কবির পাটোয়ারী, সদর উপজেলার দিঘলী ইউনিয়ন পরিষদের চেয়ারম্যান সালাহ উদ্দিন জাবেদ ও জেলা ছাত্রলীগের সাংগঠনিক সম্পাদক শাহীন আলম।\n\nআদালতে প্রসিকিউশনের পক্ষে শুনানি করেন চিফ প্রসিকিউটর মোহাম্মদ তাজুল ইসলাম। সঙ্গে ছিলেন প্রসিকিউটর আবদুস সাত্তার পালোয়ান। \n\nআশুলিয়ায় ৬ লাশ পোড়ানো\n\nগত ২ জুলাই জুলাই-আগস্ট গণ অভ্যুত্থানে আশুলিয়ায় ছয়জনকে হত্যার পর লাশ পোড়ানোর ঘটনায় মানবতা বিরোধী অপরাধের মামলায় সাবেক এমপি সাইফুল ইসলামসহ ১৬ আসামির বিরুদ্ধে অভিযোগ আমলে নেন ট্রাইব্যুনাল। একইসঙ্গে এই মামলায় পলাতক সাবেক এমপি সাইফুল ইসলামসহ ৮ আসামির বিরুদ্ধে গ্রেপ্তারি পরোয়ানা জারি করা হয়।\n\nআন্তর্জাতিক অপরাধ ট্রাইব্যুনালের চেয়ারম্যান বিচারপতি মো. নজরুল ইসলাম চৌধুরীর নেতৃত্বাধীন তিন সদস্যের বিচারিক প্যানেল এ আদেশ দেন।\n\nএর আগে জুলাই-আগস্ট গণ অভ্যুত্থানে আশুলিয়ায় ছয়জনকে হত্যার পর লাশ পোড়ানোর মামলার ট্রাইব্যুনালে ১৭৩ পৃষ্টার আনুষ্ঠানিক অভিযোগ দাখিল করে প্রসিকিউশন।\n\nছয় লাশ পোড়ানোর এ মামলায় সাত আসামিকে ট্রাইব্যুনালে হাজির করে পুলিশ। \n\nতারা হলেন—ঢাকা জেলার সাবেক অতিরিক্ত পুলিশ সুপার (ক্রাইম অ্যান্ড অপস) মো. আব্দুল্লাহিল কাফী, ঢাকা জেলা পুলিশের সাবেক অতিরিক্ত সুপার (সাভার সার্কেল) মো. শাহিদুল ইসলাম, তৎকালীন ওসি এএফএম সায়েদ, ডিবি পরিদর্শক মো. আরাফাত হোসেন, এসআই মালেক ও কনস্টেবল মুকুল।', NULL, NULL, NULL, 1, 'news/VuKS5snh63j2v46nYpbk7HLujG5jPqVxyEHKVZES.jpg', NULL, NULL, 0, 1, 0, 'published', 20, NULL, NULL, '2025-07-28 05:58:59', '2025-07-28 12:40:01'),
(50, 'পান্তের পরিবর্তে কে এই উইকেটকিপার?', 'panter-pribrte-ke-ei-uiketkipar', 'ধ্রুব জুরেল আছেন, কেএল রাহুলও খেলছেন। তবুও ভারতের বোর্ড ঝুকেছে অখ্যাত এক কিপারব্যাটারের দিকে। যাকে ফ্রেশার বললেও ভুল হবে না। এখন অবধি জাতীয় দলের কোনো ফরম্যাটে খেলেননি নারায়ণ জগদীশন। তাকেই টানা হচ্ছে ঋষভ পান্তের বদলি হিসেবে।\n\nইংল্যান্ডের বিপক্ষে পাঁচ ম্যাচ সিরিজের শেষ টেস্টের একাদশে থাকা জগদীশনকে নিয়েই আলোচনা। তামিলনাড়ুর এই উইকেটকিপার ব্যাটার এখন পর্যন্ত জাতীয় দলের হয়ে কোনো ম্যাচ খেলেননি। তবে লিস্ট এ এবং প্রথম শ্রেণির ক্রিকেটের পাশাপাশি আইপিএলে কলকাতা নাইট রাইডার্স ও চেন্নাই সুপার কিংসের মতো দলে খেলেছেন জগদীশন।\n\nম্যানচেস্টারে সিরিজের চতুর্থ টেস্টের প্রথম দিনে চোট পান পান্ত। স্ক্যানের পর জানা যায় পায়ে চিড় ধরা পড়েছে। ওই টেস্টে বাকি সময়ে আর কিপিং করেননি। একসময় ভারত তাকে ব্যাটিংয়েও নামাতে চায়নি। কিন্তু দলের প্রয়োজনে ব্যাট করতে নেমেছিলেন। সেই ডান পায়ের চোটেই ভারতের সহ-অধিনায়ক ছিটকে গেছেন।\n\nসেই সুযোগে ২৮ বছর বয়সী জগদীশন এই প্রথম ভারতীয় টেস্ট দলে ডাক পেলেন। ঘরোয়া ক্রিকেটে ধারাবাহিক পারফরম্যান্সে বদৌলতে নির্বাচকদের নজরে আসেন। প্রথম-শ্রেণির ক্রিকেটের অভিজ্ঞতাই এগিয়ে দিয়েছে জগদীশনকে। রাহুল সম্পূর্ণ ফিট না হওয়ায় উইকেটকিপার হিসেবে জগদীশন এখন ধ্রুব জুরেলের সঙ্গে দ্বিতীয় বিকল্প হিসেবে থাকছেন।\n\nএখন পর্যন্ত ৫২টি প্রথম-শ্রেণির ম্যাচে ৩,৩৭৩ রান করেছেন। জগদীশনের রয়েছে ১০টি সেঞ্চুরি ও ১৪টি হাফ-সেঞ্চুরি। ব্যাট করছেন ৪৭.৫০ গড়ে। ঋষভ পান্তের ভালো বিকল্প বটে! তবে ভারতের স্কোয়াডে প্রথমবার ডাক পাওয়া জগদীশন একাদশে থাকেন কিনা, তা এখনও নিশ্চিত নয়! ওভালে ৩১ জুলাই শুরু হবে সিরিজের সবশেষ টেস্ট। আপাতত সিরিজে ২-১ ব্যবধানে পিছিয়ে ভারত।', NULL, NULL, NULL, 1, 'news/rYfRnK6PuQBARsdPjlV7VkNpDy2zSpYNs2Kglbwx.jpg', NULL, NULL, 0, 0, 0, 'published', 2, NULL, NULL, '2025-07-28 06:46:17', '2025-07-28 07:15:17'),
(51, '‘হ্যান্ডশেক’ বিতর্কে আবারও আলোচনায় স্টোকস-জাদেজা', 'hzandsek-bitrke-abaroo-alocnay-stoks-jadeja', 'অ্যান্ডারসন-টেন্ডুলকার ট্রফির চতুর্থ টেস্টে ব্যাটে বলে দারুণ আলো ছড়িয়েছেন বেন স্টোকস আর রবীন্দ্র জাদেজা। দুজনেই সেঞ্চুরি করেছেন, উইকেটও নিয়েছেন বেশ। ম্যাচ শেষে আলোচনায় এমনিতেই থাকতেন। তবে ম্যাচের শেষ দিকে এমন কাণ্ড করেছেন দুজনে, তার ফলে তাদেরকে আলোচনায় রাখতে হচ্ছে ভিন্ন কারণে।\n\nচতুর্থ টেস্টের শেষে ওল্ড ট্রাফোর্ডে রবিবার এক উত্তপ্ত মুহূর্তে দেখা গেল বেন স্টোকস ও রবীন্দ্র জাদেজাকে। ম্যাচ শেষে হাত মেলাতে অস্বীকৃতি, পরবর্তীতে কথা কাটাকাটি – সব মিলিয়ে হ্যান্ডশেক বিতর্কে জমে ওঠে ম্যাচের শেষ কিছু মুহূর্ত।\n\nদিনের খেলা শেষ হওয়ার আগে ১৫ ওভার বাকি থাকতে ম্যাচ ড্র করার প্রস্তাব দেন ইংল্যান্ড অধিনায়ক বেন স্টোকস। কিন্তু সেই প্রস্তাবে রাজি হননি জাদেজা ও ওয়াশিংটন সুন্দর। কারণ, দুজনেই তখন তাদের সেঞ্চুরির কাছাকাছি ছিলেন।\n\nশেষ পর্যন্ত দুজনেই সেঞ্চুরি করেন। কিন্তু ম্যাচ শেষে দেখা যায়, স্টোকস শুরুতে তাদের সঙ্গে হাত মেলাননি। তিনি জাদেজার সঙ্গে কিছুটা উত্তপ্ত আলোচনায় জড়িয়ে পড়েন। পরে অবশ্য মাঠ ছাড়ার সময় স্টোকস দুজনের সঙ্গেই হাত মেলান।\n\nস্টোকস বলেন, ‘সকল কাজ তো ভারতই করে ফেলেছে। ফলাফল একটাই ছিল। আমি আমার প্রধান বোলারদের ঝুঁকিতে ফেলতে চাইনি। (লিয়াম) ডসওয়েল অনেক ওভার বোলিং করেছে, তার শরীর ক্লান্ত ছিল। তাই আমি আমার মূল বোলারদের আর মাঠে আনিনি।’\n\nচতুর্থ দিন যশস্বী জয়সওয়াল ও সাই সুদর্শনের দ্রুত বিদায়ের পর ভারতের জেতার আশা ক্ষীণ হয়ে পড়ে। তবে কেএল রাহুল ও শুভমান গিল দৃঢ়ভাবে লড়াই চালান। এরপর সুন্দর ও জাদেজা ২২৩ রানের জুটি গড়ে ম্যাচ ভারতের হাতছাড়া হতে দেয়নি।\n\nস্টোকস নিজে সেঞ্চুরি করেছেন, পাঁচটি উইকেটও নিয়েছেন। তবুও ম্যাচ ড্র হওয়ায় হতাশ। তিনি বলেন, ‘এই ফলের জন্য আমি আমার সব কিছুই ফেরত দিতে রাজি।’\n\nতবে শেষ পর্যন্ত জাদেজা ও সুন্দরকে প্রশংসায় ভাসিয়েছেন ইংল্যান্ড অধিনায়ক। স্টোকস বলেন, ‘ওয়াশিংটন ও জাদেজা যেভাবে খেলেছে, তার জন্য অনেক কৃতিত্ব প্রাপ্য। আমরা তাদের উপর সব রকম চাপ সৃষ্টি করেছিলাম, কিন্তু তারা সেটা ভালোভাবে সামলেছে।’', NULL, NULL, NULL, 1, 'news/LgaX8Wdd8X4as4Umy0ixDaCuqI3JpQ9nngV5Fdz9.jpg', NULL, NULL, 0, 0, 0, 'published', 0, NULL, NULL, '2025-07-28 06:48:39', '2025-07-28 06:48:39'),
(52, '‘সৌম্য ভালো খেললে বাংলাদেশের চেহারাই বদলে যায়’', 'soumz-valo-khelle-bangladeser-ceharai-bdle-zay', 'এই গেল বছর পর্যন্ত দলে নিয়মিতই ছিলেন সৌম্য সরকার। চলতি বছর চ্যাম্পিয়ন্স ট্রফিতেও খেলেছেন। তবে হুট করেই তিনি দল থেকে ব্রাত্য হয়ে পড়েছেন। শ্রীলঙ্কা সিরিজের দলে জায়গা পাননি। তার জায়গায় দলে ঢুকেছিলেন নাঈম শেখ, তবে তিনিও ব্যর্থ হয়েছেন।\n\nএবার তার ভূয়সী প্রশংসাই করেছেন সাবেক অধিনায়ক আকরাম খান। তিনি জানিয়েছেন, বোলারদের ওপর আধিপত্য বিস্তারে সৌম্যর জুড়ি মেলা ভার। তিনি যেদিন ভালো খেলেন, সেদিন দলের চেহারাই বদলে যায়।\n\nসম্প্রতি তিনি গণমাধ্যমকে বলেন, ‘সৌম্যও খুব ভালো খেলোয়াড়। সৌম্য অনেকটা লিটনের মতো খেলোয়াড়। যেদিন সে ভালো খেলে সেদিন অনেক ভালো খেলে। ও হয়তো শুরুতেই আউট হয়ে যায়, কিন্তু যেদিন ভালো খেলে সেদিন দলের চেহারাই বদলে দেয়।’\n\nকথাটার পক্ষে প্রমাণ দিচ্ছে সৌম্যর পারফর্ম্যান্স। টি-টোয়েন্টিতে শেষ পাঁচ ইনিংসে তার চল্লিশোর্ধ্ব ইনিংস আছে দুটো। দুই ইনিংসেই তিনি রান করেছেন নিদেনপক্ষে ১৩৪ স্ট্রাইক রেটে। দুই ম্যাচেই বাংলাদেশ ম্যাচ জিতেছে। যুক্তরাষ্ট্রের বিপক্ষে হোয়াইটওয়াশ এড়ানোর ম্যাচে তিনি ৪৩ রানের অপরাজিত ইনিংস খেলেছিলেন ২৮ বলে, ১৫৩ স্ট্রাইক রেটে।\n\nওয়েস্ট ইন্ডিজের বিপক্ষে ৪৩ রানের ইনিংসটা খেলেছিলেন ৩২ বলে। বাংলাদেশের পক্ষে সর্বোচ্চ রানের ইনিংস ছিল সেটি। সে ম্যাচে লিটন দাসের দল জিতেছিল ৭ রানের ব্যবধানে। \n\nওয়ানডে ক্রিকেটেও সবশেষ ১০ ইনিংসে ভালো কিছু রান আছে তার। ওয়েস্ট ইন্ডিজের বিপক্ষে সিরিজের শেষ ম্যাচে ৭৩ রানের ইনিংস খেলেছিলেন। তার আগে শ্রীলঙ্কার বিপক্ষে ৬৮ রানের ইনিংস আছে তার। সে ম্যাচটা পরে বাংলাদেশ হেরেছে, তবে তার আগে দলকে বড় রানের দিশা দিয়েছিল তার এই ইনিংস। তার মাঝে আফগানিস্তানের বিপক্ষে সিরিজে বেশ কিছু ছোট ছোট ইনিংসে দলকে ভালো শুরু এনে দিয়েছিলেন সৌম্য।\n\nসেই তিনি হুট করে দল থেকে বাদ পড়লেন। যদিও ফাঁকা সময়টা তিনি কাজে লাগিয়েছেন রংপুর রাইডার্সের হয়ে গ্লোবাল সুপার লিগে (জিএসএল) খেলে। সেখানেও দুবাই ক্যাপিটালসের বিপক্ষে ৩৬ আর গায়ানা আমাজন ওয়ারিয়র্সের বিপক্ষে ৩৫ রানের ইনিংস আছে তার।\n\nএদিকে তার জায়গায় যিনি জায়গা পেয়েছিলেন দলে, সেই নাঈম শেখ ব্যর্থ হয়েছেন ভালোভাবেই। তিন ইনিংসে তিনি রান করেছেন মোটে ৪৫, স্ট্রাইক রেট মোটে ৮৪.৯০। সবচেয়ে বড় কথা, তার আড়ষ্ট ব্যাটিং দলের ওপরও চাপ বাড়িয়েছে বেশ করে।\n\nসৌম্য এখানেই উতরে যাচ্ছেন। নিয়মিত হয়তো রান মিলছে না, তবে যেদিন পাচ্ছেন, তা দলের পারফর্ম্যান্সে বড় প্রভাব ফেলছে। আর সে কারণেই বিকল্প ওপেনার হিসেবে আবারও সৌম্যর ডাক পাওয়ার সম্ভাবনা বেড়ে যাচ্ছে বহুগুণে।', NULL, NULL, NULL, 1, 'news/GMWlPK5XhdIPgadiqBLzhT0PuEUF92mxcfFyOCgd.jpg', NULL, NULL, 0, 0, 0, 'published', 0, NULL, NULL, '2025-07-28 06:49:23', '2025-07-28 06:49:23'),
(53, 'আবারও ইউরো চ্যাম্পিয়ন ইংল্যান্ড', 'abaroo-iuro-czampizn-inglzand', 'ভালো প্রতিশোধ হলো বটে! দুই বছর আগে স্পেনের মেয়েদের কাছে বিশ্বকাপ শিরোপা খুইয়েছিল ইংল্যান্ড। বদলা এসেছে ইউরো চ্যাম্পিয়নশিপে। ইংলিশ মেয়েদের এটি টানা দ্বিতীয় ইউরো। আর এবারই প্রথম ইংলিশ কোনো ফুটবল দল মর্যাদার শিরোপা জিতল বিদেশের মাটিতে।\n\nসুইজারল্যান্ডের বাসেলে ইউরোর ফাইনালে স্পেনকে টাইব্রেকারে ৩-১ ব্যবধানে হারিয়েছে ইংল্যান্ড। নির্ধারিত ও অতিরিক্ত সময়ে ১-১ গোলে সমতা ছিল। ১৯৬৬ বিশ্বকাপ ইংল্যান্ড জিতেছিল নিজেদের মাঠে। মেয়েদের দল ২০২২ ইউরোও ঘরের মাঠে। এবার দেশের বাইরে।\n\nশিরোপা ভাগাভাগির লড়াইয়ে কেউ কারও থেকে এগিয়ে যেতে পারেনি। ১২০ মিনিটের লড়াই শেষে ভাগ্য গড়ায় পেনাল্টি শ্যুটআউটে। স্পেনের প্রথম চার শটের তিনটি শটিই ঠেকিয়ে দেন ইংলিশ গোলরক্ষক। অন্যদিকে ইংল্যান্ড প্রথম চার শটের দুটিতে গোল করার পর পঞ্চম শট নিতে আসেন ক্লোয়ি কেলি। শিরোপা নির্ধারণী শটটিতে কোনো ভুল করেননি এই ফরোয়ার্ড।\n\nদলের শিরোপা জয় নিশ্চিত হওয়ার পর উচ্ছ্বসিত কেলি বলেন, ‘আমি শান্ত ছিলাম, সংযত ছিলাম। আমি জানতাম বলটা জালে জড়াবে।’ ২০২২ ইউরোর ফাইনালেও জয়সূচক গোলটি এসেছিল তার পা থেকেই।\n\nএদিন, প্রথমার্ধে ম্যাচের ২৫ মিনিটে এগিয়ে যায় স্পেন। বিরতি থেকে ফিরে ৫৭ মিনিটে সমতায় ফেরে ইংল্যান্ড। বাকি সময় দুই দলের কেউ পায়নি গোল। খেলা টাইব্রেকারে পৌঁছালে শেষ হাসি হাসে ইংল্যান্ড।', NULL, NULL, NULL, 1, 'news/9uhK9ag4s1Au7AEN8vEZLEwbftigAV0TArWhAQlb.jpg', NULL, NULL, 0, 0, 0, 'published', 0, NULL, NULL, '2025-07-28 06:50:19', '2025-07-28 06:50:19'),
(54, 'স্টোকসের ‘হ্যান্ডশেকের’ প্রস্তাবে কেন রাজি হয়নি ভারত', 'stokser-hzandseker-prstabe-ken-raji-hyni-vart', 'ওল্ড ট্রাফোর্ড টেস্টে ইংল্যান্ড বা ভারত—কেউ জেতেনি, ম্যাচ শেষ হয়েছে ড্র–তে। তবে ফলহীন এই ম্যাচেই শেষ দিকে দেখা গেছে চরম নাটকীয়তা। দিনের খেলা এক ঘণ্টা বাকি, এমন সময় ইংল্যান্ড অধিনায়ক বেন স্টোকস মাঠে থাকা ভারতের দুই ব্যাটসম্যান রবীন্দ্র জাদেজা ও ওয়াশিংটন সুন্দরের দিকে ‘হ্যান্ডশেক’-এর জন্য হাত বাড়িয়ে দেন।\n\nএকটি টেস্ট ম্যাচের শেষ দিনের শেষবেলায় ফিল্ডিং দলের অধিনায়কের ‘হ্যান্ডশেক’ প্রস্তাবের অর্থ ড্র মেনে খেলা তখনই শেষ করে দেওয়া। সাধারণত ব্যাটসম্যান দল এ ধরনের প্রস্তাব মেনে নিলেও ভারতের দুই ব্যাটসম্যান ওই মুহূর্তে তাতে রাজি হননি।\n\nকেন হননি, সেটা তাৎক্ষণিকভাবেই বোঝা গেছে। তবে এর রেশ থেকে গেছে ম্যাচের শেষেও। দিন শেষে দুই দলের আনুষ্ঠানিক সংবাদ সম্মেলনেই প্রসঙ্গটি আলোচিত হয়েছে। খেলা চালিয়ে গেলেও জেতা যাবে না, সেটা বোঝার পরও ভারতের ব্যাটসম্যানরা কেন ব্যক্তিগত মাইলফলকের পেছনে ছুটলেন আর ইংল্যান্ড অধিনায়কই–বা কেন ঠিক ওই মুহূর্তেই খেলা শেষ করতে চাইলেন?\n\nস্টোকস যখন জাদেজা ও সুন্দরের দিকে ড্রর জন্য হাত বাড়িয়ে দিয়েছেন, ম্যাচে ভারত তখন ৭৫ রানে এগিয়ে। ম্যাচে ইংল্যান্ডের একটি ইনিংস বাকি থাকায় কেউই যে জিতছে না, সেটা বোঝা যাচ্ছিল স্পষ্টতই। তবে দুই সেশন ধরে ব্যাটিং করতে থাকা দুই ব্যাটসম্যানের চোখে তখন ব্যক্তিগত সেঞ্চুরির লক্ষ্য। জাদেজা অপরাজিত ৮৯ রানে, সুন্দর ৮০ রানে। এর মধ্যে সুন্দর আবার কখনোই টেস্টে সেঞ্চুরি করেননি।\n\nস্টোকসের বাড়িয়ে দেওয়া হাত প্রত্যাখ্যান করে ভারতের দুই ব্যাটসম্যান খেলা চালিয়ে গেছেন। শেষ পর্যন্ত করেছেন সেঞ্চুরিও। সুন্দরের প্রথম টেস্ট সেঞ্চুরি পূর্ণ হওয়ার পরই দুই দল খেলায় সমাপ্তি মেনে নেয়। ম্যাচ শেষ হয় সমতায়।\n\nদিনের শেষে ভারত কোচ গৌতম গম্ভীরকে তাঁর দলের ব্যাটসম্যানদের ‘হ্যান্ডশেক’ প্রস্তাব ফিরিয়ে দেওয়া নিয়ে জিজ্ঞাসা করা হলে বেশ অসন্তোষ প্রকাশ করেই উত্তর দিয়েছেন, ‘কেউ যদি ৯০ আর ৮৫ রানে ব্যাট করে, তাদের কি সেঞ্চুরি পাওয়া উচিত নয়? ইংল্যান্ডের কেউ যদি এ ধরনের মাইলফলকের সামনে থাকত, তারা কি খেলা ছেড়ে দিত? আমাদের ব্যাটসম্যানরা (সারা দিনে) প্রতিকূল পরিস্থিতি সামলেছে, সেঞ্চুরিটা তারা অর্জন করে নিয়েছে। আমরা এখানে কাউকে খুশি করতে আসিনি।’\n\nভারত তাদের দ্বিতীয় ইনিংস শুরু করেছিল ইংল্যান্ডের প্রথম ইনিংসের চেয়ে ৩১১ রান পিছিয়ে থেকে। অধিনায়ক শুবমান গিলের ১০৩ ও লোকেশ রাহুলের ৯০ রানের ইনিংসের পর জাদেজা (১০৭*) ও সুন্দরের (১০১*) ব্যাটে ভর করেই ১৪৩ ওভারে ৪২৫ রান নিয়ে ম্যাচ শেষ করে ভারত।\n\nদিনের খেলা শেষে ভারতের ব্যাটসম্যানদের, বিশেষ করে জাদেজা-সুন্দরের উচ্ছ্বসিত প্রশংসাই করেছেন ইংল্যান্ড অধিনায়ক। তবে সেঞ্চুরির কাছাকাছি দুই ব্যাটসম্যানের কাছে কেন ড্রর প্রস্তাব নিয়ে গিয়েছিলেন, সে বিষয়ে নিজস্ব একটি ব্যাখ্যা দিয়েছেন তিনি, ‘জুটিটা অবিশ্বাস্য রকম ভালো খেলেছে। আমি মনে করি না অপরাজিত শতরান করে, দলকে একটি কঠিন পরিস্থিতি থেকে উদ্ধার করার চেয়ে, ৮০ বা ৯০ রানে অপরাজিত থেকে ফিরে আসায় বেশি সন্তুষ্টি আছে। (তবে) এটা আপনি দলের জন্যই করেছেন। জানেন তো, ওই ১০ রান বা যা-ই হোক না কেন, এটা এই সত্যটা পরিবর্তন করবে না যে আপনি আপনার দলকে একটা খুব, খুব, খুব কঠিন পরিস্থিতি থেকে বের করে আনতে পেরেছেন এবং শেষ ম্যাচের আগেই আপনার দলকে প্রায় সিরিজ হার থেকেও বাঁচিয়েছেন।’\n\nভারতের দুই ব্যাটসম্যানের চেয়ে নিজেদের বোলারদের কথাই ওই সময় বেশি ভেবেছেন বলে জানান স্টোকস, ‘আমরা আমাদের মূল বোলারদের দিয়ে খেলাটা যতদূর সম্ভব টেনে নিয়ে গিয়েছিলাম, উদ্দেশ্য ছিল জেতাটা। কিন্তু যে মুহূর্তে এটা স্পষ্ট হয়ে গেল যে ড্র হওয়া অনিবার্য, আমি তখন আর আমাদের মূল বোলারদের কোনো ঝুঁকি নিতে চাইনি। বিশেষ করে আমাদের কাছে সময় কম, এই সপ্তাহজুড়ে এবং পুরো সিরিজে তাদের ওপর চাপও অনেক বেশি ছিল।’\n\nভারতের দুই ব্যাটসম্যান হ্যান্ডশেক প্রস্তাব না মেনে খেলা চালিয়ে যাওয়ার কথা বলার পর স্টোকস হ্যারি ব্রুক ও জো রুটের মতো খণ্ডকালীন বোলারদের দিয়ে বোলিং করিয়েছেন। বিষয়টি তুলে ধরে ইংল্যান্ডের অধিনায়ক বলেছেন ‘হ্যারি ব্রুক ছাড়া আর কেউ বোলিং করার মতো নির্ভার অবস্থায় ছিল না। তবে তাকেও আমি সতর্ক করে দিয়েছিলাম, “দয়া করে কোনো বোকামি করো না। আমরা মাঠে অনেক সময় কাটিয়েছি, এ সময় পেশিতে টান পড়া বা অন্য কোনো সমস্যা হতে পারে। স্বাভাবিকভাবেই, তুমি ক্লান্ত—এমনকি যদি বোলিংও না করো।” তাই আমি শুধু তাকে বলেছিলাম, “শেষ পর্যন্ত ঠিকভাবে পার করো।” কিন্তু হ্যাঁ, যখন পরিণাম পরিষ্কার ছিল, তখন আমি আমাদের নিয়মিত বোলিং অপশনগুলোর কোনো ঝুঁকি নিতে চাইনি।’\n\nপাঁচ টেস্টের ‘অ্যান্ডারসন-টেন্ডুলকার ট্রফি’তে ইংল্যান্ড এখন ২-১ ব্যবধানে এগিয়ে। সিরিজের পঞ্চম ও শেষ টেস্ট শুরু হবে ৩১ জুলাই ওভালে।', NULL, NULL, NULL, 1, 'news/EDJWVEDezIuHk9WuWuHMgjgewQI1YDAk6bFRBH2m.jpg', NULL, NULL, 0, 0, 0, 'published', 0, NULL, NULL, '2025-07-28 06:54:00', '2025-07-28 06:54:00'),
(55, 'প্রথম শ্রেণির ক্রিকেটে সুযোগ পাচ্ছেন বিদেশিরা!', 'prthm-srenir-krikete-suzog-pacchen-bidesira', 'ঘরোয়া ক্রিকেটে মর্যাদাপূর্ণ ওয়ানডে টুর্নামেন্ট ঢাকা প্রিমিয়ার ক্রিকেট লিগে বিদেশি ক্রিকেটার খেলছেন না কয়েক মৌসুম ধরে। তবে প্রথম শ্রেণির ক্রিকেটে বিদেশি ক্রিকেটার খেলানোর কথা ভাবছে বাংলাদেশ ক্রিকেট বোর্ড (বিসিবি)। ২০০০ সালের দিকে জাতীয় ক্রিকেট লিগে একজন করে বিদেশি ক্রিকেটার খেলার সুযোগ পেত দলগুলো। অক্টোবরে মাঠে গড়াতে পারে এনসিএলের এবারের আসর। টুর্নামেন্টে প্রতিযোগিতা ও চ্যালেঞ্জ বাড়াতেই এমন পথে হাঁটার সিদ্ধান্ত নিতে যাচ্ছে টুর্নামেন্ট কমিটি। এ ছাড়া সেপ্টেম্বরের দ্বিতীয় সপ্তাহে এনসিএলটি ২০’র আসর বসবে তিনটি ভেন্যুতে।\n\nটুর্নামেন্ট কমিটির চিফ কো-অর্ডিনেটর অব প্রোগ্রামের দায়িত্বে থাকা মিনহাজুল আবেদীন এনসিএলে বিদেশি ক্রিকেটার খেলানো নিয়ে বলেন, ‘২০০০ সালের দিকে এনসিএলে একজন করে বিদেশি ক্রিকেটার খেলত, আমরা সেই নিয়মে ফিরতে চাইছি। এখনো কিছু চূড়ান্ত নয়। সব আলোচনার পর্যায়ে আছে। আমরা প্রস্তাব দেব, বাকি সিদ্ধান্ত দ্রুতই নেওয়া হবে।’ ডলার সংকটের কারণে ২০২৩-২৪ মৌসুমের ডিপিএলের আগে বিদেশি ক্রিকেটার খেলানোর রীতি থেকে সরে আসে দলগুলো। সেপ্টেম্বরের দ্বিতীয় সপ্তাহে শুরু হতে যাওয়া ২০ ওভারের ঘরোয়া টি ২০ টুর্নামেন্ট হবে দেশের তিনটি ভেন্যুতে। ফাইনাল হবে ৪ অক্টোবর। বিপিএলের দল গোছানোর জন্য এই টুর্নামেন্ট অনেক কাজে দেবে বলে ধারণা বিসিবির। একই সময়ে সংযুক্ত আরব আমিরাতে অনুষ্ঠিত হবে এশিয়া কাপ। ফলে জাতীয় দলে থাকা ক্রিকেটারদের পাওয়া যাবে না ঘরোয়া ক্রিকেটের নতুন টুর্নামেন্টটিতে। গত আসরেও জাতীয় দলের ক্রিকেটাররা ছিলেন না আট দলের এনসিএল টি ২০-তে।\n\nআসন্ন এশিয়া কাপ ও বিশ্বকাপের জন্য জাতীয় দলের প্রস্তুতি নিয়ে মিনহাজুল বলেন, ‘বিশ্বকাপের আগে খুব বেশি সময় নেই। সামনে এশিয়া কাপ আছে। এজন্য ২৫ জনের একটি পুল নিয়ে এগোনো উচিত। সম্ভাব্য সেরা দল নিয়ে বেশির ভাগ ম্যাচ খেলানো দরকার। বিশ্বকাপের আগে সত্যিকারের স্পোর্টিং উইকেটে খেললে উপকার হবে।’ এশিয়া কাপের আগে অনেকেই ফাঁকা সময়ের কথা বললেও সায় দিচ্ছেন না মিনহাজুল। তিনি বলেন, ‘টানা অনেকগুলো সিরিজ খেলেছে ক্রিকেটাররা। এখন তাদের মানসিকভাবে চাঙা হওয়ার দরকার আছে। সেই জায়গায় খেলোয়াড়দের ওপর কিছু জোর করে চাপিয়ে দেওয়ার পক্ষে আমি নই। একটি সিরিজ খেললে ভালো, না হলে নতুন উদ্যমে তারা এশিয়া কাপ দিয়ে শুরু করতে পারবে।’ টানা দুটি সিরিজ জয়কে বড় অর্জন হিসাবে দেখছেন সাবেক প্রধান নির্বাচক মিনহাজুল। জাতীয় দলের ক্রিকেটাররা এখনো ছুটিতে রয়েছেন। কয়েকদিন পরই অনুশীলন ক্যাম্প শুরু হবে ক্রিকেটারদের।', NULL, NULL, NULL, 1, 'news/uNpylSyJ4qFVCRdMVtsMHUabeNwjFLpwz5WuzCGR.jpg', NULL, NULL, 0, 0, 0, 'published', 0, NULL, NULL, '2025-07-28 06:55:54', '2025-07-28 06:55:54'),
(56, 'মিলিয়ন ডলার বেবি: ক্লিন্ট ইস্টউডের মাস্টারপিস', 'miliyn-dlar-bebi-klint-istuder-mastarpis', '‘মিলিয়ন ডলার বেবি’ খেলাধুলাভিত্তিক সিনেমার গণ্ডি পেরিয়ে হয়ে উঠেছে মানবিক এক উপাখ্যান। যে চলচ্চিত্র শেষ করার পর এর রেশ রয়ে যায় অনেক দিন পর্যন্ত।\n\nখেলাধুলার সিনেমা মানেই টান টান উত্তেজনা, শ্বাসরুদ্ধকর মুহূর্ত, আর শেষ পর্যন্ত নায়কের জয়—এমনটাই আমরা দেখে অভ্যস্ত। কিন্তু কিছু সিনেমা এই চেনা ছক ভেঙে এক অন্য রকম অভিজ্ঞতার জন্ম দেয়। এমনই এক চলচ্চিত্র ‘মিলিয়ন ডলার বেবি’—যেখানে বক্সিং আছে, কিন্তু সেটি শুধু বাহানা। মূল গল্পটা আসলে জীবনের।\n\nপরিচালক ক্লিন্ট ইস্টউড এখানে বক্সিংকে ব্যবহার করেছেন এক অসামান্য মানবিক ট্র্যাজেডির পটভূমি হিসেবে। গল্পটা মূলত এক মানুষের উত্থান-পতন, সংগ্রাম আর নিজের অস্তিত্ব খুঁজে পাওয়ার। যেখানে জয় নেই, পরাজয়ও নেই—আছে শুধু বেঁচে থাকার তীব্র আকুতি, আর শেষ পর্যন্ত নিজেই নিজের জন্য একটা সিদ্ধান্ত নিয়ে নেওয়ার সাহস।\n\nসিনেমায় উঠে এসেছে সম্পর্কের জটিলতা। রক্তের সম্পর্ক সব সময় আশ্রয় দেয় না, অনেক সময় তারাই হয় আঘাতের উৎস। আবার একেবারে অপরিচিত কেউ হয়ে ওঠে সবচেয়ে আপন। এই দুই বিপরীত বাস্তবতাই সমান মমতায় তুলে ধরা হয়েছে এখানে।\nছবির কেন্দ্রীয় চরিত্র ম্যাগি ফিটজগার্ল্ড, অভিনয়ে হিলারি সোয়াংক। তাঁর চোখ, মুখ, শরীর—সব মিলিয়ে তিনি যেন ম্যাগির আত্মা হয়ে উঠেছেন পর্দায়। জীবনযুদ্ধে লড়াই করে উঠে দাঁড়ানো মেয়েটিকে দেখে মনে পড়ে আর্নেস্ট হেমিংওয়ের সেই লাইন: “মানুষ ধ্বংস হয়ে যেতে পারে, কিন্তু হার মানে না।”\n\nম্যাগিও হার মানেনি। মৃত্যুর মুখোমুখি দাঁড়িয়ে জীবনকেই ছেড়ে দিয়েছিল সে, তবু হারেনি। এমনকি বক্সিং রিংও তাকে পরাজিত করতে পারেনি—প্রতিপক্ষকে নিতে হয়েছিল প্রতারণার আশ্রয়। সিনেমার একপর্যায়ে সোয়াংকের সংলাপ না বলেও অনেক কিছু বলে ফেলা, শুধু অভিব্যক্তির মাধ্যমে—সেই মুহূর্তগুলো দর্শককে তাড়া করে বেড়ায় অনেক দিন।\n\nকিন্তু কেউ একা কীভাবে মাথা উঁচু করে দাঁড়িয়ে থাকে? ম্যাগির পরিবার, এমনকি তার মা পর্যন্ত তার পাশে দাঁড়ায়নি। বরং ওর যন্ত্রণাকে করেছে আরও ভারী। তখন তার পাশে এসে দাঁড়ায় ফ্র্যাঙ্কি ডান—যার ভূমিকায় স্বয়ং পরিচালক ক্লিন্ট ইস্টউড নিজেই।\nপ্রথমে বক্সিং শেখাতে চাননি, কিন্তু পরে হয়ে উঠেছিলেন তার গুরু, এমনকি তার বাবার জায়গাটাও যেন পূরণ করেন। গুরু–শিষ্য সম্পর্কের ওপর দাঁড়িয়ে পুরো চলচ্চিত্রটি ধীরে ধীরে পরিণত হয় এক আত্মিক বন্ধনের মহাকাব্যে। শেষ কয়েকটি দৃশ্যে ইস্টউডের অভিনয় বাস্তবতাকেও ছাপিয়ে যায়।\n\nআর এই গল্পে ভারসাম্য এনে দিয়েছেন মরগান ফ্রিম্যান। সহকারী এডির চরিত্রে তাঁর উপস্থিতি, সংলাপ, দৃষ্টিভঙ্গি—সব মিলিয়ে এই গল্পের আবেগকে করে তুলেছে আরও দৃঢ়, আরও গভীর।\n\nঅভিনয়ের পাশাপাশি পরিচালনার চেয়ারে বসেও ইস্টউড ছিলেন অনন্য। দৃশ্যবিন্যাসে, সংলাপে কিংবা ক্যামেরার মুভমেন্টে কোথাও বাড়াবাড়ি করেননি। বরং সংযত থেকে গল্প বলেছেন হৃদয়ের গভীর থেকে। আর এখানেই ছবিটি হয়ে উঠেছে বাস্তবের মতোই জীবন্ত।\n\n২০০৪ সালে মুক্তি পাওয়ার পরপরই ‘মিলিয়ন ডলার বেবি’ বিশ্বজুড়ে আলোড়ন তোলে। সেরা চলচ্চিত্র, সেরা অভিনেত্রী, সেরা পার্শ্ব–অভিনেতাসহ একাধিক বিভাগে জিতে নেয় অস্কার।\n\nদুই দশক পার হয়ে গেলেও এই সিনেমার আবেদন একটুও ফুরোয়নি। হার না মানা মানুষদের জীবনের গল্পে ‘মিলিয়ন ডলার বেবি’ এখনো একটি প্রতীক, একটি অনুপ্রেরণা। এমনকি আরও অনেক দিন পর্যন্ত এই ছবি হয়ে থাকবে সংগ্রামী মনুষ্যত্বের এক অনন্য দলিল।\n', NULL, NULL, NULL, 1, 'news/cFjM2eoHLxfgnT5mkwpUkb2xp4uzAsRHQYmYShTC.jpg', NULL, NULL, 0, 0, 0, 'published', 1, NULL, NULL, '2025-07-28 06:58:38', '2025-07-28 07:15:13'),
(57, '‘সব গেমসেই পদক জিততে চাই’', 'sb-gemsei-pdk-jitte-cai', 'বাংলাদেশের বক্সিংয়ে এখন নতুন সেনসেশন যুক্তরাষ্ট্র প্রবাসী জিনাত ফেরদৌস। ২০২৩ সালের চীনের হাংজু এশিয়ান গেমসে জিনাত বাংলাদেশের হয়ে প্রথম খেলেন। জিমন্যাস্টিক্স ফেডারেশনের সাবেক সভাপতি ও অলিম্পিক অ্যাসোসিয়েশনের (বিওএ) সহসভাপতি শেখ বশির আহমেদ মামুনের মাধ্যমেই তার বাংলাদেশের হয়ে খেলার পথচলা শুরু। এখন তাকে ঘিরেই বাংলাদেশের বক্সিংয়ের আশা-ভরসা। রোববার জাতীয় বক্সিং চ্যাম্পিয়নশিপে খেলতে মোহাম্মদ আলী বক্সিং স্টেডিয়ামে এসে জিনাত নিজেকে নিয়ে প্রত্যাশা ব্যক্ত করলেন এভাবে, ‘আগামী বছর এসএ গেমস, কমনওয়েলথ, এশিয়ান গেমস রয়েছে। আমি প্রতি আসরেই বাংলাদেশের হয়ে পদক জিততে চাই। আমি যখনই কোনো গেমে নামি জয়ের চেষ্টা করি। বাংলাদেশে খেলার পেছনে মামুন আঙ্কেলের অবদান অনেক। তার প্রতি কৃতজ্ঞতা।’ ১৯৮৬ সালে সিউল এশিয়াডে মোশাররফ হোসেন ব্রোঞ্জ জিতেছিলেন। দীর্ঘ দিন পর আশার আলো দেখাচ্ছেন যুক্তরাষ্ট্র প্রবাসী এই বক্সার।', NULL, NULL, NULL, 1, 'news/N9mrOnsK2C9Exz5UfBg9u34jtad6MSUT6CiaaE8L.jpg', NULL, NULL, 0, 0, 0, 'published', 0, NULL, NULL, '2025-07-28 07:01:49', '2025-07-28 07:01:49'),
(58, '‘নাঈম ভালো খেলোয়াড়, তবে অ্যাপ্রোচ বদলাতে হবে’', 'naeem-valo-kheloyar-tbe-ozaproc-bdlate-hbe', 'জাতীয় দলে এসেছিলেন দীর্ঘ দিন পর। ঘরোয়া ক্রিকেটে ফর্মে ছিলেন সাদা বলের দুই ফরম্যাটেই। তবে নাঈম শেখ সে ছাপটা ফেলতে পারেননি আন্তর্জাতিক ক্রিকেটে। আরও একবার ব্যর্থ হয়েছেন তিনি।\n\nএই ব্যর্থতার ফলে আরও সমালোচনার মুখে পড়েছেন নাঈম। এই ব্যর্থতা পেছনে ফেলতে হলে কী করতে হবে, তা নিয়ে সম্প্রতি কথা বলেছেন সাবেক অধিনায়ক আকরাম খান। তিনি মনে করেন নাঈমকে ভালো করতে হলে অ্যাপ্রোচটা বদলাতেই হবে।\n\nসম্প্রতি গণমাধ্যমের মুখোমুখি হয়ে আকরাম বলেন, ‘নাঈম একজন ভালো খেলোয়াড়। টি-টোয়েন্টিতে প্রথম ছয় ওভার খুব গুরুত্বপূর্ণ। সেখানে টেকনিকের থেকে অ্যাপ্রোচ বেশি গুরুত্বপূর্ণ। যেমন, শেষ ম্যাচে পাকিস্তান ১৭৮ করেছিল, তখন আমাদের প্রথম ছয় ওভারে কমপক্ষে ৬০ এর কাছাকাছি যাওয়া উচিত ছিল। অবশ্যই ব্যাটারদের ডমিনেট করে খেলতে হবে, না হলে বোলাররা চড়ে বসবে। নাইমের এই জায়গায় ভালো করতে হবে।’ \n\nপ্রায় ৩ বছর পর নাঈম জাতীয় দলে ফিরেছেন। মূলত পারভেজ হোসেন ইমন আর তানজিদ হাসান তামিমের বিকল্প হিসেবে তাকে তৈরি রাখতেই এই সুযোগ দেওয়া হয়েছিল। \n\nশ্রীলঙ্কার বিপক্ষে ভিন্ন ভূমিকাতেও দেখা গেছে। সেখানেও তিনি ব্যর্থ হয়েছেন। পাল্লেকেলেতে সিরিজের প্রথম টি-টোয়েন্টিতে তাকে নামানো হয়েছিল ৪ নম্বরে। ৩২ রানের অপরাজিত ইনিংস খেলেছিলেন বটে, কিন্তু তা খেলতে তিনি বল খেলেছেন ২৯টি। \n\nএরপর পাকিস্তান সিরিজের শেষ দুই ম্যাচে তাকে সুযোগ দেওয়া হয়েছিল ওপেনার হিসেবে। সেখানে তিনি ১০০ স্ট্রাইক রেটেই রান করতে ব্যর্থ হয়েছেন। দ্বিতীয় টি-টোয়েন্টিতে তিনি ৭ বলে করেছেন ৩ রান। শেষ টি-টোয়েন্টিতে অবস্থা আরও খারাপ হয়েছে তার। ১০ রান করেছেন তিনি ১৭ বল খেলে। স্ট্রাইক রেট মোটে ৫৮.৮২, আজকাল টেস্টেও এমন স্ট্রাইক রেটের দেখা মেলে না!\n\nনাঈম শেখের পুরো ক্যারিয়ার অবশ্য এগিয়েছে এভাবেই। ভারতের বিপক্ষে অভিষেক সিরিজে ৮১ রানের ওই ইনিংস বাদে বড় কিংবা কোনো ‘ইমপ্যাক্ট’ ইনিংস নেই। ৮৬০ রান করেছেন ২৩.৮৮ গড় আর ১০২ স্ট্রাইক রেটে।\n\nএবার ঘরোয়া ক্রিকেটে রানের বন্যা বইয়ে দিয়েও লাভ হয়নি। ফলে তার ব্যাটিংয়ে ব্যাপক পরিবর্তন দরকার, মনে করেন আকরাম। তিনি বলেন, ‘নাইম শেখ ভালো খেলোয়াড়, ঘরোয়া ক্রিকেটেও অনেক ভালো করেছে। কিন্তু ওর অ্যাপ্রোচটা যদি বদলায় তাহলে হয়তো ও আরো ভালো করতে পারবে।’', NULL, NULL, NULL, 1, 'news/19MJwlVCawvMEhsUiMn9YG1W1AHYbomwy2iU38E8.jpg', NULL, NULL, 0, 0, 0, 'published', 1, NULL, NULL, '2025-07-28 07:02:38', '2025-07-28 07:15:07'),
(59, 'বেসরকারি স্বাস্থ্যখাতের উন্নয়নের অঙ্গীকার মহিউদ্দিন-মুকিত পরিষদের', 'besrkari-swasthzkhater-unnyner-ongoeekar-mhiuddin-mukit-prishder', 'বাংলাদেশ প্রাইভেট মেডিকেল কলেজ অ্যাসোসিয়েশনের (বিপিএমসিএ) ২০২৫-২০২৭ মেয়াদের কার্যনির্বাহী কমিটির নির্বাচনে জোর প্রচারণা চালাচ্ছে মহিউদ্দিন-মুকিত পরিষদ।\n\nবৈষম্যবিরোধী বিপ্লবত্তোর বাংলাদেশে দিন বদলের অঙ্গীকার নিয়ে তারা বিভিন্ন বেসরকারি মেডিকেল কলেজ মালিকদের সঙ্গে নির্বাচনী মতবিনিময় এবং ভোট প্রার্থনা করছেন। একইসঙ্গে বেসরকারি মেডিকেল কলেজের স্বার্থ সংশ্লিষ্ট নানা অঙ্গীকার ব্যক্ত করছেন। \n\nপ্রচারণা ও গণসংযোগের অংশ হিসেবে মহিউদ্দিন-মুকিত পরিষদের সদস্যরা দেশের বিভিন্ন প্রাইভেট মেডিকেল কলেজ কর্তৃপক্ষের সঙ্গে নির্বাচনী মতবিনিময় করছেন।\n\nআগামী ১৬ জুলাই অনুষ্ঠেয় বিপিএমসিএ’র কার্যনির্বাহী কমিটির নির্বাচনে ১১০ সদস্য ভোট দিয়ে ২১ সদস্যবিশিষ্ট নির্বাহী কমিটি নির্বাচন করবেন। এই নির্বাচনে মহিউদ্দিন-মুকিত পরিষদসহ মোট দুটি প্যানেল অংশ নিয়েছে। \n\nমহিউদ্দিন-মুকিত পরিষদ থেকে সভাপতি পদে ঢাকার আদ্-দ্বীন উইমেন্স মেডিকেল কলেজের ডা. শেখ মহিউদ্দীন এবং সাধারণ সম্পাদক পদে সিরাজগঞ্জের নর্থ বেঙ্গল মেডিকেল কলেজের অধ্যাপক ডা. এম. এ. মুকিত প্রতিদ্বন্দ্বিতা করছেন। \n\nঅন্যদিকে আফরোজা-মোয়াজ্জেম প্যানেল থেকে মুন্নু মেডিকেল কলেজের চেয়ারম্যান আফরোজা খানম রিতা সভাপতি পদে এবং ইস্ট-ওয়েস্ট মেডিকেল কলেজের চেয়ারম্যান অধ্যাপক ডা. মো. মোয়াজ্জেম হোসেন সাধারণ সম্পাদক পদে প্রতিদ্বন্দ্বিতা করছেন।\n\nএই পরিষদ থেকে সহ-সভাপতি পদে আজগর আলী মেডিকেল কলেজের মো. হাসান, ইসলামী ব্যাংক মেডিকেল কলেজের মো. আব্দুল জলিল, সিলেট ওমেন্স মেডিকেল কলেজের অধ্যাপক ডা. মো. ওয়েছ আহমদ চৌধুরী, কুমিল্লা সেন্ট্রাল মেডিকেল কলেজের অধ্যাপক ডা. মো. সফিকুর রহমান পাটোয়ারী এবং বসুন্ধরা আদ্-দ্বীন মেডিকেল কলেজের সাফিনা আক্তার। \n\nযুগ্ম সম্পাদক পদে বরিশাল সাউথ এ্যাপোলো মেডিকেল কলেজের অধ্যাপক ডা. মো. জহুরুল হক, মার্কস মেডিকেল কলেজের অধ্যাপক ডা. মো. ইকবাল মাসুদ, ঢাকার ইউনাইটেড মেডিকেল কলেজের নিজামউদ্দিন হাসান রশিদ এবং ঢাকা কমিউনিটি মেডিকেল কলেজের অধ্যাপক ডা. মোহাম্মদ ওমর শরীফ ইবনে হাসান। \n\nঅর্থ সম্পাদক পদে ইসলামী ব্যাংক মেডিকেল কলেজের মোহাম্মদ আলী, সাংগঠনিক সম্পাদক পদে ঢাকার বসুন্ধরা আদ্-দ্বীন মেডিকেল কলেজের ডা. মুহাম্মদ আব্দুস সবুর প্রতিদ্বন্দ্বিতা করছেন।\n\nবিভাগীয় সাংগঠনিক সম্পাদক (বৃহত্তর চট্রগ্রাম বিভাগ) পদে চট্রগ্রাম ইন্টারন্যাশনাল মেডিকেল কলেজের অধ্যাপক ডা. মো. মুসলিম উদ্দিন (সবুজ), বিভাগীয় সাংগঠনিক সম্পাদক (বৃহত্তর রাজশাহী বিভাগ) পদে সিরাজগঞ্জের নর্থ বেঙ্গল মেডিকেল কলেজের মো. আরমান আলী, বিভাগীয় সাংগঠনিক সম্পাদক (বৃহত্তর সিলেট বিভাগ) সিলেট নর্থ ইস্ট মেডিকেল কলেজের অধ্যাপক ডা. সৈয়দ মূসা এম এ কাইয়ুম, আইন বিষয়ক সম্পাদক পদে যশোর আদ্-দ্বীন সকিনা উইমেন্স মেডিকেল কলেজের ডা. মো. এমদাদুল হক, শিক্ষা, সাংস্কৃতি ও সমাজ কল্যাণ বিষয়ক সম্পাদক পদে খুলনার আদ্-দ্বীন আকিজ মেডিকেল কলেজের ডা. মাহফুজা জেসমিন প্রতিদ্বন্দ্বিতা করছেন। \n\nএছাড়া কার্যনির্বাহী সদস্য পদে সিলেট ওমেন্স মেডিকেল কলেজের মো. ফখরুল ইসলাম, আদ্-দ্বীন উইমেন্স মেডিকেল কলেজের শাহীনা আখতার এবং চট্টগ্রাম ইন্টারন্যাশনাল মেডিকেল কলেজের ডা. এ টি এম রেজাউল করিম।\n\nবিপিএমসিএ’র কার্যনির্বাহী কমিটির সভাপতি পদে একটি, সাধারণ সম্পাদক পদে একটি, সহ-সভাপতি পদে পাঁচটি, যুগ্ম-সম্পাদক পদে চারটি, অর্থ সম্পাদক পদে একটি, সাংগঠনিক সম্পাদক পদে একটি, বিভাগীয় সাংগঠনিক সম্পাদক পদে তিনটি, আইন বিষয়ক সম্পাদক পদে একটি, শিক্ষা, সাংস্কৃতি ও সমাজ কল্যাণ বিষয়ক সম্পাদক পদে একটি এবং কার্যনির্বাহী সদস্য পদে তিনটি পদ-সহ মোট ২১টি পদে নির্বাচন অনুষ্ঠিত হবে। \n\nনির্বাচন পরিচালনার জন্য ডা. মো. মঈনুল আহসানের নেতৃত্বে তিন সদস্যের নির্বাচন বোর্ড গঠন করা হয়েছে।\n\nনির্বাচনে মহিউদ্দিন-মুকিত পরিষদ বেসরকারি মেডিকেল কলেজের স্বার্থ সংশ্লিষ্ট নানা অঙ্গীকার ব্যক্ত করেছেন। তার মধ্যে অন্যতম হলো মেডিকেলে শিক্ষার্থী ভর্তিতে অটোমোশন বাতিল, শিক্ষার্থী ভর্তির জন্য সরকার কর্তৃক নির্ধারিত ফি কিস্তিতে প্রদানের ব্যবস্থা বিলুপ্তকরণ, নিয়ন্ত্রণকারী কর্তৃপক্ষের একক সমন্বিত পরিদর্শন ব্যবস্থা চালুকরণ, মেডিকেল কলেজ পরিচালনা পর্ষদে নিয়ন্ত্রকারী সংস্থাসমূহের অন্তর্ভুক্তি বাতিল, বেসরকারি মেডিকেল কলেজের নূন্যতম আসন সংখ্যা ১০০টি করা এবং বৈদেশিক মুদ্রা উর্পাজনকারী বেসরকারি মেডিকেল কলেজকে সরকারি প্রণোদনা প্রদান করতে হবে।\n\nমহিউদ্দিন-মুকিত পরিষদের সাংগঠনিক সম্পাদক পদপ্রার্থী ডা. মুহাম্মদ আব্দুস সবুর বলেন, বৈষম্যবিরোধী জুলাই ২০২৪ বিপ্লবত্তোর বাংলাদেশে পরিবর্তনের যে সুযোগ সৃষ্টি হয়েছে, সেটিকে কাজে লাগিয়ে বাংলাদেশে বেসরকারি মেডিকেল কলেজ সমূহের জন্য অনুকূল পরিবেশ সৃষ্টি করে মানসম্মত মেডিকেল শিক্ষা ও স্বাস্থ্য সেবা প্রদানের বিপুল সম্ভাবনাকে বাস্তবে রূপ দেওয়া সম্ভব। এজন্য প্রয়োজন সঠিক নেতৃত্বের পেছনে আমাদের ঐক্যবদ্ধ প্রচেষ্টা।\n\nতিনি বলেন, মহিউদ্দিন-মুকিত পরিষদ জয় লাভ করলে এমন বাস্তবতার প্রতিফলন ঘটবে বলে আমরা আশা করছি। একইসঙ্গে বেসরকারি মেডিকেল কলেজের স্বার্থ সংশ্লিষ্ট সব অঙ্গীকার বাস্তবায়িত হবে।', NULL, NULL, NULL, 1, 'news/T93mzZpr6PuFjaWRevFvaF4jNaVpsrnNQxzitRq8.jpg', NULL, NULL, 0, 0, 0, 'published', 0, NULL, NULL, '2025-07-28 08:06:33', '2025-07-28 08:06:33'),
(60, 'আগুনে পোড়া রোগীদের যেভাবে স্কিন প্রতিস্থাপন করা হয়', 'agune-pora-rogeeder-zevabe-skin-prtisthapn-kra-hy', 'আগুনে পুড়ে যাওয়া রোগীদের চিকিৎসায় ত্বক প্রতিস্থাপন (Skin Grafting) একটি অত্যন্ত গুরুত্বপূর্ণ এবং জীবন রক্ষাকারী প্রক্রিয়া। যখন কোনো ব্যক্তি আগুনে গুরুতরভাবে পুড়ে যায়, তখন তাদের শরীরের ব্যাপক অংশের ত্বক ক্ষতিগ্রস্ত হতে পারে। এই ক্ষতিগ্রস্ত ত্বক শরীরকে সংক্রমণ থেকে রক্ষা করতে পারে না এবং শরীরের তাপমাত্রা ও তরল ভারসাম্যে ব্যাঘাত ঘটায়। এমন পরিস্থিতিতে নতুন সুস্থ ত্বক দিয়ে ক্ষতিগ্রস্ত অংশ প্রতিস্থাপন করা জরুরি হয়ে পড়ে।\n\nস্কিন প্রতিস্থাপন কী?\n\nস্কিন প্রতিস্থাপন হলো ক্ষতিগ্রস্ত ত্বক সরিয়ে সুস্থ ত্বক স্থাপন করা। এই সুস্থ ত্বক সাধারণত রোগীর নিজের শরীর থেকেই নেওয়া হয়, যা অটোগ্রাফট (Autograft) নামে পরিচিত। কারণ, রোগীর নিজের ত্বক ব্যবহার করলে তা শরীর কর্তৃক প্রত্যাখ্যান হওয়ার ঝুঁকি থাকে না। যদি রোগীর নিজের পর্যাপ্ত সুস্থ ত্বক না থাকে, তাহলে সাময়িকভাবে অন্যান্য উৎস থেকে ত্বক (যেমন cadaveric skin বা animal skin) ব্যবহার করা হয়, যা অ্যালোগ্রাফট (Allograft) বা জেনোগ্রাফট (Xenograft) নামে পরিচিত। তবে এগুলো দীর্ঘস্থায়ী সমাধান নয়, কারণ শরীর eventually এই ত্বক প্রত্যাখ্যান করে।\n\nপ্রতিস্থাপনের প্রক্রিয়া\n\nস্কিন প্রতিস্থাপনের প্রক্রিয়া সাধারণত কয়েকটি ধাপে সম্পন্ন হয়:\n\nক্ষতিগ্রস্ত ত্বক অপসারণ: প্রথমে পুড়ে যাওয়া অংশের মৃত বা ক্ষতিগ্রস্ত ত্বক সাবধানে সরিয়ে ফেলা হয়। এটি সংক্রমণের ঝুঁকি কমায় এবং নতুন ত্বকের জন্য একটি পরিষ্কার ভিত্তি তৈরি করে।\n\nত্বক সংগ্রহ (Harvesting): এরপর রোগীর শরীরের কোনো সুস্থ অংশ থেকে, যেমন - উরু, পিঠ, বা নিতম্ব থেকে পাতলা করে ত্বক সংগ্রহ করা হয়। এই ত্বক সাধারণত একটি বিশেষ যন্ত্র, ডার্মাটোম (Dermatome) ব্যবহার করে কাটা হয়, যা অত্যন্ত পাতলা স্তরে ত্বক তুলতে সক্ষম।\n\nত্বকের প্রস্তুতি: সংগৃহীত ত্বককে কখনও কখনও ছোট ছোট টুকরা করে ছিদ্রযুক্ত করা হয় (mesh grafting), যাতে এটি বড় এলাকা জুড়ে ছড়িয়ে দেওয়া যায় এবং এর নিচ থেকে তরল বেরিয়ে যেতে পারে। এটি সফলভাবে ত্বক স্থাপনে সহায়তা করে।\n\nত্বক স্থাপন: প্রস্তুতকৃত ত্বককে পুড়ে যাওয়া স্থানের উপর স্থাপন করা হয় এবং সেলাই বা স্টেপল করে আটকে দেওয়া হয়। এর উপর একটি ড্রেসিং (পটি) দিয়ে ঢেকে দেওয়া হয় যাতে এটি সুরক্ষিত থাকে এবং রক্তনালী তৈরি হয়ে নতুন ত্বক স্থাপন হয়।\n\nপ্রতিস্থাপনের প্রকারভেদ\n\nত্বক প্রতিস্থাপনের দুটি প্রধান প্রকার রয়েছে:\n\nস্প্লিট-থিকনেস গ্রাফট (Split-Thickness Graft): এই পদ্ধতিতে ত্বকের উপরের স্তর (এপিডার্মিস) এবং ডার্মিসের (ত্বকের মধ্যস্তর) আংশিক অংশ নেওয়া হয়। এটি সবচেয়ে সাধারণ পদ্ধতি কারণ এটি বড় এলাকা কভার করতে পারে এবং যেখান থেকে ত্বক নেওয়া হয়েছে, সেই ‘ডোনার সাইট’ দ্রুত সুস্থ হয়ে ওঠে।\n\nফুল-থিকনেস গ্রাফট (Full-Thickness Graft): এই পদ্ধতিতে ত্বকের এপিডার্মিস এবং ডার্মিস উভয়েরই সম্পূর্ণ অংশ নেওয়া হয়। এটি সাধারণত ছোট, গভীর পোড়ার জন্য বা এমন স্থানে ব্যবহার করা হয় যেখানে স্থিতিশীলতার প্রয়োজন, যেমন জয়েন্টের কাছে। এই গ্রাফটগুলো ডোনার সাইটে বেশি ক্ষত সৃষ্টি করে।\n\nপুনরুদ্ধার ও জটিলতা\n\nপ্রতিস্থাপনের পর রোগীর সুস্থ হতে বেশ কিছুদিন সময় লাগে। নতুন ত্বককে শরীরের সঙ্গে খাপ খাইয়ে নিতে এবং রক্ত সরবরাহ তৈরি হতে প্রায় এক সপ্তাহ সময় লাগে। এই সময়ে সংক্রমণ, গ্রাফট প্রত্যাখ্যান, বা রক্ত জমাট বাঁধার মতো জটিলতা দেখা দিতে পারে। সফল প্রতিস্থাপনের পর ফিজিওথেরাপি এবং পুনর্বাসন অপরিহার্য, বিশেষ করে যদি পুড়ে যাওয়া স্থানটি জয়েন্টের কাছে হয়, যাতে কার্যকারিতা অক্ষুণ্ণ থাকে।\n\n\nআগুনে পোড়া রোগীদের জন্য ত্বক প্রতিস্থাপন শুধু শারীরিক নিরাময়ের জন্যই নয়, মানসিক স্বাস্থ্যের জন্যও অত্যন্ত গুরুত্বপূর্ণ। এটি তাদের জীবন ফিরিয়ে দিতে এবং স্বাভাবিক জীবনযাপনে ফিরে আসতে সাহায্য করে।', NULL, NULL, NULL, 1, 'news/7WNU5jK4ofFX6JuU6kYC6uud9O1CRzs9RmI9z4nJ.jpg', NULL, NULL, 0, 0, 0, 'published', 1, NULL, NULL, '2025-07-28 08:07:24', '2025-07-28 08:07:33'),
(61, 'মৌসুমী ফ্লু বা ইনফ্লুয়েঞ্জা কী, লক্ষণ ও প্রতিকার কী?', 'mousumee-flu-ba-influyenja-kee-lkshn-oo-prtikar-kee', 'মৌসুমী ফ্লু (seasonal flu) যা ইনফ্লুয়েঞ্জা নামেও পরিচিত, একটি ভাইরাসজনিত রোগ। যা সাধারণত শীতকালে বেশি দেখা যায়। কিন্তু এখন এই মৌসুমেও এর প্রকোপ লক্ষ্য করা যাচ্ছে। এটি ইনফ্লুয়েঞ্জা ভাইরাস এ ও বি দ্বারা সৃষ্ট হয়। \n\nমৌসুমী ফ্লুর লক্ষণগুলোর মধ্যে- জ্বর, কাশি, গলা ব্যথা, সর্দি, শরীর ব্যথা, ক্লান্তি, অবসাদসহ বিভিন্ন ধরনের উপসর্গ দেখা যেতে পারে।\n\nলক্ষ্য করার বিষয় হচ্ছে-ইনফ্লুয়েঞ্জা একটি ভাইরাল শ্বাসযন্ত্রের রোগ; যা খুব সহজেই ছড়িয়ে পড়ে। গুরুতর স্বাস্থ্য জটিলতা এবং কখনও কখনও মৃত্যু পর্যন্ত হতে পারে। শীতকালে ইনফ্লুয়েঞ্জা আরও ব্যাপক হতে থাকে, কিন্তু এটি বছরের যেকোনো সময় সংক্রমিত হতে পারে।\n\nযাদের রোগ প্রতিরোধ ক্ষমতা কম যেমন শিশুদের ও বয়স্ক মানুষদের। যাদের বয়স ৬৫ এর বেশি সঙ্গে কো-মরবিডিটিতে ভুগছেন যেমন- ডায়াবেটিস বা কিডনি বা উচ্চ রক্তচাপে ভুগছেন তাদের ক্ষেত্রে আক্রান্ত হলে মৃত্যুর ঝুঁকি অনেক বেশি। তাই অবশ্যই শুরুতেই চিকিৎসকের শরণাপন্ন হতে হবে। \n\nকিছু মানুষের মধ্যে গুরুতর স্বাস্থ্যগত সমস্যা হতে পারে।  নিজেকে রক্ষা করার সর্বোত্তম উপায় হচ্ছে ইনফ্লুয়েঞ্জা টিকা, যা ফ্লু শট নামেও পরিচিত। ফ্লু ভাইরাসের স্ট্রেন (strain) শরীরে প্রবেশ করানো হয় এবং শরীর সেই ভাইরাসের বিরুদ্ধে অ্যান্টিবডি তৈরি করে। টিকা নেওয়া থাকলে যদি কেউ ফ্লু ভাইরাসের সংস্পর্শে আসে তখন ভাইরাস থেকে সুরক্ষিত থাকা যায়।  যদি কেউ ভাইরাসের বিভিন্ন  স্ট্রেনের সংস্পর্শে আসেন, তবে ভ্যাকসিন সাহায্য করবে এবং লক্ষণগুলো কম গুরুতর হবে। ', NULL, NULL, NULL, 1, 'news/OPCAAzXBzYSTRMIdxvs4id8FFFJMCOuQAjbMptkC.jpg', NULL, NULL, 0, 0, 0, 'published', 0, NULL, NULL, '2025-07-28 08:08:24', '2025-07-28 08:08:24'),
(62, 'দগ্ধ রোগীদের চিকিৎসায় ডা. আয়শা শিল্পীর পরামর্শ', 'dgdh-rogeeder-cikittsay-da-aysa-silpeer-pramrs', 'শরীর আগুনে পুড়ে যাওয়া রোগীর জন্য একটি গুরুতর সমস্যা এবং এর চিকিৎসা নির্ভর করে পোড়ার গভীরতা ও বিস্তৃতির ওপর।পুড়ে গেলে সঙ্গে সঙ্গে প্রাথমিক চিকিৎসার পর অবশ্যই একজন বিশেষজ্ঞ ডাক্তারের পরামর্শ নিতে হবে। \n\nআগুনে পোড়া রোগীর ক্ষেত্রে প্রায়ই ভুল চিকিৎসা হয়ে থাকে। রোগীকে কী করতে হবে, কী সেবা দেওয়া যাবে না—এমন কিংকর্তব্যবিমূঢ় অবস্থা সৃষ্টি হওয়ার কারণে এমনটি হয়। সেই সঙ্গে এ বিষয়ে যথাযথ জ্ঞানের অভাবেও অনেক সময় ভুল চিকিৎসা হয়।ধৈর্য ধরে পরিস্থিতি মোকাবিলা করে ঠান্ডা মাথায় হাসপাতালে নিয়ে সঠিক চিকিৎসা দিতে পারলে রোগী সুস্থ হয়ে উঠেন।    \n\nশরীরের কোথাও পুড়ে গেলে তীব্র ব্যথা হতে পারে। এছাড়া পোড়া স্থানে ত্বক লাল হওয়া, ফোসকা পড়া,  চামড়া উঠে যাওয়া, ফুলে যাওয়া, জ্বালাপোড়া হওয়া ইত্যাদি সমস্যা হতে পারে।\n\nযেকোনো ধরনের পোড়ার ক্ষেত্রে যত দ্রুত সম্ভব প্রাথমিক চিকিৎসা শুরু করতে হবে।  পোড়ার প্রাথমিক চিকিৎসায় শুরুতেই রোগীকে তাপের উৎস থেকে অতি দ্রুত কোথাও সরিয়ে নিতে হবে।\n\nগায়ে আগুন লাগলে \n\nমাটিতে গড়াগড়ি দিয়ে বা ভারি কম্বল দিয়ে পেঁচিয়ে, পানি দিয়ে কিংবা অগ্নিনির্বাপক যন্ত্রের সাহায্যে জ্বলন্ত আগুনের শিখা নিভিয়ে ফেলতে হবে। কাপড়ে আগুন ধরলে সঙ্গে সঙ্গে খুলে ফেলতে হবে।\n\n\n পা কিংবা শরীরের নিচের অংশ পুড়ে গেলে রোগীকে শুইয়ে দিয়ে পা উঁচু করে রাখতে হবে। রোগীকে মুখে কোনো ধরনের খাবার অথবা পানীয় দেওয়া যাবে না। কারণ শ্বাসনালীতে গিয়ে ইনফেকশন করতে পারে। এমনকি রোগীর জীবন হুমকির মুখে ফেলে দিতে পারে\nক্ষতস্থানটি পরিষ্কার ও জীবাণুমুক্ত গজ দিয়ে ঢেকে দিতে হবে। গজ না থাকলে পরিষ্কার ও জীবাণুমুক্ত কাপড় দেওয়া যেতে পারে। মুখ অথবা চোখ পুড়ে গেলে রোগীকে বসিয়ে রাখতে হবে। অন্যদিকে পা কিংবা শরীরের নিচের অংশ পুড়ে গেলে রোগীকে শুইয়ে দিয়ে পা উঁচু করে রাখতে হবে। রোগীকে মুখে কোনো ধরনের খাবার অথবা পানীয় দেওয়া যাবে না। কারণ শ্বাসনালীতে গিয়ে ইনফেকশন করতে পারে। এমনকি রোগীর জীবন হুমকির মুখে ফেলে দিতে পারে।\n\nআগুনে পোড়া রোগীর প্রাথমিক চিকিৎসা হিসেব এ  পোড়া স্থানটি ১০ থেকে ২০ মিনিট ঠান্ডা পানি বা বরফ দিয়ে ঠান্ডা করতে হবে। তারপর পুড়ে যাওয়া স্থানে একটি পরিষ্কার কাপড় বা গজ দিয়ে ভালোমত ঢেকে দ্রুত রোগীকে  হাসপাতালে নিয়ে যেতে হবে।  তাছাড়া  পোড়া স্থানে ফোসকা পড়লে তাতে নিজের ইচ্ছে মতো কিছু না করাই ভালো,  কারণ এতে ইনফেকশন হওয়ার সম্ভাবনা থাকে। \n\nলেখক: ডা. আয়শা আক্তার', NULL, NULL, NULL, 1, 'news/pNfYUmygGhzUQMqm9MEGHYnfVjRlD4ixb0Me65Ix.jpg', NULL, NULL, 0, 0, 0, 'published', 0, NULL, NULL, '2025-07-28 08:09:19', '2025-07-28 08:09:19'),
(63, 'আগুনে পোড়া রোগীর এতো রক্ত লাগে কেন?', 'agune-poda-rogeer-eto-rkt-lage-ken', 'আগুনে পোড়া রোগীদের চিকিৎসায় প্রায়শই প্রচুর পরিমাণে রক্তের প্রয়োজন হয়, যা অনেক সময় রোগীর পরিবার ও হাসপাতাল কর্তৃপক্ষের জন্য একটি বড় চ্যালেঞ্জ হয়ে দাঁড়ায়। কেন আগুনে পোড়া রোগীদের এত বেশি রক্তের প্রয়োজন হয়, এই বিষয়টি জানতে অনেকেরই বেশ কৌতুহল রয়েছে। চলুন জেনে নেই এ বিষয়ে বিস্তারিত।\n\nআগুনে পোড়া আঘাত একটি অত্যন্ত গুরুতর অবস্থা, যা শরীরের বিভিন্ন অঙ্গপ্রত্যঙ্গের ওপর ব্যাপক নেতিবাচক প্রভাব ফেলে। এর ফলে শরীরে জটিল শারীরিক পরিবর্তন ঘটে, যার অন্যতম প্রধান পরিণতি হলো প্রচুর পরিমাণে রক্ত ও তরল পদার্থের ক্ষয়।\n\nরক্তের প্রয়োজনীয়তার মূল কারণসমূহ—\n\nপ্লাজমা ও তরল ক্ষয়: আগুনে পোড়ার কারণে ত্বকের রক্তনালীগুলো ক্ষতিগ্রস্ত হয় এবং ছিদ্রযুক্ত হয়ে পড়ে। এর ফলে রক্তরস (প্লাজমা) দ্রুত শরীরের কোষের বাইরে বেরিয়ে আসে এবং আক্রান্ত স্থানে জমা হয়। এই তরল ক্ষয়ের পরিমাণ এতটাই বেশি হতে পারে যে, তা রক্তনালীতে রক্তের পরিমাণ মারাত্মকভাবে কমিয়ে দেয়, যা হাইপোভলেমিয়া (Hypovolemia) নামে পরিচিত। এই পরিস্থিতি মোকাবিলা করতে প্রচুর পরিমাণে ফ্লুইড (যেমন স্যালাইন) এবং প্লাজমা বা রক্তের প্রয়োজন হয়।\n\nরক্তকণিকার ক্ষতি: উচ্চ তাপমাত্রার কারণে রক্তকণিকা, বিশেষ করে লোহিত রক্তকণিকা (Red Blood Cells), সরাসরি ক্ষতিগ্রস্ত হতে পারে। লোহিত রক্তকণিকা অক্সিজেন পরিবহনে গুরুত্বপূর্ণ ভূমিকা পালন করে। এদের ক্ষতি হলে শরীরে অক্সিজেনের সরবরাহ কমে যায়, যা অঙ্গপ্রত্যঙ্গের কার্যকারিতাকে মারাত্মকভাবে প্রভাবিত করে। এক্ষেত্রে তাজা রক্ত বা প্যাকড রেড ব্লাড সেল দেওয়ার প্রয়োজন হয়।\n\nসংক্রমণ এবং টিস্যু নেক্রোসিস: আগুনে পোড়ার পর ত্বক তার সুরক্ষা প্রাচীর হারিয়ে ফেলে, ফলে শরীর জীবাণু দ্বারা সহজে আক্রান্ত হয়। গুরুতর সংক্রমণে শরীর দ্রুত রক্ত তৈরি করতে পারে না এবং বিদ্যমান রক্তকণিকাও ক্ষতিগ্রস্ত হয়। এছাড়া, পোড়া টিস্যু মরে গেলে (নেক্রোসিস) শরীর সেই মৃত টিস্যু অপসারণের জন্য রক্ত ব্যবহার করে, যা রক্তের চাহিদা আরও বাড়িয়ে তোলে।\n\nঅস্ত্রোপচার ও ড্রেসিং: আগুনে পোড়া রোগীদের প্রায়শই একাধিকবার অস্ত্রোপচার করাতে হয়, যেমন - ডেব্রাইডমেন্ট (মৃত টিস্যু অপসারণ) এবং স্কিন গ্রাফটিং (ত্বক প্রতিস্থাপন)। প্রতিটি অস্ত্রোপচারেই রক্তক্ষয় হয়। তাছাড়া, নিয়মিত ড্রেসিং পরিবর্তনের সময়ও কিছুটা রক্তক্ষরণ হতে পারে, যা দীর্ঘমেয়াদে রক্তের চাহিদা বাড়ায়।\n\nরক্তাল্পতা (Anemia): দীর্ঘমেয়াদী প্রদাহ, পুষ্টির অভাব এবং বারবার রক্তক্ষরণের কারণে আগুনে পোড়া রোগীরা রক্তাল্পতায় ভুগতে পারে। রক্তাল্পতা মোকাবিলায় নিয়মিত রক্ত সঞ্চালনের প্রয়োজন হয়।\n\nচিকিৎসা ব্যবস্থাপনায় রক্তের ভূমিকা:\n\nআগুনে পোড়া রোগীর স্থিতিশীলতা এবং জীবন রক্ষায় রক্তের ভূমিকা অপরিসীম। রক্ত ও তরল পদার্থের সঠিক এবং সময়মতো সরবরাহ নিশ্চিত করা গেলে শক, কিডনি ফেইলিওর এবং অন্যান্য গুরুতর জটিলতা এড়ানো সম্ভব হয়। চিকিৎসকরা রোগীর পোড়ার মাত্রা, শরীরের মোট পোড়া পৃষ্ঠের শতাংশ (Total Body Surface Area - TBSA), বয়স এবং অন্যান্য শারীরিক অবস্থার ওপর ভিত্তি করে রক্তের প্রয়োজনীয়তা নির্ধারণ করেন।\n\n\nএ কারণে, আগুনে পোড়া রোগীদের চিকিৎসায় রক্তদান কর্মসূচির গুরুত্ব অপরিসীম। মানুষের সচেতনতা বৃদ্ধি এবং রক্তদানে উৎসাহিত করা এই গুরুতর রোগীদের জীবন রক্ষায় গুরুত্বপূর্ণ ভূমিকা পালন করে।', NULL, NULL, NULL, 1, 'news/jGOQtOaIBaAdbxnxoUyYgn36GpbFHhXXBzxVUZOZ.jpg', NULL, NULL, 0, 0, 0, 'published', 0, NULL, NULL, '2025-07-28 08:10:29', '2025-07-28 08:10:29'),
(64, 'সুস্থ ভবিষ্যতের জন্য বিয়ের আগে যে বিষয়গুলো জানা জরুরি', 'susth-vbishzter-jnz-biyer-age-ze-bishygulo-jana-jruri', 'বিয়ে কেবল দুটি মানুষের মিলন নয়, দুটি পরিবারের বন্ধনও বটে। সুস্থ ও সুন্দর দাম্পত্য জীবনের জন্য শারীরিক সুস্থতা অত্যন্ত গুরুত্বপূর্ণ। বিয়ের আগে কিছু নির্দিষ্ট রোগের পরীক্ষা করানো শুধু নবদম্পতির সুস্থতার জন্যই নয়, তাদের ভবিষ্যৎ প্রজন্মের সুস্বাস্থ্যের জন্যও অপরিহার্য।\n\nকিছু রোগ আছে যেগুলো বাইরে থেকে বোঝা যায় না। কিন্তু বিয়ের পরে খুব সহজে স্বামী থেকে স্ত্রী, আবার স্ত্রী থেকে স্বামী বা তারা যখন সন্তান নেন; তখন তাদের  মাঝে ছড়াতে পারে। এক্ষেত্রে একটু সচেতন হয়ে আগেই কিছু পরীক্ষা করালে রোগগুলো ধরা সম্ভব, চিকিৎসা করে সারিয়ে তোলা বা পরিবারের মাঝে রোধ করা সম্ভব।\n\nকেমব্রিজ বিশ্ববিদ্যালয়ের শিক্ষক ও সহায় হেলথের সহপ্রতিষ্ঠাতা ডা. তাসনিম জারা সামাজিক যোগাযোগ মাধ্যমে তার নিজস্ব চ্যানেলগুলোতে বিয়ের আগে পাত্র-পাত্রীর জন্য ৬টি গুরুত্বপূর্ণ পরীক্ষার কথা তুলে ধরেছেন। চলুন জেনে নেওয়া যাক সেই পরীক্ষাগুলো সম্পর্কে:\n\n১. থ্যালাসেমিয়া (Thalassemia)\n\nথ্যালাসেমিয়া একটি বংশগত রক্তের রোগ। এটি পিতামাতা থেকে সন্তানের মধ্যে ছড়াতে পারে। যদি স্বামী ও স্ত্রী দুজনেই থ্যালাসেমিয়ার বাহক হন, তবে তাদের সন্তানের গুরুতর থ্যালাসেমিয়ায় আক্রান্ত হওয়ার ঝুঁকি থাকে। এই রোগ প্রতিরোধে বিয়ের আগে থ্যালাসেমিয়া স্ক্রিনিং (Hemoglobin Electrophoresis) অত্যন্ত জরুরি।\n\nথ্যালাসেমিয়া রোগ সম্পূর্ণ প্রতিরোধ যোগ্য। সিম্পল একটা রক্ত পরীক্ষার মাধ্যমেই জেনে নেওয়া যায় এ রোগের বিষয়ে। বিয়ের আগে যদি এই পরীক্ষাটি না করা হয় তাহলে ভবিষ্যতে আপনাদের সন্তানেরও থ্যালাসেমিয়া হওয়ার সম্ভাবনা থেকে যাবে।\n\nএই পরীক্ষাটি করালে ফলাফল কেমন আসতে পারে\n\nদুজনের একজনেরও রক্তে কোনো সমস্যা নাই।\n এমন ফলাফলে আসলে বাচ্চার থ্যালাসেমিয়া হওয়া নিয়ে দুশ্চিন্তার প্রয়োজন নেই।\n\n দুইজনের মধ্যে একজনের থ্যালাসেমিয়া ধরা পড়লে\n এ ক্ষেত্রেও বাচ্চার এ রোগটি হওয়ার নিয়ে দুশ্চিন্তার প্রয়োজন নেই। তবে সন্তানের থ্যালাসেমিয়া মাইনর হওয়ার ৫০ শতাংশ সম্ভাবনা থাকে। অর্থাৎ বাচ্চা অসুস্থ হবে না, কিন্তু সে থ্যালাসেমিয়ার বাহক হতে পারে।\n\nদুইজনেরই থ্যালাসেমিয়া মাইনর ধরা পড়লে-\nএই ক্ষেত্রে বাচ্চার থ্যালাসেমিয়া নিয়ে জন্মানোর সম্ভবনা আছে।\n\n২. হেপাটাইটিস বি পরীক্ষা (Hepatitis B)\n\n হেপাটাইটিস বি একটা ভাইরাস যা আমাদের লিভারে গরুতর সমস্যা সৃষ্টি করতে পারে। শুধু তাই না, ক্যান্সার পর্যন্ত হতে পারে। কিন্তু যাদের শরীরে এই ভাইরাসটা বসবাস করছে, তারা অনেকেই জানেন না যে তারা এই ভাইরাসে আক্রান্ত। ফলে নিজের অজান্তেই তারা অন্যদের মাঝেও এই ভাইরাস ছড়িয়ে দিতে পারেন। এছাড়া সুরক্ষা ছাড়া সহবাস করলে একজন থেকে আরেকজনের শরীরে এই ভাইরাস ছাড়াতে পারে। তাই বিয়ের আগেই দুজনে এ পরীক্ষাটি করা পারেন।\n\n৩. হেপাটাইটিস সি (Hepatitis C)\n\nহেপাটাইটিস বি এর মত হেপাটাইটিস সি-ও এক ধরনের ভাইরাস। এটা ছড়ায় সাধারণত রক্তের মাধ্যমে। যেমন- একই সুই বা ইনজেকশন ব্যবহার করলে যাতে আক্রান্ত ব্যক্তির রক্ত লেগে থাকতে পারে, চিকিৎসা যন্ত্রপাতি ঠিকমত জীবাণুমুক্ত না করলে এই ভাইরাস ছড়াতে পারে। এছাড়া সুরক্ষা ছাড়া সহবাস করলে বা মায়ের দুধ পানেও আক্রান্ত হতে পারে এই রোগে।\n\nএই রোগটি লিভার অনেকটুকু নষ্ট হওয়ার আগ পর্যন্ত এ রোগে লক্ষণ দেখা যায় না। তাই বিয়ে আগে থ্যালাসেমিয়া- সি পরীক্ষা করিয়ে নিতে পারে।\n\n৪. এইচআইভি পরীক্ষা\n\nএইচআইভির ব্যাপারে আপনারা কমবেশি প্রায় সবাই জানেন। আকান্ত ব্যক্তির সঙ্গে সহবাসের মাধ্যমে সাধারণত এটা ছড়ায়।এছাড়া আক্রান্ত ব্যক্তির সুই বা ইনজেকশন ব্যবহার করলে, জন্মের সময়ে মায়ের কাছ থেকে বা মায়ের বুকের দুধের মাধ্যমে শিশু এই ভাইরাসে আক্রান্ত হতে পারে।\n\nঅনেকের ক্ষেত্রে বহু বছর ধরে এই ভাইরাসের কোনো লক্ষণ নাও থাকতে পারে। আর সেই সময় একজনকে থেকে আরেকজনে এই ভাইরাস ছড়াতে পারে। স্ত্রী থেকে স্বামী, স্বামী থেকে স্ত্রী, মা থেকে সন্তানের মধ্যে এ রোগ ছড়াতে পারে। তাই বিয়ে আগে এই পরীক্ষাটি করে ফেলাই শ্রেয়।\n\n৫. যৌনবাহিত রোগ পরীক্ষা\n\nঅনেকেই যৌনবাহিত রোগে ভোগেন কিন্তু তিনি হয়তো জানেন না। শুধু মাত্র টেস্ট করার পরেই ধরা পড়ে। কিন্তু অনেকেরই যেহেতু কোনো লক্ষণ থাকে না। ফলে টেস্ট করাও হয় না, রোগও ধরা পরে না। পরে নানান ধরনের শারীরিক সমস্যা যেমন- সন্তানধারণের সমস্যা দেখা দিতে পারে। অথচ সময়মত অল্প কয়েকদিনের অ্যান্টিবায়োটিক কোর্স নিলেই রোগটা সেরে যেত।\n\nএই চারটি কমন যৌনবাহিত রোগ পরীক্ষা করাতে পারেন। যেমন- সিপিলিস, গনোরিয়া, ক্লামেডিয়া, ট্রিকোমনায়সিস।\n\n৬. ব্লাড গ্রুপ\n\nব্লাড গ্রুপ এবং আরএইচ ফ্যাক্টর পরীক্ষা অত্যন্ত গুরুত্বপূর্ণ। বিশেষ করে Rh নেগেটিভ মায়ের ক্ষেত্রে যদি বাবা Rh পজিটিভ হন, তবে গর্ভাবস্থায় সমস্যা হতে পারে। এই সমস্যাকে Rh ইনকম্প্যাটিবিলিটি (Rh Incompatibility) বলে, যা শিশুর জীবন ঝুঁকিতে ফেলতে পারে। এই ক্ষেত্রে আগাম প্রস্তুতি ও সঠিক চিকিৎসা পদ্ধতি গ্রহণ করে জটিলতা এড়ানো সম্ভব।', NULL, NULL, NULL, 1, 'news/yw2mdDuR4mKCrYMfM2Ul4rtMfYUPx46OP1zUu6UI.jpg', NULL, NULL, 0, 0, 0, 'published', 0, NULL, NULL, '2025-07-28 08:12:15', '2025-07-28 08:12:15'),
(65, 'দীর্ঘক্ষণ প্রস্রাব চেপে রাখলে হতে পারে মারাত্মক ক্ষতি', 'deerghkshn-prsrab-cepe-rakhle-hte-pare-maratmk-kshti', 'আমরা কাজের চাপে কিংবা সুযোগের অভাবে দিনের মধ্যে কোনো সময় প্রস্রাবের বেগ নিয়ন্ত্রণ করে থাকি। কিন্তু এটা মোটেও ঠিক নয়। কারণ দীর্ঘক্ষণ এ ধরনের অভ্যাসের ফলে শরীরের ওপর নেতিবাচক প্রভাব পড়তে পারে। আর মূত্রথলিতে একটি নির্দিষ্ট সময় পর্যন্ত মূত্র জমা হতে পারে। এরপর সঠিক সময়ে দেহ থেকে তা নির্গত না হলে, শরীরের বিভিন্ন সমস্যা সৃষ্টি হয়।\n\nচলুন জেনে নেওয়া যাক, দীর্ঘক্ষণ প্রস্রাব চেপে রাখলে শরীরে কোনো কোনো সমস্যা তৈরি হতে পারে—\n\nব্যথা ও অস্বস্তি\n\nমানবদেহের মূত্রথলিতে একবারে ৩০০ থেকে ৫০০ মিলিলিটার পর্যন্ত প্রস্রাব জমা হতে পারে। কিন্তু কোনো ব্যক্তি যদি প্রস্রাব না করে কিডনি থেকে সেখানে আরও মূত্র জমা হতে শুরু করে। ফলে তলপেটে ব্যথা শুরু হয়। অনেকক্ষণ এ অবস্থায় থাকলে, তখন সেই ব্যক্তি অস্বস্তিবোধ করতে পারেন। পরিস্থিতি কঠিন হলে মাথাব্যথাও শুরু হতে পারে।\n\nমূত্রথলির শক্তি ক্ষয় হয়\n\nপ্রস্রাবের বেগ চেপে রাখলে মূত্রথলির শক্তি ক্ষয় হয়। কারণ মূত্রথলির পেশির ওপরে চাপ তৈরি হয়। তাই দীর্ঘক্ষণ মূত্রথলির ওপরে চাপ তৈরি হলে, তা থেকে মূত্রথলির পেশি দুর্বল হয়ে পড়ে। এর ফলে মূত্রথলি সমান হারে সঙ্কুচিত ও প্রসারিত হতে পারে না এবং মূত্রথলি থেকে মূত্র সম্পূর্ণ রূপে দেহের বাইরে আসে না। সে কারণে পরিস্থিতি জটিল হয়, তখন ক্যাথেটার ব্যবহারের প্রয়োজন হতে পারে।\n\nমূত্রনালির সংক্রমণ\n\nমূত্রথলিতে যদি বেশিক্ষণ ধরে মূত্র জমা হয়, তাহলে সংক্রমণ হতে পারে। খেয়াল রাখতে হবে, মূত্রের মাধ্যমে দেহ থেকে দূষিত পদার্থ বাইরে বেরিয়ে যায়। সেই দূষিত পদার্থগুলো বেশিক্ষণ দেহের মধ্যে থাকলে তা থেকে জীবাণুর জন্ম হতে পারে। সঠিক সময়ে তা শনাক্ত না হলে কিডনির সমস্যা তৈরি হতে পারে।\n\nকিডনির ক্ষতি\n\nশরীর থেকে দূষিত পদার্থকে মূত্রের মাধ্যমে বের করতে সাহায্য করে কিডনি। কিন্তু মূত্রথলিতে যদি দীর্ঘ সময় তরল জমা থাকে, তাহলে বিপরীত পথে কিডনিতে আক্রমণ করতে পারে। এর ফলে দীর্ঘ সময়ের কারণে কিডনির ক্ষতিও হতে পারে।\n\nমূত্রথলিতে পাথর\n\nমূত্রের মধ্যে নানা ধরনের খনিজ উপাদান থাকে। অনেকক্ষণ প্রস্রাবের বেগ চেপে রাখলে, সেই খনিজ উপাদানগুলো শক্ত হয়ে পাথর তৈরি করতে পারে। এ ধরনের পাথর অনেক সময়ে মূত্রথলিতেও জমা হতে পারে এবং সময়ের সঙ্গে তার আকারও বৃদ্ধি পেতে পারে।\n\nযা করা প্রয়োজন\n\n\nআপনার শরীরের দেহের কাঠামো ঠিক রাখতে এবং তরল পানের ওপর মূত্রত্যাগের সময় ও হার নির্ভর করে। তবে চিকিৎসকরা জানিয়েছেন, একজন প্রাপ্তবয়স্ক ব্যক্তির তিন থেকে চার ঘণ্টা অন্তর প্রস্রাব করা উচিত। দেখা গেছে, দিনে ৪ লিটার পানি পান করলে, ব্যক্তি গড়ে ৬ থেকে ৮ বার প্রস্রাব করেন। একদিনে ব্যক্তির দেহে দেড় থেকে ২ লিটার পর্যন্ত মূত্র তৈরি হতে পারে।', NULL, NULL, NULL, 1, 'news/fsd1hO0Ub7UApt3XoRpc090RYXbo1dPXPnRu2h6v.jpg', NULL, NULL, 0, 0, 0, 'published', 0, NULL, NULL, '2025-07-28 08:13:28', '2025-07-28 08:13:28'),
(66, 'দুধ-আনারস একসঙ্গে খেলে আসলে কি কোনো ক্ষতি হয়?', 'dudh-anars-eksngoe-khele-asle-ki-kono-kshti-hy', 'আনারস ও দুধ একসঙ্গে খেলে মানুষ মারা যাবে এমন কথা প্রচলিত রয়েছে আমাদের সমাজে। অনেকের ধারণা, একসঙ্গে এ দুই জিনিস খেলে বিষক্রিয়া হয়, যা মৃত্যুর দিকে ঠেলে দিতে পারে। প্রশ্ন হলো এ প্রচলিত কথার পেছনে সত্যি কোনো বৈজ্ঞানিক ভিত্তি আছে? নাকি এটা কেবলই পুরনো দিনের ভ্রান্ত ধারণা? চলুন খুঁটিয়ে দেখা যাক দুধ আর আনারস একসঙ্গে খাওয়ার বিষয়টি।\n\nদুধ ও আনারস একসঙ্গে খাওয়ার বিরুদ্ধে জনমনে আতঙ্কের সৃষ্টি হয়েছে বহু আগেই। আমাদের সমাজে প্রচলিত ধারণা অনুযায়ী, আনারসের সঙ্গে দুধ খেলে তা শরীরে ‘বিষ’ তৈরি করে। এ ‘বিষক্রিয়া’র ফলে পেটে ব্যথা, বমি, এমনকি মৃত্যুও হতে পারে বলে বলা হয়। অনেক বাবা-মা এখনো সন্তানদের এ দুটো খাবার একসঙ্গে খেতে নিষেধ করেন। তবে প্রশ্ন হলো এই দাবির পেছনে কোনো বৈজ্ঞানিক ভিত্তি আছে কি?\n\nপুষ্টিবিদদের মতে, আনারস একটি অ্যাসিডিক (অম্লীয়) ফল। এতে ব্রোমেলিন নামক একটি এনজাইম থাকে, যা প্রোটিন ভাঙতে সাহায্য করে। অন্যদিকে, দুধে থাকে প্রচুর প্রোটিন এবং ল্যাকটোজ। আনারসে থাকা ব্রোমেলিন দুধের প্রোটিনকে ভেঙে দিতে পারে, ফলে দুধ জমে যেতে পারে বা জমাট বেঁধে যেতে পারে। এর ফলে কারও কারও হালকা পেটের অস্বস্তি বা গ্যাস্ট্রিকের সমস্যা হতে পারে। তবে সেটা কখনোই ‘বিষক্রিয়া’ বা প্রাণঘাতী অবস্থার মতো কিছু নয়।\n\nবারডেমের সাবেক প্রধান পুষ্টিবিদ আখতারুন নাহার গণমাধ্যমে দেওয়া এক সাক্ষাৎকারে বলেন, ‘দুধ আর আনারস একসঙ্গে খেলে মানুষের মৃত্যু হয়, কথাটির বৈজ্ঞানিক কোনো ভিত্তি নেই। এটি নিতান্তই প্রচলিত কুসংস্কার।’\n\n \n\nযুক্তি হিসেবে তিনি কাস্টার্ডের কথা বললেন। এতে অন্যান্য ফলের সঙ্গে আনারস তো থাকেই, সঙ্গে থাকে দুধ। আবার আইসক্রিম কিংবা মিল্কশেকেও আনারসের সঙ্গে দুধ ব্যবহার করা হয় অহরহ। এসব খাবার খেলে মৃত্যু তো দূরে থাক, ছোটখাটো সমস্যার অভিযোগও কেউ করেছেন বলে শোনা যায় না।\n\n\nএই ভ্রান্ত ধারণার উৎস সম্ভবত কিছু পুরনো ঘটনা, যেখানে মানুষ অসুস্থ হওয়ার পেছনে দুধ ও আনারসকে দোষারোপ করেছিল। সেই সময়গুলোতে খাদ্য নিরাপত্তা ও সংরক্ষণের যথাযথ ব্যবস্থা না থাকায় খাদ্য বিষক্রিয়া বা পেটের সংক্রমণ বেশি হতো, যা পরে ‘আনারস-দুধ মেশানো’ খাবারের দায়ে পড়ে যায়। এছাড়া, অনেকে শরীরগতভাবে স্পর্শকাতর হওয়ায় দুধ বা আনারসে সমস্যা অনুভব করেন এবং সেই সমস্যার সার্বজনীন ব্যাখ্যা হিসেবে গুজব ছড়িয়ে পড়ে।', NULL, NULL, NULL, 1, 'news/VcyIlcwwxBIncJPZREll0k84VKiLHfqth9NFtySl.jpg', NULL, NULL, 0, 0, 0, 'published', 0, NULL, NULL, '2025-07-28 08:15:46', '2025-07-28 08:15:46');
INSERT INTO `news_posts` (`id`, `news_title`, `slug`, `news_description`, `division_id`, `district_id`, `upazila_id`, `user_id`, `news_thumbnail`, `meta_title`, `meta_description`, `is_premium`, `is_lead`, `is_sub_lead`, `status`, `view_count`, `scheduled_at`, `deleted_at`, `created_at`, `updated_at`) VALUES
(67, 'পুরোনো ফোনে গতি বাড়বে যেভাবে', 'purono-fone-gti-barbe-zevabe', 'পুরোনো স্মার্টফোন নতুনের মতো না হলেও তা ভালোই কাজ করবে। ইচ্ছা করলে আরও কয়েক বছর ব্যবহার চালিয়ে যাওয়া সম্ভব। স্মার্টফোনটি পরিবারের অন্য কাউকে ব্যবহারের জন্যও দেওয়া যায়। পুরোনো স্মার্টফোনে সেটিংস বদলে বাড়তি সুফল নেওয়া সম্ভব।\n\nঅ্যান্ড্রয়েড স্মার্টফোন ব্যবহার করছেন, কিনেছেন দু-তিন বছর পেরিয়ে গেছে; তাহলে ফোনের গতি বাড়াতে সহজ কয়েকটি পদ্ধতি রয়েছে। এতে পুরোনো হ্যান্ডসেট আরও কিছুদিন ব্যবহারযোগ্য হবে। সাধারণত পুরোনো স্মার্টফোনের সঙ্গে অভ্যস্ততা চলে আসে।\n\nঅ্যান্ড্রয়েড ফোনে বেশির ভাগ জায়গা দখল করে অ্যাপ। অজান্তেই তা ডাউনলোড হয়ে ভিড় করে স্টোরে। ফোনের ভালোর জন্য দ্রুত অপ্রয়োজনীয় অ্যাপ আনইনস্টল করাই শ্রেয়। ফলে ফোনের প্রসেসর ও অপারেটিং সিস্টেম তুলনামূলক ভালো থাকবে এবং দ্রুত কাজ করবে। পুরোনো ফোনের সব অ্যাপের লাইট সংস্করণ ব্যবহার করাই শ্রেয়। সাধারণত বেশ কিছু অ্যাপের দুটি সংস্করণ থাকে। যার মধ্যে থাকে হালকা সংস্করণ। \n\nএটি কম স্টোরেজ নেয়, আবার কম ক্যাশ মেমোরি তৈরি করে। যেমন– ফেসবুকের লাইট সংস্করণ রয়েছে। যারা অনিয়মিত ফেসবুকে থাকেন বা পোস্ট করেন, তারা লাইট সংস্করণ ব্যবহার করলে অনেক জায়গা থাকে। এতে প্রসেসরে চাপ কম পড়ে। অন্যদিকে, অপারেটিং সিস্টেম ও ব্যাটারির সমর্থন বেড়ে যায়।', NULL, NULL, NULL, 1, 'news/IbmvjImybQHnqPAxRgMj22QC5hRi3ZYzpslP0grq.jpg', NULL, NULL, 0, 0, 0, 'published', 0, NULL, NULL, '2025-07-28 08:34:52', '2025-07-28 08:34:52'),
(68, 'চ্যাটবট থেকে তথ্য প্রকাশের অভিযোগ', 'czatbt-theke-tthz-prkaser-ovizog', 'কিছুদিন ধরে চ্যাটবট থেকে ব্যক্তিগত তথ্য বেহাতের অভিযোগ সামনে আসছে। ওপেনএআই উদ্ভাবিত চ্যাটজিপিটির বিরুদ্ধে এমন অভিযোগ আগেও ছিল। ইতোমধ্যে নিবন্ধিতদের তথ্য ফাঁস হওয়ার কয়েকটি ঘটনা স্বীকার করেছে কর্তৃপক্ষ।\n\nকৃত্রিম বুদ্ধিমত্তার সুবিধা নিতে বহু প্রযুক্তি উৎসাহীর প্রায় সব ধরনের চাহিদা পূরণ করছে চ্যাটবট। কিন্তু সেখানে গিয়ে যেসব ব্যক্তিগত তথ্য দেওয়া হচ্ছে, তা কিন্তু হ্যাকার চক্রের নজর এড়িয়ে যাচ্ছে না। নিরাপত্তার প্রশ্নে আদতে ঠিক কী করছে ওপেনএআই, তা নিয়ে প্রশ্ন উঠছে। ছবি সম্পাদনা থেকে শুরু করে কোডিং– সবকিছুতে মানুষ চ্যাটবটের ওপর নির্ভরশীল হয়ে পড়ছে। ঠিক যে কারণে প্রযুক্তিপ্রেমীদের আগ্রহের কেন্দ্রে রয়েছে চ্যাটবট। উল্লেখ্য, ২০২৩ সালে সাড়া জাগানো প্রযুক্তি বা আর্টিফিশিয়াল ইন্টেলিজেন্স টুল উন্মুক্ত হয়। খবরে প্রকাশ, চ্যাটজিপিটি নিবন্ধিত ব্যক্তির তথ্য অর্থের বিনিময়ে বিপণন করছে।\n\nব্যক্তিগত কথোপকথনে তথ্য ফাঁস হওয়ার স্ক্রিনশট ভাইরাল হলে বিষয়টি সবার নজরে আসে। ঠিক তার পর থেকেই বহু অভিযোগ করেছে অনেকে। কিছু সুনির্দিষ্ট তথ্য ফাঁস হওয়ার ঘটনা স্বীকার করেছে ওপেনএআই। সংস্থার নিরাপত্তা ও জালিয়াতি শনাক্ত বিভাগ অভিযোগ নিয়ে তদন্ত করেছে। \n\nব্যক্তিগত কথোপকথন ও ফাইল ফাঁস হয়েছে নিবন্ধিত গ্রাহকের। জানা গেছে, ব্যক্তিগত কথোপকথন ফাঁস হলে কর্তৃপক্ষ দায় এড়িয়ে যেতে পারে না। যার মধ্যে বহু ধরনের সংবেদনশীল তথ্য অন্তর্ভুক্ত রয়েছে। ওষুধ সংস্থার তথ্য আছে। সংস্থাটি অভিযোগ তুলেছে তাদের লগইন, অ্যাপ ও স্টোর নম্বরের তথ্য ফাঁস হয়েছে। আরেকটি সংস্থার কথোপকথন ফাঁস হয়েছে। যার মধ্যে অপ্রকাশিত গবেষণার তথ্য রয়েছে। সবশেষ চ্যাট টাইটেল ফাঁস হওয়ার খবর সামনে আসে। তাই গ্রাহককে চ্যাটবট ব্যবহারে সতর্ক থাকার পরামর্শ দিয়েছেন নিরাপত্তা বিশেষজ্ঞরা। অভিযোগের কয়েকটি ঘটনা জিপিটির সুরক্ষা ত্রুটিকে প্রশ্নবিদ্ধ করেছে। যেমন– \n\nটু-ফ্যাক্টর অথেন্টিকেশন না থাকা বা সবশেষ লগইন তথ্য দৃশ্যমান না হওয়া। ফলে সময়ের সবচেয়ে আধুনিক প্রযুক্তিবিদ্যার চূড়ান্ত সুফল পেতে গ্রাহক এখন দুশ্চিন্তায় ভুগছেন। জিপিটিতে নিত্যনতুন ফিচার যুক্ত হচ্ছে, যা নিবন্ধিতদের কাজ প্রতিনিয়ত সহজ করছে। নিরাপত্তার প্রশ্নে আলোচিত ফিচার হলো জিপিটি মেনশন্স। যার মাধ্যমে নিবন্ধিতরা নিজস্ব কাস্টম জিপিটি তৈরি করার সুবিধা পাবেন। অর্থাৎ নিজের জন্য চ্যাটবট তৈরি সহজবোধ্য হয়েছে।', NULL, NULL, NULL, 1, 'news/3393oaYykFoJMZ9u1N5BLV6vKAxUBQ2pRW09rfRc.jpg', NULL, NULL, 0, 0, 0, 'published', 0, NULL, NULL, '2025-07-28 08:36:41', '2025-07-28 08:36:41'),
(69, 'অপারেটিং সমস্যায় যা করবেন', 'opareting-smszay-za-krben', 'অনেক ল্যাপটপ বা পিসির উইন্ডোজ অপারেটিং সিস্টেম স্বাভাবিকভাবে সচল না হয়ে অনেক সময় সেফ মোডে সক্রিয় হয়। ডিভাইসে সেফ মোড হলো উইন্ডোজের বিশেষ অচলাবস্থা হিসেবে পরিচিত। যখন অপারেটিং সিস্টেম একেবারে যথাযথ ফাইল আর সব ড্রাইভার নিয়ে লোড হতে পারে না, তখনই এমন সমস্যা হয়।\n\nসহজ ভাষায় বললে, ল্যাপটপ বা পিসির বিপৎকালীন যখন ন্যূনতম প্রস্তুতিতে ডিভাইস সচল হয়। হুট করে উইন্ডোজ সেফ মোড নির্দেশ করলে এতে প্রথম অবস্থায় রিস্টার্ট করে তাৎক্ষণিক সমাধান পাওয়া যেতে পারে। পরে স্বাভাবিকভাবে তা সচল হয় কিনা, তা যাচাই করে নিতে হবে।\n\nকয়েকবার এতে ব্যর্থ হলে বুঝতে হবে, সমস্যাটি কিছুটা জটিল রূপ নিয়েছে। উইন্ডোজের কোনো জরুরি ফাইলের ক্ষতি বা হার্ডওয়্যার সমস্যার কারণে এমন হতে পারে। নতুন কোনো হার্ডওয়্যার সেটিংস বদলের ফলে যদি উইন্ডোজ বারবার সেফ মোডে চলে যায়, তাহলে আগের সেটিংস রিভার্স করলে সহজ সমাধান পাওয়া যাবে।\n\nডায়াগনস্টিক মোড\n\nউইন্ডোজ সিস্টেমের সেফ মোডকে আবার বলা হয় ডায়াগনস্টিক মোড। উইন্ডোজ সক্রিয় হওয়ার সময় এফ-এইট বাটন প্রেস করলে যে মেন্যু দৃশ্যমান হবে, সেখান থেকে সেফ মোড চালু করা যাবে। যেহেতু এটি ডায়াগনস্টিক মোড, তাই এমন অবস্থায় বাড়তি কোনো কিছু, যেমন– ওয়াইফাই, ব্লুটুথ, হাই কালার ডিসপ্লে, সাউন্ড, প্রিন্টার অনেক কিছুই কাজ করবে না। এতে বিচলিত হওয়ার কিছু নেই।', NULL, NULL, NULL, 1, 'news/j0SuZit2TD4PVtP6kcpte1IJzZc9ZFzBREkgX00c.jpg', NULL, NULL, 0, 0, 0, 'published', 0, NULL, NULL, '2025-07-28 08:37:18', '2025-07-28 08:37:18'),
(70, 'কনটেন্ট সার্চে কঠোর হয়েছে গুগল', 'kntent-sarce-kthor-hyeche-gugl', 'হঠাৎ আগ্রহী হয়ে চাইলেই যে কোনো কিছু সার্চ করা উচিত নয়। কারণ, গুগল এখন নীতিমালা লঙ্ঘনে বেশ কঠোর হয়েছে। সারাবিশ্বের বহু দেশেই অনেকের অ্যাকাউন্ট জব্দ বা বন্ধের ঘটনা সামনে আসছে। ঠিক কী কারণে এমনটি হচ্ছে, সে প্রশ্ন আসাটা স্বাভাবিক।\n\nঅনৈতিক বা বেআইনি কোনো কার্যকলাপ গুগল একেবারে সমর্থন করে না। সার্চে যদি এমন কিছু বিষয়ে খোঁজ করেন, তাতে জিমেইলে স্থগিতাদেশ আসতে পারে। অন্যথায় গুনতে হতে পারে আর্থিক জরিমানা। ঘুম থেকে জেগে রাতে শুতে যাওয়া পর্যন্ত অনেকবার গুগল ব্যবহারের প্রয়োজন পড়ে। তাই সার্চের ক্ষেত্রে সতর্ক থাকা বিশেষ প্রয়োজন। হুটহাট অনেক কিছু সার্চ থেকে বিরত থাকার পরামর্শ দিয়েছে গুগল নিরাপত্তা বিভাগ।\n\nস্প্যাম নিষেধাজ্ঞা\n\nগুগল স্প্যাম ঘরানার বিষয় সার্চকে কোনোভাবেই উৎসাহিত করে না। যেমন– অযাচিত ই-মেইল বা বিতর্কিত কমেন্ট। কাউকে স্প্যাম ই-মেইল পাঠালে ঝুঁকিতে পড়তে পারে নিজের ব্যবহৃত অ্যাকাউন্ট।\n\nম্যালওয়্যার থেকে বিরত\n\nসার্চ ইঞ্জিনে ম্যালওয়্যার জাতীয় কোনো কিছুতেই গুগল অনুমতি দেয় না। যেমন– ভাইরাস আর ট্রোজান হর্স। কিছু নাম গুগলে ভুলেও খোঁজ করা যাবে না। ভুলে বা না বুঝে যদি ম্যালওয়্যার ডাউনলোড করে ফেলেন বা অন্য কোথাও ফাইল শেয়ার করেন, তাহলে অ্যাকাউন্ট তাৎক্ষণিক নিষিদ্ধ হয়ে যেতে পারে। এমনকি তা উদ্ধারে অনেক সময় অপেক্ষায় থাকতে হতে পারে। কারণ, গুগল নীতিমালায় এটি এক ধরনের অপরাধ।\n\nজালিয়াতি\n\nগুগল কোনো প্রকার জালিয়াতি উদ্যোগকে প্রশ্রয় দেয় না। যেমন– ফিশিং বা জাল রিভিউ। যদি এমন প্রতারণার সঙ্গে জড়িত থাকেন, তাহলে এখন থেকেই সতর্ক হয়ে যান।\n\nনীতি লঙ্ঘন\n\nযেসব বিষয় গুগল নীতির আওতায় পড়ে, যেমন– অশ্লীল ভাষা, বর্ণবাদী মন্তব্য, কারও ব্যক্তিগত তথ্য শেয়ার করা; উল্লিখিত বিষয় অমান্য করলে প্রথমে অ্যাকাউন্ট বন্ধ ও পরে জরিমানা করা হয়। গুগল কর্তৃপক্ষ চাইলে নীতি লঙ্ঘনকারী অ্যাকাউন্ট চিরতরে বন্ধ করে দিতে পারে। সুতরাং সার্চ ইঞ্জিন ব্যবহারে আগের তুলনায় এখন বাড়তি সচেতন থাকার পরামর্শ দিয়েছে গুগল কর্তৃপক্ষ।', NULL, NULL, NULL, 1, 'news/pggE75kjVNNx5vU52rRRPucRkEMezyIY29dyjoTM.jpg', NULL, NULL, 0, 0, 0, 'published', 0, NULL, NULL, '2025-07-28 08:37:54', '2025-07-28 08:37:54'),
(71, 'আইফোনের সমস্যায় ৪ সমাধান', 'aifoner-smszay-4-smadhan', 'আইফোন‌ মানেই প্রিমিয়াম স্মার্টফোন নির্দেশ করে। দাম বেশি হলেও সমস্যা থেকে একেবারে মুক্ত নয় আইফোন। বিশেষ করে অতিরিক্ত গরম হয়ে যাওয়ার সমস্যা অনেক গ্রাহকের কাছেই শোনা যায়। চিন্তার কিছু নেই। কিছু সাধারণ অভ্যাস পরিবর্তন করলে এ ধরনের সমস্যা অনেকাংশে নিয়ন্ত্রণ করা যায়।\n\nপ্রথমেই যে বিষয়টি সামনে আসে, তা হলো ব্যাকগ্রাউন্ড অ্যাপ। অনেক সময় অব্যবহৃত অনেক অ্যাপ সক্রিয় থাকে। এতে ফোনের ব্যাটারি ও প্রসেসরের ওপর বাড়তি চাপ তৈরি হয়। ফলে গরম হয়ে যাওয়ার প্রবণতা বেড়ে যায়। তাই অব্যবহৃত সব অ্যাপ বন্ধ রাখাই শ্রেয়।\n\nআরেকটি জরুরি বিষয় হলো সফটওয়্যার আপডেট। পুরোনো সফটওয়্যার ব্যবহার করলে ফোন শুধু ধীরগতির নয়, বরং গরম হয়ে যায়। আইফোনে ইনস্টল থাকা সবকটি অ্যাপের নতুন আপডেট নিয়মিত দেখভাল করা প্রয়োজন। ফলে ফোনের কার্যক্ষমতা ভালো থাকবে।\n\nঅনেকে ভারী গ্রাফিক্সের গেম খেলতে ভালোবাসেন। কিন্তু কয়েক ঘণ্টা টানা গেম খেললে ফোনের প্রসেসর গরম হয়ে যায়। অন্যদিকে, হাই রেজল্যুশনের ভিডিও দেখা, বড় ফাইল ট্রান্সফার বা ভারী অ্যাপ ব্যবহার করায় আইফোন গরম হওয়ার পেছনে কাজ করে। তাই মাঝেমধ্যে বিরতি নেওয়া বা একই ধরনের কাজ কম করার পরামর্শ দিয়েছেন গ্যাজেটস বিশেষজ্ঞরা।\n\nআরেকটি সহজ অথচ কার্যকর পদ্ধতি হলো সমস্যা হলেই ফোনটি রিস্টার্ট করে নেওয়া। এতে ফোনের প্রসেসিং সিস্টেম রিফ্রেশ হয়। অনেক সময়ই তাপমাত্রা স্বাভাবিক হয়ে যায়।', NULL, NULL, NULL, 1, 'news/jJSmO6qYYZjtr7I08sgmWOdGMpKthtvPyOeC4v7P.jpg', NULL, NULL, 0, 0, 0, 'published', 0, NULL, NULL, '2025-07-28 08:38:45', '2025-07-28 08:38:45'),
(72, 'ব্যাটারি দীর্ঘস্থায়ী হবে যেভাবে', 'bzatari-deerghsthayee-hbe-zevabe', 'অনেকে প্রতিদিন এমন কিছু ভুল করে চলেছেন, যার জন্য স্মার্টফোনের ব্যাটারি যেন ধারণার চেয়েও দ্রুত ফুরিয়ে যাচ্ছে।\n\nবিশেষজ্ঞরা পরামর্শ দিয়েছেন, দ্রুত ব্যাটারি ফুরিয়ে যাওয়ার পেছনে কাজ করে ব্যাটারির সঠিক ব্যবহার না করা। স্মার্টফোনের যতটুকু ব্যবহার প্রয়োজন, ততটুকু করছেন না; কিন্তু চার্জ কমে যাচ্ছে দফায় দফায়। এমন পরিস্থিতিতে স্বাভাবিকভাবেই প্রশ্ন আসতে পারে, সমস্যাটা বোধ হয় জটিল হয়েছে। সব সময় কিন্তু এমনটা হয় না।\n\nশতভাগ চার্জ করার পরও কিছুক্ষণের মধ্য়েই তা ধাপে ধাপে কমতে শুরু করে। এমন হলে স্মার্টফোনের ব্রাইটনেস কমিয়ে আনবেন সবার আগে। মাঝেমধ্যে প্রয়োজনে তা বাড়িয়ে নেওয়া শ্রেয়। সমস্যার সমাধানে ডিভাইসের সেটিংস থেকে ডিসপ্লে অপশনে গিয়ে অ্যাডাপ্টিভ ব্রাইটনেস ব্যবহার করতে পারবেন। যদি সব সময় ব্রাইটনেস উজ্জ্বল রেখে ফোন ব্যবহার করেন, তাহলে তাড়াতাড়ি ব্যাটারি কমতে থাকাই স্বাভাবিক।\n\nডিভাইস গবেষকরা অবশ্য দিন-রাত ২৪ ঘণ্টাই ব্যাটারিকে সেভার মোডে রাখার পরামর্শ দিয়েছেন। উল্লিখিত দুটি পদ্ধতি মেনে চললে ব্যাটারি অনেকাংশে সাশ্রয় হবে। অন্যদিকে ব্যাটারি সক্ষমতা প্রায় দ্বিগুণ হবে। অ্যাডাপ্টিভ ব্রাইটনেস ব্যবহার করলে অনেক অ্যাপ ব্যাটারির ওপর বাড়তি কোনো চাপ ফেলবে না; বরং ব্যাটারিকে করবে দীর্ঘস্থায়ী আর টেকসই।', NULL, NULL, NULL, 1, 'news/u67ZlGXGJlq3FoKpOGEYfUf2610A8P7ZHJqtzcyt.jpg', NULL, NULL, 0, 0, 0, 'published', 0, NULL, NULL, '2025-07-28 08:39:58', '2025-07-28 08:39:58'),
(73, 'নায়াগ্রায় জলের পতনেই আনন্দ', 'nayagray-jler-ptnei-annd', 'ম্যানহাটান থেকে মধ্যরাতে বাসযাত্রা। গন্তব্য নায়াগ্রা। বাসে ওঠার পর থেকেই বব মার্লির বিখ্যাত একটি গানের সুর কানে বাজতে থাকে- ‘বাফেলো সোলজার, ড্রেডড লক রাসতা। দেয়ায়ার ওয়াজ এ বাফেলো সোলজার, ইন দ্য হার্ট অব আমেরিকা...।’ নব্বই দশকে আমাদের মতো অনেক তরুণের প্রিয় গান এটি। কখনও কখনও প্যারোডি করেও গাওয়া হতো। আমার স্মৃতিতে বব মার্লির হঠাৎ ফিরে আসার কারণ হলো বাফেলোর নায়াগ্রা ফলস দেখতে যাওয়া। সাত ঘণ্টার পথ পাড়ি দিয়ে সকালে বাফেলো শহরে পৌঁছাই। সব কেমন অচেনা লাগে। বাফেলো সোলজারের কথা ভুলে গিয়ে কানে বাজতে থাকে প্রাকৃতিক সুর। যে সুরের উৎপত্তি নায়াগ্রার জলোপ্রপাত থেকে।  \n\nএক ধরনের উত্তেনা বোধ করতে থাকি নায়াগ্রা ফলস দেখার জন্য। গুগলে সার্চ দিয়ে দেখে নেই আরও কতটা পথ দিতে হবে। ২১ কিলোমিটার দেখার পর পিলে চমকে উঠে। আরিফ হোসেনকে ফোন দেই পরামর্শ নেওয়ার জন্য। তিনি ফোনের ওপর থেকে কুশল জানতে চান। আমার ভ্রমণের বিত্তান্ত জেনে নিয়ে বাস কাউন্টারে অপেক্ষা করতে বলেন। কিছুক্ষণের ভেতরে সকালের নাস্তা সমেত সাদা গাড়ি নিয়ে হাজির আরিফ। ভাবি (মিসেস আরিফ) যত্ন করে পরটা, মাংস, ডিম পাঠিয়েছেন। এই অচেনা ভূমিতে নিজেকে খুব সৌভাগ্রবান মনে হলো। নিজের কাজ ফেলে আরিফ আমাকে নায়াগ্রা পৌঁছে দিলেন। কোন স্পট থেকে ঝর্ণা ভালো দেখা যায় সেসব বলে দিলেন গাইডের মতো। আরিফ হলেন সাবেক ক্রীড়া সাংবাদিক। এসএ টিভিতে কাজ করতেন। কয়েক বছর ধরে স্বপরিবারে যুক্তরাষ্ট্রের বাফেলোতে বাস করছেন। \n\nআরিফের পরামর্শ অনুযায়ী স্টেট পার্কের ভেতর দিয়ে ঝর্নার কাছে ছুটে যাই। দু’চোখ ভরে দেখতে থাকি ওপর থেকে স্বচ্ছ জলের ধারা নিজে পড়ার দৃশ্য। জলোপ্রপাত দেখার সঙ্গে মিউজিক শোনার আনন্দ উপভোগ করতে থাকি। এক জায়গায় বসে দেখতেই থাকি। গিরিখাদের জলে পর্যটকদের ওয়াটার বাস ভ্রম ওপর থেকে দেখাতেও আনন্দ।\n\nপকেট খালি হওয়ার ভয়ে ওয়াটার বাসে উঠা নিয়ে দ্বিধাদ্বন্দ্বে ছিলাম। মনের সঙ্গে লড়াই করে জিতে যাই- জীবনে আর কখনও আসা হবে কিনা জানি না। দুচোখ ভরে সব দেখে নেই। হঠাৎ মনে পড়ে কোনো ছবি তোলা হয়নি। পরে নিজের ও ঝর্নার ছবি তুলতে থাকি। অন্যদের তুলে দেই। ভিডিও করে অফিসে পাঠাই। \n\nনায়াগ্রার জলোপ্রপাত দেখতে দেখতে কখন যে গড়িয়ে দুপুর হয়ে গেছে বুঝতে পারিনি। সংবিত ফেরে কানাডা থেকে আগত মফিজুর রহমান মুন্নার ফোনে। তিনি বর্ডার থেকে ফোন করেছেন আমার অবস্থান জেনে নিতে। মুন্না হলেন জাতীয় দলের সাবেক পেস বোলার। বিকেএসপিতে আমার এক বছরের সিনিয়র। ২০০ কিলোমিটার পথ পাড়ি দিয়ে আমার সঙ্গে দেখা করতে এসেছেন। তাকে সামনে দেখতে পেয়ে মনপ্রাণ জুড়িয়ে যায়। অদ্ভূত ভালোলাগা কাজ করতে থাকে।  \n\nযুক্তরাষ্ট্র-কানাডার মাঝ দিয়ে বয়ে চলা নায়াগ্রা নদী থেকে ঝর্নার উৎপত্তি। মুন্নার সঙ্গে গড়ি থাকায় ঘুরে বেড়াতে সুবিধা হয়। তিনি আমাকে একটি দীপে নিয়ে গেলেন। \n\nসাজানো গোছানো বাড়িঘর থাকলেও পুরো দীপটি জনমনশূন্য মনে হতে থাকে। কিছুক্ষণ থাকার পর মনে হতে পারে পরিত্যক্ত দীপ দেশ। মানুষের উপস্থিতি টেন না পেলেও এক মুহূর্তের জন্যও নিরব মনে হয়নি দীপটিকে। বাতাসের সুর, পাখির কলোতান, নদীর ঢেউ আছড়ে পড়ার শব্দ সারাক্ষণ সো সো করতে থাকে। আমি বঙ্গো সন্তান দুচোখ ভরে বাফেলো, নায়গ্রার সৌন্দর্য উপভোগ করতে থাকি। ফাকে ফাকে গল্প চলে। বুঝতেই পারছেন এমন নৈস্বর্গে ছবি না তোলার কারণ নেই। \n\nসন্ধ্যা সাতটায় মুন্না ভাই আমাকে বাস কাউন্টারে নামিয়ে বর্ডার পেরিয়ে চলে গেলেন কানাডার ঠিকানায়। সোয়া আটটায় আমার বাস। আরিফ দুপুরে ফোনে খোঁজ নেন। সন্ধ্যায় আমি তাকে ফোন দেই, সুযোগ পেলে একবার দেখা করতে বলি। কাজ ফেলে আরিফ আসেন, স্বৃতি হিসেবে দুজনে কয়েকটি ছবি তুলি। আরিফের কাছ থেকে বিদায় নেই। \n\nপ্রিয়জন হারানোর বেদনা মোচড় দিয়ে ওঠে। পরিবার নিয়ে ভালো থাকবেন আরিফ। মুন্না ভাই দেখা হবে আমাদের জননী জন্মভূমিতে। আমি ক্ষণিকের অতিথি বিদায় নিলাম। \nওহ, একটা বিষয়ে বলা হয়নি। চেনা পরিচিত কেউ নায়াগ্রা ফলস ভ্রমণের ছবি ফেইসবুকে পোস্ট করলে আমি মনে মনে বলতাম, কোনো দিন কি এই জলোপ্রপাত স্বচক্ষে দেখতে পাব? প্রভূর কৃপায় আমি ছবি পোস্ট করলাম। ভালো থাকুন। সমকাল ভ্রমণ কাহিনী পড়ুন। ', NULL, NULL, NULL, 1, 'news/uv6DVWUsfR9oxRR5MzVpmmut1KetJl6y6PUi7Jaf.jpg', NULL, NULL, 0, 0, 0, 'published', 0, NULL, NULL, '2025-07-28 08:42:57', '2025-07-28 08:42:57'),
(74, 'যেন মেঘের ভেলায় ভাসছি...', 'zen-megher-velay-vaschi', 'দৃষ্টি যতদূর যায় শুধু মেঘ আর মেঘ। যেন সবুজের গায়ে সাদা চাদর। সাদা আর সবুজের অপূর্ব মিতালি। প্রকৃতির অপরূপ মায়াবী এই সৌন্দর্য যে কারও চোখ ধাঁধিয়ে দেবে। বলছি, বাংলাদেশের অন্যতম জনপ্রিয় পর্যটন স্থান সাজেক ভ্যালির কথা। উঁচু পাহাড়, মেঘের মাঝে রাস্তা আর সবুজের সমারোহ মুগ্ধ করে সবাইকে। আর সাজেকে সূর্যোদয় দেখার অনুভূতি কখনো ভুলা যায় না। সূর্যোদয়ের সঙ্গেই শুরু হয় মেঘ পাহাড়ের লুকোচুরি খেলা। এছাড়াও সাজেকে দেখার মতো স্থানগুলোর মধ্যে রয়েছে- রুইলুই পাড়া, হেলিপ্যাড, কংলাকপাড়া ইত্যাদি।\n\nরাঙামা‌টি জেলার সাজেক ইউনিয়নটি ‘সাজেক ভ্যালি’ নামেই পরিচিত। যার আয়তন ৭০২ বর্গমাইল। সমুদ্রপৃষ্ঠ থেকে উচ্চতা ১ হাজার ৮০০ ফুট। সাজেক রাঙামাটিতে পড়লেও যাওয়া সহজ খাগড়াছড়ি দিয়ে। খাগড়াছ‌ড়ি জেলার শাপলা চত্বরে গেলেই দেখা মিলে সা‌রি সা‌রি জিপ, চান্দের গাড়ি, সিএন‌জিচালিত অটোরিকশার। সাজেকে যাওয়া-আসার জন্য এসব বাহন ভাড়া হয় এক দিন বা দুই দিনের চুক্তিতে। খাগড়াছড়ি থেকে গাড়ি গিয়ে থামবে বাঘাইহাট। সকাল ও দুপুরে দুই টাইমে সেখান থেকে সাজেকের উদ্দেশে পর্যটক বহনকারী গাড়িগুলো রওনা দেয়। নিরাপত্তা নিশ্চিতে গাড়িবহরের সামনে ও পেছনে থাকে সেনাবাহিনীর জিপ। আর এখান থেকেই শুরু সাজেক অভিমুখে স্বপ্নযাত্রা।\nএই পথ কখনও উঁচু, আবার নিচু। সবুজ পাহাড়ের মাঝে আঁকাবাঁকা রাস্তা। যাওয়া পথে রাস্তার দু’পাশে দাঁড়িয়ে হাসিমুখে হাত নাড়িয়ে অভিনন্দন জানাবে পাহাড়ি শিশুরা। সবশেষে খাড়া একটি রাস্তা পার হতে হবে। পাহাড়ের খাড়া এই অংশের ওপর উঠলেই সাজেক ভ্যালি। রাস্তার দু’পাশে সারি সারি হোটেল, কটেজ, রিসোর্ট ও রেস্তোরাঁ। সাজেকের এ জায়গাকে বলা হয় রুইলুই পাড়া।\n\nসাজেকের পূর্বে ভারতের মিজোরাম, পশ্চিমে বাংলাদেশের দীঘিনালা। পূর্ব ও পশ্চিমমুখী উভয় পাশ থেকেই সামনে যত দূর চোখ যায় সবুজ পাহাড়ের দেখা মিলবে। মিজোরামের দিক থেকে দেখা যায় সূর্যোদয়, পশ্চিমে মানে দীঘিনালার দিকে মিলে সূর্যাস্তের দৃশ্য। সেখানের ভোরের দৃশ্য দেখলে মনে হয়- সাদা মেঘের চাদরে ঢেকে গেছে পাহাড়। সূর্য ওপর দিকে উঠার সঙ্গে সঙ্গে মেঘ থেকে উঁকি দেয় পাহাড়।\n\nঅন্যদিকে রুইলুই পাড়ায় রয়েছে গাছের ওপর বাড়ি বা গাছবাড়ি। লুসাইদের রাজার বাড়ি, সাধারণ বাড়িঘর, তৈজসপত্র সবকিছুই রয়েছে। এর একটু সামনে এগিয়ে গেলে হেলিপ্যাড। এটি পর্যটকদের কাছে আকর্ষণের কেন্দ্রবিন্দু। সাজেকে এই জায়গা থেকে একসঙ্গে সূর্যোদয় ও সূর্যাস্ত দেখা যায়। আর সঙ্গে পাহাড় আর মেঘের লুকোচুরি তো রয়েছেই। \n\nসাজেকের শেষ গ্রাম ও সবচেয়ে উঁচু জায়গা কংলাকপাড়া। যার উচ্চতা সমুদ্রপৃষ্ঠ হতে প্রায় ১৮০০ ফুট। কংলাক পাহাড়ের পাদদেশ থেকে হাঁটতে হাঁটতে চূড়ার অংশে গেলে শীতল বাতাসে দূর হয়ে যায় সব ক্লান্তি। আশপাশের পাহাড় এবং ঘরবাড়িগুলো দেখলে মন ছুঁয়ে যায়। আর পাহাড়ের চূড়ায় দাঁড়ালে মনে হয়, যেন মেঘের ভেলায় ভাসছি। এখান থেকে ভোরের সূর্যোদয় ওবিকেলে সূর্যাস্ত দুটোই উপভোগ করা যায়। \n\n', NULL, NULL, NULL, 1, 'news/tQqMG61LovzWrxPjmKkOtdMjvY7mVfBla6DMvdHX.jpg', NULL, NULL, 0, 0, 0, 'published', 1, NULL, NULL, '2025-07-28 08:44:14', '2025-07-28 08:44:23'),
(75, 'ভালোবাসার শহরে লৌহকঙ্কাল দেখা', 'valobasar-shre-louhknkal-dekha', 'যেন কবিতার কোনো লাইন, অথবা প্রেমিকাকে সম্বোধন করা কোনো একটি নাম–প্যারিস। বিশ্বের যত শহর, তার মধ্যে প্যারিসের আবেদন একেবারে আলাদা, অন্যরকম। শহরটি কেবল চোখে পড়ার মতো নয়, হৃদয়ের গভীরেও ধারণ করার মতো। প্রথম যখন প্যারিসে পা রাখলাম, তখন মনে হয়েছিল, এটি কোনো শহর নয়, যেন প্রেমিকাকে দেখছি। প্রতিটি গলি, নান্দনিক বাড়ি, প্রতিটি জানালা, আর কফিশপ– সব খানেই একধরনের মাদকতা কিংবা রোমান্টিক জাদু মিশে আছে। সে জাদু আপনাকে মাতাল করে ফেলবে, মুগ্ধ করে তুলবে। এই জাদুর শিখরই যেন আইফেল টাওয়ার। প্যারিসে লোহার তৈরি স্মৃতি আর প্রেমের নীরব ভাষা!\n\nপ্যারিস শহরজুড়ে ঘোরার পর একদিন গিয়ে দাঁড়ালাম আইফেল টাওয়ারের সামনে। যে টাওয়ার ইতিহাস, প্রেম আর গর্বের এক উচ্চতম মিনার হয়ে দণ্ডায়মান। শরীরে এক ধরনের আবেশ বয়ে গেল।\n\nতবে বিপরীত উক্তিও আছে। এই যেমন আইফেল টাওয়ারকে রবীন্দ্রনাথ ঠাকুর কেবলই লৌহকঙ্কাল বলে বর্ণনা করেছেন। তাঁর দৃষ্টিতে এটি আদতে ১ হাজার ৬৩ ফুট উঁচু এক লৌহকঙ্কাল ছাড়া কিছুই নয়। তবে লৌহকঙ্কালটি কাছে গিয়ে দেখতে গিয়ে বুঝলাম প্রায় ৩৩০ মিটার উঁচু এই টাওয়ারটি শুধু একটি স্থাপনা নয়–এটি যেন ফ্রান্সের আত্মার প্রকাশ। প্রায় আধা কিলোমিটার দূর থেকে টাওয়ারটি মাথার ওপর তাকাতেই প্রথমে যে কথাটি মনে হলো তা হলো– টাওয়ারটি যেন আকাশকে ছুঁয়ে বলছে, ‘আমি প্যারিস, আমি স্বপ্ন’।\n\nপ্রতি বছর এই স্বপ্নের টানেই লাখ লাখ মানুষ এখানে আসেন। তাদের দলে এবার শামিল আমিও। ফ্রান্স সরকার এই লৌহকঙ্কালটি এতটাই জোরালোভাবে বিশ্ববাসীর সামনে উপস্থাপন করছে যে প্যারিসে এসে আইফেল টাওয়ার দর্শন না করলে মনে হবে ফ্রান্স ভ্রমণ বৃথা। আরও বেশি বৃথা মনে হবে যদি আইফেল টাওয়ারে চড়ে প্যারিসের শোভা উপভোগ না করা যায়। যদিও প্যারিসের যেকোনো প্রান্ত থেকে আইফেল টাওয়ার দর্শন সম্ভব। সেটি কেবলই দর্শন। ছুঁয়ে দেখা নয়, উপলব্ধি করা নয়। উভয়ের জন্য এর কাছাকাছি আসতে হবে। টাওয়ারে চড়তে হলে আপনাকে ২৫ ইউরো খরচ করতে হবে। এ জন্য আগে থেকেই টিকিটও কাটতে হবে। \n\nছোট একটা তথ্য জানিয়ে রাখি, আইফেল টাওয়ার যখন ১৮৮৯ সালে নির্মিত হয়, তখন সেটিই ছিল বিশ্বের সর্বোচ্চ মানবসৃষ্ট স্থাপনা। টানা ৪১ বছর এই গৌরব ধরে রেখেছিল টাওয়ারটি। সময়ের সঙ্গে বদলেছে প্রযুক্তি ও দৃষ্টিভঙ্গি। এখন বিশ্বের শীর্ষ ১০০ উঁচু ভবনের তালিকায় আইফেল টাওয়ার নেই। উচ্চ ভবন নির্মাণ এখন অনেক দেশের জন্য সম্মান ও প্রতিযোগিতার বিষয়। আকাশ ছোঁয়ার এই দৌড়ে শীর্ষে রয়েছে দুবাইয়ের বুর্জ খলিফা–উচ্চতা ২ হাজার ৭১৭ ফুট। ভবিষ্যতে এই শীর্ষস্থান কতদিন টিকবে, সেটিই এখন দেখার বিষয়।\n\n১৮৮৯ সালের এক বিশ্বমেলার জন্য গুস্তাভ আইফেলের তৈরি এই লোহার কাঠামোটি প্রথমে অনেক বিতর্কের জন্ম দিয়েছিল। অনেকেই একে ‘লোহার দানব’ বলে তিরস্কার করেছিল। সময়, ভালোবাসা আর শিল্পবোধ একে করে তুলেছে পৃথিবীর সবচেয়ে আকর্ষণীয় নিদর্শনগুলোর একটি। এমনকি ফ্রান্সের প্রতীক হিসেবেও একে ধরা হয়।\n\n', NULL, NULL, NULL, 1, 'news/odeQPz83xNWeoUPnH0taBfbnbodzuWwbDeQh9G1a.jpg', NULL, NULL, 0, 0, 0, 'published', 0, NULL, NULL, '2025-07-28 08:45:38', '2025-07-28 08:45:38'),
(76, 'মদিনার যে ৭ দর্শনীয় স্থানে বাধা ছাড়াই ভ্রমণ করা যায়', 'mdinar-ze-7-drsneey-sthane-badha-charai-vrmn-kra-zay', 'প্রতি বছর লাখ লাখ মুসলিম হজ ও ওমরাহ পালন করার উদ্দেশে ইসলামের প্রথম রাজধানী মদিনায় যান। মক্কার পরে এই মদিনা শহরকে ইসলামে দ্বিতীয় পবিত্র শহর হিসেবে বিবেচনা করা হয়। কারণ সেখানে ইসলামের সর্বশেষ নবী দ্বারা নির্মিত ‘নবীর মসজিদ’, মানে মসজিদে নববি অবস্থিত।\n\nছয়শ বাইশ সালে নির্মিত এই মসজিদটি আজও বিশ্বের বৃহত্তম মসজিদগুলোর মাঝে অন্যতম হিসেবে বিবেচিত। ইসলামের প্রথম মসজিদ হিসেবে পরিচিত \'মসজিদ-ই-কুবা\' এই মদিনা শহরে অবস্থিত।\n\nইসলামের আবির্ভাবের আগে মদিনা শহরটির নাম ছিল \'ইয়াথ্রিব\'। বাণিজ্যিক ও ভৌগোলিক গুরুত্বের দিক থেকে সেসময় এটি বেশ সুপরিচিত ছিল।\n\nকারণ এই শহরে তখন একাধারে পাহাড়, সমতল, মরূদ্যান, সোনা, রূপা ও তামার খনি ছিল।\n\nসৌদি পর্যটন ওয়েবসাইট \'ভিজিট সৌদি\' অনুসারে, মুসলিম ও বিদেশিরা কোনও বাধা ছাড়াই মদিনার পর্যটন স্থানগুলোতে ভ্রমণ করতে পারবেন।\n\nএই স্থানগুলোর মধ্যে রয়েছে জাবাল উহুদ, জাবাল জাবাব, জাবাল আল রামাহ (তীরন্দাজ পাহাড়) এবং জাবালে নূর।\n\nএসব স্থানের ধর্মীয় গুরুত্ব রয়েছে। এছাড়া মদিনায় অনেক জাদুঘরও আছে, যেখান থেকে আপনি এই শহরটির ইতিহাস সম্বন্ধে নিমিষেই জানতে পারবেন।\n\nমদিনার সেরকম ‘পবিত্র’ কিছু দর্শনীয় স্থান সম্পর্কে বলা হয়েছে এই লেখায়।', NULL, NULL, NULL, 1, 'news/L6HLN7zlMSqV3wMpYInuBo5IX9b1iL1MfsGrwhEs.jpg', NULL, NULL, 0, 0, 0, 'published', 0, NULL, NULL, '2025-07-28 08:51:22', '2025-07-28 08:51:22'),
(77, 'বিমানের ঢাকা-রোম ফ্লাইট চালুর প্রস্তুতি জোরেশোরে', 'bimaner-dhaka-rom-flait-calur-prstuti-joresore', 'দীর্ঘ ১৫ বছর পর ঢাকা-রোম-ঢাকা ফ্লাইট পরিচালনার সিদ্ধান্ত নিয়েছে বিমান বাংলাদেশ এয়ারলাইন্স। আগামী মার্চের প্রথম সপ্তাহে এ রুটে ফ্লাইট চালু করতে জোরেশোরে চলছে প্রস্তুতি। বিমানের কর্মকর্তাদের সঙ্গে আলোচনার জন্য আগামী সপ্তাহে ঢাকায় আসছে ইতালির বিশেষজ্ঞ প্রতিনিধি দল। বিমান কর্মকর্তারা সোমবার (১ জানুয়ারি)  এসব তথ্য জানান।\n\nতারা বলেন, যাত্রীসেবার মানসহ ফ্লাইটে যাত্রী বাড়ানোর লক্ষ্যে বিভিন্ন স্টেশনের কর্মীদের দায়িত্ব পালনের বিষয়টি কঠোরভাবে নজরদারি করছে বিমান। ইতোমধ্যে দায়িত্ব পালনে অবহেলার অভিযোগে বিমানের আবুধাবি কান্ট্রি ম্যানেজার আবদুল্লাহ আল জামানকে প্রত্যাহার করা হয়েছে।\n\nবিমানের ব্যবস্থাপনা পরিচালক (এমডি) ও প্রধান নির্বাহী (সিইও) শফিউল আজিম সমকালকে জানান, কুয়েত, কাতার, দুবাই, সৌদি আরবসহ বিমানের আরও কয়েকটি স্টেশনের কর্মচারীদের বিরুদ্ধে দায়িত্ব পালনে অবহেলার অভিযোগ রয়েছে। তাদের বিষয়ে নজরদারি চলছে। বিমানে যাত্রীসেবা নিয়ে কোনো কর্মীর বিরুদ্ধে দায়িত্ব পালনে অবহেলার অভিযোগ পাওয়া গেলে ব্যবস্থা নেওয়া হবে।\n\nবিমানের পরিচালক (মার্কেটিং অ্যান্ড সেলস) মোহাম্মাদ সালাউদ্দিন জানান, দীর্ঘ ১৫ বছর পর ঢাকা-রোমের মধ্যে বিমানের ফ্লাইট চালু হতে যাচ্ছে। ২০০৯ সালে এ রুটে ফ্লাইট বন্ধ হয়। যদি সরাসরি ফ্লাইট রোমে যায়, তাহলে ৯-১০ ঘণ্টা লাগবে। বিমানে সেবার মান, ফ্লাইটে যাত্রী বৃদ্ধিসহ রাজস্ব আয় বাড়ানোর ক্ষেত্রে নানা পদক্ষেপ গ্রহণ করা হয়েছে।\n\n', NULL, NULL, NULL, 1, 'news/HcGn23IRQdFgvLG90TlSOPlF6hdgMbQqbezqgnkj.jpg', NULL, NULL, 0, 0, 0, 'published', 0, NULL, NULL, '2025-07-28 08:52:30', '2025-07-28 08:52:30'),
(78, 'ভাঙা দেবী, রহস্যময় হাসি আর বুঁদ হয়ে থাকা এক দুপুর', 'vanga-debee-rhszmy-hasi-ar-bunnd-hye-thaka-ek-dupur', 'সময়টা গ্রীষ্মকাল। তবে প্যারিসের আবহাওয়া তখন না গরম না ঠান্ডা। সেদিন প্যারিসের আকাশ ছিল নীলচে ধূসর। হালকা ঠান্ডা বাতাসে ভেসে আসছিল একটা অলৌকিক আমন্ত্রণ– চলো সময়কে ছুঁয়ে দেখা যাক। সে আমন্ত্রণেই প্যারিসের মাকড়সার জালের মতো ছড়িয়ে থাকা মেট্রো ধরে ছুটে চলা। কখনও হেঁটে, কখনও-বা মেট্রোতে চলার দারুণ অনুভূতি সামনে এসে দাঁড়ালাম লুভর পিরামিডের কাচ দিয়ে নির্মিত সেই জ্যামিতিক অলংকারের সামনে। যেখানে আধুনিকতার ছোঁয়া আর প্রাচীনতার বিশালতা একসঙ্গে মিলেমিশে এক আশ্চর্য অভিজ্ঞান সৃষ্টি করেছে। পিরামিডের নিচের প্রবেশপথ দিয়ে যখন মিউজিয়ামের ভেতরে ঢুকি, মনে হয় কোনো সুড়ঙ্গপথে ঢুকেছি; যা আমাকে নিয়ে যাচ্ছিল অতীতের মহাকাব্যে।\n\nলুভর মিউজিয়াম যেন বহু শতাব্দীর বিবর্তনের গল্প। ১১৯০ সালে রাজা ফিলিপ অগাস্টাস এটি নির্মাণ করেন একটি সামরিক দুর্গ হিসেবে, প্যারিস শহরকে বাইরের আক্রমণ থেকে রক্ষা করতে। তখন শহরের সীমানা ছিল অনেক ছোট আর লুভর ছিল সেই প্রাচীরঘেরা শহরের রক্ষাকবচ। ১৫৪৬ সালে রাজা ফ্রাঁসোয়া প্রথম এ দুর্গকে রূপান্তর করেন রাজপ্রাসাদে। তিনিই প্রথম শুরু করেন শিল্প সংগ্রহ। ঠিক সেখান থেকেই জন্ম নেয় লুভরের ভবিষ্যৎ পরিচয়। এ রাজাই লিওনার্দো দা ভিঞ্চিকে ফ্রান্সে আমন্ত্রণ জানান এবং তাঁর কাছ থেকে সংগ্রহ করেন মোনালিসা। পরে ১৭৯৩ সালে ফরাসি বিপ্লবের উত্তাল সময়ে লুভর জনসাধারণের জন্য খুলে দেওয়া হয়। তখন এর সংগ্রহ ছিল মাত্র ৫০০টির মতো; যা আজ দাঁড়িয়েছে ৩৮ হাজারেরও বেশি শিল্পকর্মে।\n\nভেতরে ঢুকেই চোখ ছানাবড়া। চারপাশে শুধু ছবি, মূর্তি, দেয়ালচিত্র, শিল্পকর্ম। মিসরের শবাধার, গ্রিক দেবতাদের ভাস্কর্য, রেনেসাঁ যুগের চিত্রকর্ম, ইসলামী ক্যালিগ্রাফি, ভারতীয় মূর্তি– পৃথিবীর প্রায় সব প্রান্তের শিল্প যেন এখানে এসে আশ্রয় নিয়েছে। যেদিন দা ভিঞ্চির আঁকা ‘মোনালিসা’র সামনে দাঁড়ালাম, মনে হলো আমি সময়ের মুখোমুখি দাঁড়িয়ে আছি। ওই রহস্যময় হাসি আমাকে চুপ করিয়ে দিল। শতাব্দী পেরিয়ে যাওয়ার পরও যে ছবি লাখো-কোটি দর্শককে একসঙ্গে স্তব্ধ করে দিতে পারে– তা তো কেবল মোনালিসাই। \n\nমোনালিসার পাশে হেঁটে গেলে আপনি দেখতে পাবেন আরেক বিস্ময়– ভেনাস দে মিলো। দুই হাত ভাঙা, তবু অপূর্ব নারীত্বে পূর্ণ এই গ্রিক দেবীর মূর্তি যেন এক শাশ্বত সৌন্দর্যের চিহ্ন। আবার সিঁড়ির মাথায় দাঁড়িয়ে আছে ‘উইংড ভিক্টরি অব সামোথ্রেস’, ডানাওয়ালা এক দেবী, যিনি যেন বিজয়ের অঙ্গভঙ্গিতে হাঁটছেন সময়ের বুকে।\nএকটি হলঘরে দেখলাম মিসরের এক ফেরাউনের মমি সংরক্ষিত আছে। তার চোখ দুটো বন্ধ, অথচ মনে হলো আমার দিকেই তাকিয়ে আছে। পাশেই এক প্রাচীন স্ফিংক্স– মিসরের মরুভূমি পেরিয়ে এসে যেন এখানে বসে আছে ক্লান্ত হয়ে।\n\nআরেক করিডোরে দেখি জ্যাক-লুই ডেভিডের বিশাল ক্যানভাস– ‘দ্য করোনেশন অব নেপোলিয়ন’, যেখানে সম্রাট নিজেই নিজের মুকুট পরাচ্ছেন। এ ছবির প্রতিটি চরিত্র যেন জীবন্ত, প্রতিটি দৃষ্টির ভঙ্গিতে গল্প। লুভরের সবচেয়ে মোহময় দিকটি ছিল এর স্থাপত্য। দৃষ্টিনন্দন দেয়াল, উঁচু ছাদ, ধ্রুপদি কারুকাজে পূর্ণ প্রতিটি করিডোর– প্রতিটি কোণেই যেন একেকটা জীবন্ত উপন্যাস। মিউজিয়ামের ভেতর দিয়ে হাঁটতে হাঁটতে হঠাৎ করেই যেন ইতিহাসের নানা চরিত্র সামনে এসে দাঁড়ায়। কারও হাতে রংতুলি, কেউ বর্ম পরে যুদ্ধের প্রস্তুতিতে, কেউবা চুপচাপ বসে জীবনের দুর্বোধ্যতা আঁকছে ক্যানভাসে।\n\nএই জাদুঘর শুধু জ্ঞান নয়, এক গভীর আবেগের আধার। শিল্পের সঙ্গে মানুষের সম্পর্কটা এখানে এসে যেন আরও পরিষ্কার হয়ে ওঠে। প্রাচীন গুহাচিত্র থেকে শুরু করে আধুনিক বিমূর্ত চিত্র পর্যন্ত– সবকিছুই মানুষ রেখে গেছে ভবিষ্যতের জন্য। \n\nলুভরে হাঁটতে হাঁটতে একটা অদ্ভুত বিষণ্নতা গ্রাস করেছিল আমাকে। কারণ এত সৌন্দর্য, এত ইতিহাস দেখে প্রশ্ন জাগে– আমরা কী রেখে যাচ্ছি পরবর্তী প্রজন্মের জন্য? এই বিশ্ব কি এখনও শিল্পের প্রতি ততটাই শ্রদ্ধাশীল আছে, যতটা ছিল দা ভিঞ্চির যুগে?তবে পরক্ষণেই মনে হলো, শিল্পকে বাঁচিয়ে রাখার সবচেয়ে বড় প্রমাণই তো হলো দর্শক।\n\nলুভর শুধু একটি মিউজিয়াম নয়, এটি এক চলমান ইতিহাসের মহাকাব্য। এখানে একটি ছবি মানে কেবল রং নয়, একটি মূর্তি মানে শুধু পাথর নয়, বরং একটি জাতির আত্মা, একটি সভ্যতার কল্পনা, একটি মানুষের অশ্রু, আনন্দ, ভালোবাসা।\n\nফিরে আসার সময় আমি আবার দাঁড়ালাম পিরামিডের নিচে। তখন সন্ধ্যা নামছে প্যারিসে। লুভরের চারপাশে হালকা হলুদ আলো জ্বলে উঠেছে। পেছনে তাকিয়ে দেখি– শত শত মানুষ দাঁড়িয়ে, কেউ ছবি তুলছে, কেউ বসে আছে চুপচাপ, কেউ হয়তো ভালোবাসায় মুখ ডুবিয়েছে। আমি ভাবছি– লুভর হয়তো কোনোদিন আমায় ভুলে যাবে, কিন্তু আমি? আমি তো চিরকাল এ অভিজ্ঞতা বহন করব। কারণ, শিল্প একবার হৃদয়ে বাসা বাঁধলে তা আর কোনোদিন চলে যায় না। ', NULL, NULL, NULL, 1, 'news/86LNg6ZckTgpfGt6PklzRlk42teHyrv12JRpmHd9.jpg', NULL, NULL, 0, 0, 0, 'published', 0, NULL, NULL, '2025-07-28 08:53:40', '2025-07-28 08:53:40'),
(79, 'বন্ধুত্ব থেকে প্রেম-বিয়ে, এবার উচ্চশিক্ষার জন্য ইউরোপ যাত্রা', 'bndhutw-theke-prem-biye-ebar-uccsikshar-jnz-iurop-zatra', 'একই বিভাগের শিক্ষার্থী, একই ক্লাসে পরিচয়। বন্ধুত্ব থেকে প্রেম, এরপর বিয়ে। এবার উচ্চশিক্ষার জন্য একইসঙ্গে পাড়ি দিচ্ছেন ইউরোপে।\n\nচট্টগ্রাম বিশ্ববিদ্যালয়ের (চবি) এই দুই সাবেক শিক্ষার্থী হলেন আজিজুর রহমান রিয়াজ ও সোনিয়া আহসান চৌধুরী। আগামী সেপ্টেম্বরে সুইডেনের উপসালা বিশ্ববিদ্যালয়ে স্কলারশিপসহ মাস্টার্স প্রোগ্রামে অংশ নেওয়ার কথা তাদের।\n\nজিন প্রকৌশল ও জীবপ্রযুক্তি বিভাগের (জেনেটিক ইঞ্জিনিয়ারিং অ্যান্ড বায়োটেকনোলজি) ২০১৭-১৮ সেশনের শিক্ষার্থী ছিলেন দুজনেই। চট্টগ্রামের বাঁশখালীর শেখেরখীল গ্রামের রিয়াজ ও রাউজানের গহিরার সোনিয়ার বন্ধুত্বের সম্পর্ক ২০১৯ সালে প্রেমে রূপ নেয়। মাস্টার্সের পর উচ্চশিক্ষার জন্য বিদেশে আবেদনের প্রস্তুতি নেওয়ার সময়ই তারা সিদ্ধান্ত নেন, অফার লেটার পেলেই বিয়ে করবেন। সে অনুযায়ী গত ২৪ জুলাই বিয়ে করেছেন তারা।\n\nআলাপ করে জানা যায়, রিয়াজ ইরাসমাস মুন্ডাসের ‘ইন্টারন্যাশনাল মাস্টার ইন ইনোভেটিভ মেডিসিন’ প্রোগ্রামে সুযোগ পেয়েছেন। প্রথম বছর তিনি পড়বেন সুইডেনের উপসালা বিশ্ববিদ্যালয়ে। এরপর দ্বিতীয় বছর যাবেন নেদারল্যান্ডসের গ্রোনিংজেন বা এস্তোনিয়ার টার্তু বিশ্ববিদ্যালয়ে। আর সোনিয়া পড়বেন একই বিশ্ববিদ্যালয়ের ইনফেকশন বায়োলজি প্রোগ্রামে। তিনি পেয়েছেন ‘উপসালা ইউনিভার্সিটি গ্লোবাল স্কলারশিপ’।\n\nরিয়াজ বলেন, আমরা দুজনই আগে থেকেই পড়ালেখাকে প্রাধান্য দিতাম। দুজনেরই প্রথমবারের মতো আবেদন ছিল। ২০২৫ সালের জানুয়ারিতে ইরাসমাসে আবেদন করি। ফেব্রুয়ারিতে আবেদন করি সুইডেনের বিভিন্ন প্রোগ্রামে। আমাদের একটাই চাওয়া ছিল—যেখানেই যাই, যেন একসঙ্গে যেতে পারি।\n\nপ্রয়োজনীয় নথি তৈরি, আইইএসটিএস-এর প্রস্তুতি, এসওপি লেখা সব কিছুতেই একে অপরকে সহযোগিতা করেছেন। রিয়াজ বলেন, ‘সোনিয়া আমার ইন্টারভিউয়ের জন্য ডেমো নিয়েছে, আমিও ওর আবেদনপত্র দেখে সংশোধন করেছি।’ \n\nগত ২৭ মার্চ উপসালা থেকে অফার লেটার পান সোনিয়া। ২৮ মার্চ রিয়াজ ইরাসমাস স্কলারশিপে নির্বাচিত হন। সেদিনই তারা পরিবারকে বিয়ের সিদ্ধান্ত জানিয়ে দেন। রিয়াজ বলেন, ‘আমার পরিবার খুব সহযোগিতা করেছে। সোনিয়ার দুই বড় বোন কানাডা ও ইংল্যান্ডে উচ্চশিক্ষা নিয়ে কাজ করছেন, তাদের দিক থেকেও উৎসাহ ছিল।’\n\nদুজনের গবেষণার ক্ষেত্র ভিন্ন হলেও লক্ষ্য একটাই—ভালো গবেষক হয়ে দেশে ফিরে অবদান রাখা। রিয়াজের আগ্রহ ক্যানসার জেনেটিক্স নিয়ে। চট্টগ্রাম বিশ্ববিদ্যালয়ে মাস্টার্স থিসিস করেছেন ক্যানসারের জিনগত কারণ নিয়ে। রিয়াজ বলেন, ‘দেশে ফিরে ক্যানসার স্ক্রিনিং সুলভ ও সহজলভ্য করতে চাই।’\n\nসোনিয়া গবেষণা করতে চান মাইক্রোবিয়াল জেনেটিক্স নিয়ে। উপসালায় তিনি কাজ করবেন ভাইরাস ও ব্যাকটেরিয়া জনিত সংক্রমণের জেনেটিক বিশ্লেষণ নিয়ে। সোনিয়া জানান, দেশে ফিরেও সংক্রমণজনিত রোগগুলো নিয়ন্ত্রণে গবেষণাভিত্তিক কাজ করতে চান।\n\nরিয়াজ-সোনিয়া মনে করেন, উচ্চশিক্ষার পেছনে সবচেয়ে বড় ভূমিকা রাখে ধৈর্য, পরিবারিক সমর্থনও দরকার। বিশ্বাস করেন, দেশের স্বাস্থ্যখাতে একদিন জেনেটিকস ও ইনফেকশন বায়োলজির গবেষণালব্ধ জ্ঞান প্রয়োগ করা সম্ভব হবে। যেখানে তারাও ভূমিকা রাখতে পারবেন।', NULL, NULL, NULL, 1, 'news/NGhugfvTBmq79ktzGIO207BF6r511c51ljR0KLDq.jpg', NULL, NULL, 0, 0, 0, 'published', 0, NULL, NULL, '2025-07-28 08:59:09', '2025-07-28 08:59:09'),
(80, 'নটর ডেমে ভর্তির বিজ্ঞপ্তি প্রকাশ, সুযোগ পাবেন ৩,২৯০ শিক্ষার্থী', 'ntr-deme-vrtir-bijngpti-prkas-suzog-paben-3290-siksharthee', 'রাজধানীর নটর ডেম কলেজে ২০২৫-২৬ শিক্ষাবর্ষে একাদশ শ্রেণিতে ভর্তির বিজ্ঞপ্তি প্রকাশ করা হয়েছে। কলেজটি নিজস্ব প্রক্রিয়ায় ভর্তি পরীক্ষা ও জিপিএ’র নম্বরের সমন্বয়ে শিক্ষার্থী নির্বাচন করে ভর্তি নেবে। এবার কলেজটিতে মোট তিন হাজার ২৯০ জন শিক্ষার্থী ভর্তির সুযোগ পাবেন।\n\nআজ শনিবার কলেজের একাদশ শ্রেণিতে ভর্তি সংক্রান্ত বিজ্ঞপ্তিতে এসব তথ্য জানানো হয়। বিজ্ঞপ্তির তথ্যমতে, আগামী ২৯ জুলাই থেকে অনলাইনে এ আবেদন শুরু হবে। চলবে ৭ আগস্ট পর্যন্ত।\n\nভর্তি আবেদনের ন্যূনতম যোগ্যতায় বলা হয়েছে, বিজ্ঞান বিভাগের বাংলা মাধ্যম ও ইংরেজি ভার্সন (উচ্চতর গণিতসহ) জিপিএ-৫, মানবিক বিভাগে জিপিএ-৩ ও ব্যবসায় শিক্ষা বিভাগগে জিপিএ-৪ থাকতে হবে। এসএসসিতে বাংলা ভার্সনের শিক্ষার্থীরা ইংরেজি ভার্সনের জন্য আবেদন করতে পারবেন না। ‘ও’ লেভেলের শিক্ষার্থীদের আবেদন নেওয়া হয় না।\n\n২০২৫-২৬ শিক্ষাবর্ষে কলেজটির বিজ্ঞান বিভাগে আসনসংখ্যা ২ হাজার ১২০টি। এর মধ্যে বাংলা মাধ্যমে এক হাজার ৮১০ ও ইংরেজি মাধ্যমে ৩১০টি। আর মানবিক বিভাগে ৪১০ ও ব্যবসায় শিক্ষা বিভাগে ৭৫০টি।\n\nনটর ডেম কলেজ গত বছর যোগ্যতা চেয়েছিল বিজ্ঞান বিভাগে বাংলা ও ইংরেজি ভার্সনে উচ্চতর গণিতসহ জিপিএ-৫, মানবিক বিভাগে জিপিএ-৩ ও ব্যবসায় শিক্ষা বিভাগে জিপিএ-৪। এসএসসিতে বাংলা মাধ্যমের শিক্ষার্থীরা ইংরেজি ভার্সনের জন্য আবেদন করতে পারবেন না। ‘ও’ লেভেলের শিক্ষার্থীদের আবেদন নেওয়া হবে না। \nবিভাগ পরিবর্তনের ক্ষেত্রে বিজ্ঞান বিভাগ থেকে ব্যবসায় শিক্ষা বিভাগে জিপিএ-৪.২৫, বিজ্ঞান ও ব্যবসায় শিক্ষা বিভাগ থেকে মানবিক বিভাগে আবেদন করতে ন্যূনতম জিপিএ ৩.৫০ লাগবে। \n\nহলি ক্রস কলেজ\nরাজধানীর হলি ক্রস কলেজে ২০২৫-২৬ শিক্ষাবর্ষে একাদশ শ্রেণিতে ভর্তি পরীক্ষার বিজ্ঞপ্তি প্রকাশ করা হয়েছে। নিজস্ব প্রক্রিয়ায় ভর্তির জন্য জিপিএসহ যোগ্যতার শর্ত প্রকাশ করেছে শিক্ষাপ্রতিষ্ঠানটি। আগ্রহী প্রার্থীরা আগামী ৩০ জুলাই থেকে ৩ আগস্ট রাত ১২টার মধ্যে অনলাইনে আবেদন করতে পারবেন। প্রতিষ্ঠানটির ভর্তি বিজ্ঞপ্তিতে এ তথ্য জানানো হয়।\n\nবিজ্ঞপ্তি অনুযায়ী, এবার বিজ্ঞান বিভাগে আসন রয়েছে ৭৮০টি, মানবিক শাখায় আসন ২৬০টি ও ব্যবসায় শিক্ষায় রয়েছে ২৭০টি আসন। শূন্য আসনের বিপরীতে আবেদন করতে পারবেন। অনলাইনে ভর্তি আবেদনের পর আগামী ৮ আগস্ট (শুক্রবার) বিজ্ঞান বিভাগের ও ৯ আগস্ট (শনিবার) মানবিক ও ব্যবসায় শিক্ষা বিভাগের ভর্তি পরীক্ষা অনুষ্ঠিত হবে। বিজ্ঞান বিভাগ থেকে বাংলা, ইংরেজি, পদার্থ বিজ্ঞান, রসায়ন, উচ্চতর গণিত ও জীববিজ্ঞান বিষয়ে ভর্তির লিখিত পরীক্ষা অনুষ্ঠিত হবে।\n\nমানবিকে বাংলা, ইংরেজি, সাধারণ গণিত, ভূগোল, পৌরনীতি, অর্থনীতি, ইতিহাস ও সাধারণ জ্ঞান এবং ব্যবসায় শিক্ষা শাখায় বাংলা, ইংরেজি, সাধরণ গণিত, হিসাব বিজ্ঞান, ফিন্যান্স ও ব্যাংকিং, ব্যবসায় উদ্যোগ ও সাধারণ জ্ঞান বিষয়ে লিখিত ভর্তি পরীক্ষা অনুষ্ঠিত হবে। এসব পরীক্ষা এসএসসি ২০২৫ সালের সিলেবাসে অনুষ্ঠিত হবে। এতে জানানো হয়, লিখিত পরীক্ষায় উত্তীর্ণদের মৌখিক পরীক্ষার ভিত্তিতে চূড়ান্ত ভর্তির জন্য মনোনীত করা হবে। ভর্তি সংক্রান্ত যাবতীয় তথ্য হলি ক্রস কলেজের নিজস্ব ওয়েবসাইট থেকে বিস্তারিত জানা যাবে।', NULL, NULL, NULL, 1, 'news/Cd3PRps7urX05OE8dZynZVy4zbZKtOV34pYuIeWV.jpg', NULL, NULL, 0, 0, 0, 'published', 0, NULL, NULL, '2025-07-28 09:00:27', '2025-07-28 09:00:27'),
(81, 'এসএসসি ও এইচএসসি পরীক্ষায় দায়িত্বে অবহেলা, ৮ পরীক্ষককে শাস্তি', 'esessi-oo-eicessi-preekshay-dayitwe-obhela-8-preekshkke-sasti', '২০২৫ সালের এসএসসি ও এইচএসসি পরীক্ষার দায়িত্বে অবহেলার দায়ে আট পরীক্ষকের বিরুদ্ধে শাস্তিমূলক ব্যবস্থা নিয়েছে ঢাকা মাধ্যমিক ও উচ্চমাধ্যমিক শিক্ষা বোর্ড। তাদেরকে সংশ্লিষ্ট বোর্ডের আওতাধীন পাবলিক পরীক্ষার সকল কার্যক্রম থেকে আজীবনের জন্য অব্যাহতি প্রদান করা হয়েছে।\n\nআজ শনিবার ঢাকা বোর্ডের চেয়ারম্যান প্রফেসর ড. খন্দোকার এহসানুল কবির স্বাক্ষরিত এক পত্রে এ তথ্য জানানো হয়।\n\nশাস্তিপ্রাপ্ত পরীক্ষকরা হলেন- সাভারের সেন্ট যোসেফস হাই স্কুল অ্যান্ড কলেজের উচ্চতর গণিত বিষয়ের সহকারী শিক্ষক মহসীন আলামীন, যাত্রাবাড়ী আইডিয়াল স্কুল অ্যান্ড কলেজের ইসলাম ও নৈতিক শিক্ষার সহকারী শিক্ষক সাখাওয়াত হোসাইন আকন, নবাবগঞ্জের মুন্সীনগর উচ্চ বিদ্যালয়ের সহকারী প্রধান শিক্ষক আবু বকর সিদ্দিক, টাঙ্গাইলের বাসাইলের সুল্লা আব্বাছিয়া উচ্চ বিদ্যালয়ের গণিতের সহকারী শিক্ষক আলেকজান্ডার মিয়া, নরসিংদীর বেলাব উপজেলার বারৈচা কলেজের বাংলা বিভাগের প্রভাষক মধুছন্দা লিপি, ঢাকার ডেমরার রোকেয়া আহসান কলেজের প্রভাষক মুরছানা আক্তার, সাভারের হাজী ইউনুছ আলী কলেজের প্রভাষক জাকির হোসাইন এবং গাজীপুরের কালিয়াকৈর ভাষা শহীদ আব্দুল জব্বার আনসার ভিডিপি স্কুল অ্যান্ড কলেজের প্রভাষক রাকিবুল হাসান।\n\n২০২৫ সালে ঢাকা শিক্ষাবোর্ডের আওতাধীন এসএসসি ও এইচএসসি পরীক্ষায় শিক্ষার্থীদের দিয়ে উত্তরপত্রের (ওএমআর শিট) বৃত্ত ভরাট করানোর অভিযোগ ওঠে এসব পরীক্ষকের বিরুদ্ধে। এ সংক্রান্ত কিছু ছবি সামাজিক যোগাযোগ মাধ্যমে ছড়িয়ে পড়ে। পরে তা বোর্ড কর্তৃপক্ষের নজরে এলে তদন্ত সতত্যা পাওয়ায় তাদের বিরুদ্ধে এ ব্যবস্থা নেওয়া হয়।\n\nঢাকা বোর্ডের নোটিশে বলা হয়, অভিযোগের প্রেক্ষিতে তাদেরকে (পরীক্ষক) কারণ দর্শানো নোটিশ প্রদান করা হয়। নোটিশের জবাবে তারা সকলেই দায় স্বীকার করে ক্ষমা প্রার্থণা করেছেন। বোর্ড কর্তৃপক্ষও তদন্ত করে উক্ত অপরাধের সত্যতা পেয়েছে। ফলে ওই পরীক্ষকবৃন্দের অপরাধ প্রমাণিত হওয়ায় তাদেরকে ঢাকা শিক্ষা বোর্ডের আওতাধীন পাবলিক পরীক্ষার সকল কার্যক্রম থেকে আজীবনের জন্য অব্যাহতি প্রদান করা হয়েছে।\n\nনোটিশে অভিযুক্ত পরীক্ষকদের বিরুদ্ধে বিভাগীয় ব্যবস্থা গ্রহণের জন্যও অনুরোধ করা হয়েছে।', NULL, NULL, NULL, 1, 'news/HFcIaQak1c1GwMk4xXDrxGSZ4HCCGdGfFdz3HCim.jpg', NULL, NULL, 0, 0, 0, 'published', 0, NULL, NULL, '2025-07-28 09:05:46', '2025-07-28 09:05:46'),
(82, 'খুলনা মেডিকেল বিশ্ববিদ্যালয়ে ‘জুলাই যোদ্ধার স্মৃতিচারণ ও চলচ্চিত্র প্রদর্শনী’ অনুষ্ঠিত', 'khulna-medikel-biswbidzalye-julai-zoddhar-smrriticarn-oo-clccitr-prdrsnee-onushthit', 'খুলনা মেডিকেল বিশ্ববিদ্যালয়ে ‘জুলাই যোদ্ধার স্মৃতিচারণ ও চলচ্চিত্র প্রদর্শনী’ অনুষ্ঠিত হয়েছে। আজ বৃহস্পতিবার সকালে বিশ্ববিদ্যালয় ক্যাম্পাসে এটি অনুষ্ঠিত হয়। জুলাই গণঅভ্যুত্থান দিবসসমূহ পালনের লক্ষ্যে সরকার কর্তৃক ‘জুলাই পুনর্জাগরণ অনুষ্ঠানমালা-২০২৫’ পালনের অংশ হিসেবে এ প্রদর্শনী আয়োজন করা হয়। চার দিনব্যাপী অনুষ্ঠানমালার আজ ছিল তৃতীয় দিন।\n\nঅনুষ্ঠানে স্বাগত বক্তব্য রাখে বিশ্ববিদ্যালয়ের রেজিস্ট্রার ও অনুষ্ঠানমালার প্রধান সমন্বয়কারী এস এম আবু নাসের ফারুক। তিনি জুলাই-আগস্টের শহীদদের রুহের মাগফেরাত কামনা করেন। আহত যোদ্ধাদের জাতির বীর সন্তান উল্লেখ করে তাদের আত্মত্যাগের বিনিময়ে অর্জিত নতুন বাংলাদেশ গঠনে সকলকে আন্তরিকভাবে কাজ করতে আহ্বান জানান।\n\nবিশ্ববিদ্যালয়ের ট্রেজারার অধ্যাপক ডা. কামদা প্রসাদ সাহা বলেন, জুলাইয়ের গণআন্দোলন এবং তার সফলতা বিস্ময়কর। এ সময় ছাত্র-জনতার সাহসী ভূমিকার ভূয়সী প্রশংসা করেন তিনি।\n\nজুলাই-আগস্ট বর্ষা বিপ্লবের দিনগুলোর স্মৃতিচারণ করেন বৈষম্যবিরোধী ছাত্র আন্দোলনের সমন্বয়ক ও আহত জুলাইযোদ্ধা আব্দুল্লাহ সাফিল, সিরাজুল ইসলাম ইমন, সাইফ নেওয়াজ, আল শাহরিয়ার ও মোহাম্মদ হামীম রাহাত।\n\nস্মৃতিচারণের পাশাপাশি তারা অগ্নিঝরা দিনগুলোতে খুলনার সরকারি-বেসরকারি হাসপাতাল ও ক্লিনিকে চিকিৎসা সেবা পাওয়ার কথা তুলে ধরে সংশ্লিষ্ট ডাক্তার, নার্স ও প্রতিষ্ঠান কর্তৃপক্ষের প্রতি কৃতজ্ঞতা জানান তারা।\n\nজুলাই যোদ্ধাদের বক্তব্যের পরে বিশ্ববিদ্যালয়ের মেডিসিন অনুষদের ডিন অধ্যাপক ডা. গোলাম মাসুদ এবং নার্সিং অনুষদের ডিন সহযোগী অধ্যাপক ডা. আব্দুল হালিম সরদার তাদের বক্তব্যে জুলাই যোদ্ধাদের অবদান ও বীরত্বপূর্ণ ভূমিকার প্রশংসা করেন। অধ্যাপক ডা. গোলাম মাসুদ জুলাই যোদ্ধাদের পাশাপাশি পিতা-মাতাদের মহান ভূমিকা উল্লেখ করেন। তাদের বক্তব্যের পরে বিশ্ববিদ্যালয়ের অধিভুক্ত মেডিকেল কলেজসমূহের মধ্যে খুলনা সিটি মেডিকেল কলেজের অধ্যক্ষ অধ্যাপক ডা. বিধান চন্দ্র গোস্বামী এবং আদ-দ্বীন আকিজ মেডিকেল কলেজ, খুলনার অধ্যক্ষ অধ্যাপক ডা. মো. উবায়দুল্লাহ ইবনে আলী আহত জুলাই যোদ্ধাদের প্রতি কৃতজ্ঞতা জানান এবং জুলাই শহীদদের রুহের মাগফেরাত কামনা করেন।\n\nঅর্থ ও হিসাব দপ্তরের উপপরিচালক আসমা খাতুনের সঞ্চালনায় বিশ্ববিদ্যালয়ের কর্মকর্তা কর্মচারী ছাড়াও অধিভুক্ত নার্সিং কলেজের অধ্যক্ষ ও প্রতিনিধিরা উপস্থিত ছিলেন।', NULL, NULL, NULL, 1, 'news/FfywGYHmekl4CmAacrji3r5MSFIoufDbFHeQDBC6.jpg', NULL, NULL, 0, 0, 0, 'published', 0, NULL, NULL, '2025-07-28 09:06:37', '2025-07-28 09:06:37'),
(83, 'গণ বিশ্ববিদ্যালয়ে নারী শিক্ষা বিষয়ক সেমিনার', 'gn-biswbidzalye-naree-siksha-bishyk-seminar', 'সাভারের গণ বিশ্ববিদ্যালয়ে ‘নারী শিক্ষায় ক্যারল অ্যান ইগেন ফান্ড ও গণস্বাস্থ্য কেন্দ্রের ভূমিকা-প্রেক্ষিত বাংলাদেশ’ শীর্ষক সেমিনার অনুষ্ঠিত হয়েছে। \n\nরোববার একাডেমিক ভবন মিলনায়তনে বিশ্ববিদ্যালয়ের উপাচার্য অধ্যাপক ড. মো. আবুল হোসেনের সভাপতিত্বে অনুষ্ঠিত এ সেমিনারে প্রধান বক্তা হিসেবে উপস্থিত ছিলেন ডা. জাফরুল্লাহ চৌধুরী আর্কাইভের পরিচালক অধ্যাপক মনসুর মুসা। \n\nঅনুষ্ঠানে অন্যান্যের মধ্যে আরও বক্তব্য রাখেন গণস্বাস্থ্য কেন্দ্রের ট্রাস্টি সন্ধ্যা রায়, ডা. মনজুর কাদির আহমেদ, গণ বিশ্ববিদ্যালয়ের কোষাধ্যক্ষ অধ্যাপক সিরাজুল ইসলাম, কলা ও সামাজিক বিজ্ঞান অনুষদের ডীন অধ্যাপক নীলুফার সুলতানা, রেজিস্ট্রার প্রকৌশলী মো. ওহিদুজ্জামান এবং ক্যারল অ্যান ইগেন ফান্ডের প্রকল্প পরিচালক অঞ্জন কুমার মিত্র।  \n\nসেমিনারে ক্যারল অ্যান ইগেন বৃত্তি ফান্ড হতে গণবিশ্ববিদ্যালয়ের বিভিন্ন সেশনের ৮টি বিভাগের মোট ১৪০ জন শিক্ষার্থীকে বৃত্তি দেওয়া হয়। কানাডিয়ান নাগরিক ক্যারল অ্যান এগেন ১৯৭২ সালে ঢাকায় আহত মুক্তিযোদ্ধাদের শারীরিক পুনর্বাসনের জন্য কানাডিয়ান ইউনিভার্সিটি সার্ভিস ওভারসিজের স্বেচ্ছাসেবক হিসেবে বাংলাদেশে আসেন। পরবর্তীতে তিনি বাংলাদেশের স্থানীয় পর্যায়ে নারী নেতৃত্বের উন্নয়নের সঙ্গে জড়িয়ে পড়েন। মৃত্যুর পর তাঁর সঞ্চিত অর্থের কিছু অংশ নারী শিক্ষার উন্নয়নে দান করে যান। সেই অর্থ থেকেই গণস্বাস্থ্য কেন্দ্র ও গণ বিশ্ববিদ্যালয়ের নারী শিক্ষার্থীদের বছরে ১৮০ জন হিসেবে মোট ৫ বছরে ৯০০ জনকে বৃত্তি দেওয়া হবে। সংবাদ বিজ্ঞপ্তি', NULL, NULL, NULL, 1, 'news/2X8wp6g0gKRhE9iAiVbR7fdwekX2wyg9ajDunC19.jpg', NULL, NULL, 0, 0, 0, 'published', 0, NULL, NULL, '2025-07-28 09:07:23', '2025-07-28 09:07:23'),
(84, 'নির্বাচনেই হোক জনসমর্থনের পরীক্ষা', 'nirwacnei-hok-jnsmrthner-preeksha', 'গণঅভ্যুত্থানে অবধারিতভাবেই ঘটেছে শেখ হাসিনার নেতৃত্বাধীন কর্তৃত্ববাদী শাসনের অবসান। তাঁর দলের ‘কার্যক্রম’ও নিষিদ্ধ করেছে অন্তর্বর্তী সরকার। এই সরকার এসেছে গণঅভ্যুত্থানে অংশগ্রহণকারীদের অনুমোদনে। প্রত্যাশা, জরুরি কাজগুলো সম্পন্ন করে সরকার দেশকে নিয়ে যাবে গণতন্ত্রে। \nগণঅভ্যুত্থানের পরপরই তিন মাসের মধ্যে জাতীয় নির্বাচন অনুষ্ঠানের একটি দাবি উঠেছিল। তত্ত্বাবধায়ক সরকারের মাধ্যমে উল্লিখিত সময়ের মধ্যে নির্বাচন আয়োজনের তিনটি ঘটনা নিকট অভিজ্ঞতাতেই রয়েছে। তা সত্ত্বেও দাবিটি গুরুত্ব পায়নি অন্তর্বর্তী সরকার ও অপরাপর দলের কাছে। পরিবর্তিত পরিস্থিতি বিবেচনা করে দাবি উত্থাপনকারীরাও সেটা মেনে নেন। তাতে গুরুত্ব পায় গণঅভ্যুত্থানে হতাহতদের বিষয়টি দেখার প্রশ্ন; বিচার ও সংস্কার এগিয়ে নেওয়ার দাবি। \n\nএর মধ্যে পরিস্থিতি ঘোলাটে হয় আইনশৃঙ্খলা ভেঙে পড়ায়। বিভিন্ন ‘বঞ্চিত জনগোষ্ঠী’ নেমে পড়ে রাস্তায়। শক্তিশালী প্রতিবেশী দেশের সরকার গণঅভ্যুত্থানের বিরুদ্ধে অবস্থান নেওয়াতেও পরিস্থিতি কঠিন হয়ে পড়ে। দেশের একাংশে আঘাত হানে বন্যা। পণ্যবাজারে লাগে এর ধাক্কা। সরকার অবশ্য বাজার সামাল দিয়েই চলেছে। তবে মব ভায়োলেন্স সামলাতে ব্যর্থ। পরাজিত পক্ষ নিশ্চয়ই মব করছে না। এর দায় অন্যদেরই নিতে হবে। আর এটা বন্ধ করতে না পারার দায় সরকারের। \n\nতৃণমূল পর্যন্ত নতুন নামে চাঁদাবাজি চলছে বলেও অভিযোগ। চাঁদার হার বৃদ্ধির কথা শোনা যাচ্ছে। অতি সম্প্রতি বিএনপি মহাসচিব জানালেন এক লাখ টাকার ঘুষ পাঁচ লাখ হওয়ার কথা। এ জন্য আর ক্ষমতাচ্যুতদের দায়ী করা যাবে না। এখন যারা রাষ্ট্রক্ষমতায়, তাদের ভূমিকাই লক্ষ্য করবে জনগণ। প্রশাসনে প্রভাব বিস্তার করে কারা কী করছে, তার খবরও কম ফাঁস হচ্ছে না। হাটবাজারে চাঁদাবাজি অবশ্য হচ্ছে প্রকাশ্যেই। এটা ঘিরে রক্তারক্তিও হচ্ছে। এসব রোধের দায়িত্ব যে সরকারই ক্ষমতায় থাকুক, তার। \n\nঅতীতে কোনো অন্তর্বর্তীকালেই এমনটি দেখা যায়নি। ওয়ান-ইলেভেন সরকারও প্রায় দু’বছর দেশ চালিয়েছে। তখন আইনশৃঙ্খলার উন্নতি ও দুর্নীতির বিরুদ্ধে কঠোরতা ছিল দৃশ্যমান। জুলাই গণঅভ্যুত্থান-পরবর্তী পর্বটা অবশ্য ভিন্ন। সে জন্য জরুরি ছিল সরকারের আরও কঠোর ভূমিকা। মাঠে থাকা সব দল শুধু নয়; সেনাবাহিনীও কিন্তু তার পাশে রয়েছে। গণঅভ্যুত্থানের কিছুদিন পরই সেনাপ্রধান বলেছিলেন, ১৮ মাসের মধ্যে সংস্কার ও নির্বাচন অনুষ্ঠানে যে কোনো পরিস্থিতিতে সরকারকে সহায়তা জোগাতে তারা প্রস্তুত। অতঃপর এক বছর হতে চললেও নির্বাচন তো দূর; সংস্কারেও অগ্রগতি সামান্য। সংস্কার আলোচনা কেবল দৃশ্যমান। এর ভিত্তিতে ‘জুলাই সনদ’ তৈরির মধ্য দিয়ে নির্বাচনের সময়সীমা নাকি চূড়ান্ত হবে। \n\nনির্বাচন এখনও শর্তসাপেক্ষ! এবার এর নিঃশর্ত ঘোষণা আসে কিনা, দেখতে হবে। নির্বাচনের মাধ্যমে কী অর্জিত হবে, তা নিয়ে অবশ্য তর্ক করেন অনেকে। নজিরবিহীন গণঅভ্যুত্থানে প্রত্যাশা অনেক বেড়ে যাওয়ায় অন্তর্বর্তী সরকারের মাধ্যমেও অনেক কিছু অর্জনের চেষ্টা বেড়েছে। ‘মৌলিক সংস্কার’-এর ওপর জোর দিচ্ছে সরকারও। এর বাইরে যেসব সংস্কারে আলোচনার প্রয়োজন নেই, তার বাস্তবায়নে আবার হেলদোল নেই সরকারের মধ্যে। উদাহরণস্বরূপ, পুলিশে কোনো সংস্কার না হওয়ার কথা তোলা যায়। পুলিশ কাজে ফিরলেও প্রত্যয়ের সঙ্গে কাজ করতে পারছে না। এদিকে মাঠে সেনাবাহিনী থাকলেও পুলিশি দায়িত্ব পালনে হিমশিম খাচ্ছে। কোনো কোনো ক্ষেত্রে শক্তি প্রয়োগ করতে গিয়ে হচ্ছে বিতর্কিত। মাঝে সেনাবাহিনীর সঙ্গে সরকারের দূরত্বও স্পষ্ট হয়ে উঠেছিল। মাঠে থাকা প্রধান রাজনৈতিক দলের সঙ্গেও সরকারের দূরত্ব স্পষ্ট। এ অবস্থায় কাদের সঙ্গে তার নৈকট্য বেড়েছে, সেটা অস্পষ্ট নয়। গণঅভ্যুত্থানে নেতৃত্ব দানকারীদের একাংশ সরকারে যোগ দিয়েছিল। তাতে শুরুতে দৃশ্যত আপত্তি না উঠলেও পরে বেড়েছে। তারা রাজনৈতিক দল গঠনে উদ্যোগী হলে আপত্তি হয় তীব্র। সরকারে থেকে মাঠের একটি দলকে তারা পৃষ্ঠপোষকতা জোগাচ্ছেন বলে অভিযোগ তো গুরুতর। \nঅন্তর্বর্তী সরকারের ‘রাজনৈতিক নিরপেক্ষতা’ বিনষ্টের অভিযোগটি ইতোমধ্যে জোরালো। তারা একটি পক্ষের দিকে হেলে আছেন বলে বক্তব্য প্রকাশ্যেই দেওয়া হচ্ছে। গণঅভ্যুত্থানে হাসিনা সরকারের পতনকে দেশের সিংহভাগ মানুষ স্বাগত জানালেও এতে অতিউৎসাহী হয়ে ওঠা একটি শক্তির কর্মকাণ্ড তাদের ব্যথিত করেছে। ওই শক্তির বিষয়ে সরকারের নির্লিপ্ততা নিয়ে প্রশ্নও উঠেছে অনেক। এর সদুত্তর মেলেনি। মুখে না বলে কাজেও সদুত্তর দেওয়া যায়। উপযুক্ত কাজ না করে অপ্রত্যাশিত বিষয়ে আগ্রহ দেখালে আবার প্রশ্ন ওঠে সরকারের উদ্দেশ্য নিয়ে। তেমন প্রশ্ন ওঠার সুযোগও তৈরি হয়েছে। \nগণঅভ্যুত্থানে কার কী ভূমিকা– তা দিয়ে সামনে কারা দেশ চালাবে, সেটা নির্ণীত হবে না। জনগণ এটা নির্ধারণ করবে নির্বাচনে। গণঅভ্যুত্থানে যারা সবচেয়ে বেশি উৎসাহিত, তাদের নিয়ে দেশের মানুষের উৎসাহ নির্বাচন হলেই বোঝা যাবে। কিন্তু নির্বাচনে তাদের আগ্রহ পরিলক্ষিত হচ্ছে না। সরকারকেও ‘অন্যান্য বিষয়ে’ বেশি আগ্রহী মনে হচ্ছে। সহজে বাস্তবায়নযোগ্য সংস্কারে না যাওয়ায় তাদের বিরুদ্ধে সংস্কার আলোচনায় কালক্ষেপণের অভিযোগও উঠছে। সরকার কার্যত কার এজেন্ডা বাস্তবায়নে নিয়োজিত– সে প্রশ্নও উঠছে অবধারিতভাবে। ', NULL, NULL, NULL, 1, 'news/jkBLCvCq1qToO9wkOTCgDDWmxE8kvCpFWMv6UsES.jpg', NULL, NULL, 0, 0, 0, 'published', 0, NULL, NULL, '2025-07-28 09:09:13', '2025-07-28 09:09:13'),
(85, 'বেসরকারি শিক্ষকদের অবসরকালীন ভোগান্তি কেন', 'besrkari-sikshkder-obsrkaleen-voganti-ken', 'একটি সংবেদনশীল, সমতাভিত্তিক ও মানবিক রাষ্ট্র বিনির্মাণে শিক্ষক সমাজের ভূমিকা তাৎপর্যপূর্ণ। কারণ শিক্ষকের কাজ কেবল পাঠদানেই সীমাবদ্ধ নয়; বরং তারা ভবিষ্যৎ প্রজন্মকে ন্যায় ও মানবিক বোধে বিকশিত হওয়ার ক্ষেত্রে নৈতিক কম্পাসের ভূমিকা পালন করেন।\n\nসম্প্রতি ঢাকার উত্তরায় মাইলস্টোন স্কুলের মহীয়সী শিক্ষক মাহরীন চৌধুরীর আত্মত্যাগ আমাদের এই উপলব্ধি আরও দৃঢ় করে। এক প্রশিক্ষণ বিমান দুর্ঘটনায় শিক্ষার্থীদের জীবন বাঁচাতে গিয়ে তিনি নিজেই প্রাণ হারান। এই ঘটনা যেমন আমাদের শোকাহত করে, তেমনি মনে করিয়ে দেয়– শিক্ষক কেবল পেশাজীবী নন; দায়িত্বশীল অভিভাবক, সংগ্রামী মানবতাবাদীও।\nমাহরীন চৌধুরীর মতো শিক্ষক হয়তো অগণিত নন, তবে এখনও অনেক শিক্ষক আছেন, যারা তাদের দায়িত্বকে বৈষয়িকতার ঊর্ধ্বে স্থান দেন। তারা চান, শিক্ষার্থীরা হোক বিবেকবান, যুক্তিনির্ভর ও নৈতিকভাবে দৃঢ়। কিন্তু দুর্ভাগ্যজনকভাবে রাষ্ট্র ও সমাজ তাদের প্রতি ন্যায্যতার নামে যা দেখায়, তা এই আত্মত্যাগের তুলনায় রীতিমতো অবমাননাকর।\n\nবাংলাদেশ শিক্ষাতথ্য ও পরিসংখ্যান ব্যুরো (ব্যানবেইস) বলছে, দেশে মাধ্যমিক ও উচ্চ মাধ্যমিক পর্যায়ের প্রায় ৯৫ শতাংশ শিক্ষাপ্রতিষ্ঠান বেসরকারি। অথচ নির্মম বাস্তবতা হচ্ছে, শিক্ষা খাতের এই বিপুল চালিকাশক্তি শিক্ষক ও কর্মচারীদের অবসরকালীন নিরাপত্তা এখনও রাষ্ট্রীয় অগ্রাধিকারে নেই। তাদের অবসর সুবিধাপ্রাপ্তির প্রক্রিয়াটি বেশ জটিল ও দীর্ঘসূত্রতার জালে আবদ্ধ। তারা সারাজীবন স্বল্প বেতনে জাতি গঠনের কারিগর হয়ে দায়িত্ব পালন করেন। অথচ অবসরের পর তাদের ন্যায্য প্রাপ্তির জন্যও বছরের পর বছর ধরনা দিতে হয় সংশ্লিষ্ট দপ্তরে। চাকরিজীবনে যে বেতন-ভাতা পান, তা দিয়ে টেনেটুনে জীবিকা নির্বাহ করেন। সঞ্চয়ের ভাবনা অনেকের কাছেই নেহাত বিলাসিতা। ফলে অবসরের পর থেকে শুরু হয় নিদারুণ আর্থিক সংকট। তখন অবসর সুবিধার সামান্য কয়েক লাখ টাকা তাদের কাছে জীবনদায়ী অক্সিজেনের মতো। কিন্তু জাতির দুর্ভাগ্য, ২৮ লাখ কোটি টাকা আত্মসাৎ করে বিদেশে পাচারের সুযোগ থাকলেও সম্মানিত শিক্ষকদের অবসর সুবিধার সামান্য কিছু টাকা আমরা যথাসময়ে দিতে পারি না। তাদের অবসর সুবিধাপ্রাপ্তির প্রক্রিয়া এখনও বেশ জটিল ও দীর্ঘসূত্রতার জালে আবদ্ধ।\n\nবর্তমানে বেসরকারি শিক্ষক-কর্মচারীদের অবসর ও কল্যাণ সুবিধা দেখভালের দায়িত্বে রয়েছে দুটি প্রতিষ্ঠান ‘বেসরকারি শিক্ষাপ্রতিষ্ঠান শিক্ষক ও কর্মচারী অবসর সুবিধা বোর্ড’ ও ‘কল্যাণ ট্রাস্ট’। শিক্ষকরা তাদের মূল বেতনের ১০ শতাংশ অর্থ (৬% বোর্ডে, ৪% ট্রাস্টে) নিয়মিত জমা দেন। অথচ এই তহবিল থেকে পাওনা বুঝে পেতে তাদের অপেক্ষা করতে হয় চার-পাঁচ বছর।\nসর্বশেষ তথ্য বলছে, অবসর বোর্ডে প্রায় ৪৮ হাজার ও কল্যাণ ট্রাস্টে ৪৩ হাজার আবেদন অনিষ্পন্ন। এ দুটি প্রতিষ্ঠানের তহবিলের সম্মিলিত ঘাটতি প্রায় ৯ হাজার কোটি টাকা। প্রতি মাসে যে পরিমাণ আবেদন জমা পড়ে, নিষ্পত্তি হয় তার চেয়ে অনেক কম। সরকার আসে, সরকার যায়। অবসর বোর্ডে আবেদনের স্তূপ জমে। সমস্যা জটিল থেকে জটিলতর রূপ নেয়।\n\nএ সংকট নিরসনে অবসর বোর্ড ও কল্যাণ ট্রাস্টকে একীভূত করে একটি স্বশাসিত ‘অবসর কল্যাণ কর্তৃপক্ষ’ গঠন করার আলোচনা অনেক দিন ধরেই আছে। এতে প্রশাসনিক ব্যয় কমবে এবং শিক্ষকরা পাবেন এক জায়গায় সব সুবিধা। দ্বিতীয়ত, আবেদন যাচাই ও অনুমোদনের জন্য একটি সময়-নির্ধারিত (সর্বোচ্চ ৯০ দিনের মধ্যে) অনলাইন ট্র্যাকিং ব্যবস্থা চালু করা যায়। তৃতীয়ত, সরকারকে একটি কমপক্ষে পাঁচ হাজার কোটি টাকার রিভলভিং তহবিল গঠন করতে হবে, যা থেকে সরাসরি শিক্ষকদের পাওনা পরিশোধ নিশ্চিত করা যাবে। অন্তর্বর্তী সরকার অতীতের সব সরকার থেকে নিজেকে আলাদা বলে দাবি করে। তাদেরই উচিত শিক্ষকদের দীর্ঘদিনের এ যন্ত্রণা থেকে মুক্তি দেওয়া। এটি কোনো করুণা নয়, বরং জাতি গঠনে শিক্ষক সমাজের অবদানের স্বীকৃতি।\n\nএকজন শিক্ষক সারাজীবন জাতি গঠনের কারিগর হয়ে দায়িত্ব পালন করেন। অথচ অবসরের পর তাঁকে যখন নিজের প্রাপ্য অর্থের জন্য ঘুরতে হয়, অপমানিত হতে হয়, তখন সেটি তাঁর একার দুঃখ নয়; গোটা সমাজের বিবেকহীনতার প্রতিচ্ছবি। রাষ্ট্র শিক্ষকদের সম্মান ও ন্যায্যতা দিতে ব্যর্থ হলে শিক্ষা ও উন্নয়ন কাঠামো কখনোই টেকসই হবে না।\n\nমনে রাখতে হবে, একটি মানবিক রাষ্ট্র নির্মাণের পূর্বশর্ত হলো, একটি মানবিক শিক্ষা ব্যবস্থা। সেই ব্যবস্থার কেন্দ্রবিন্দুতে থাকবেন শিক্ষক। তাই প্রয়োজন তাদের মর্যাদা, নিরাপত্তা ও প্রাপ্যতা নিশ্চিত করা। অন্যথায় উন্নয়ন ও মানবিকতার সব উচ্চারণ কেবল কথার ফুলঝুরি হয়েই থাকবে।\n\nড. মোহাম্মদ ফজলুর রহমান খান: চিফ (ডিএলপি ডিভিশন), বাংলাদেশ শিক্ষাতথ্য\nও পরিসংখ্যান ব্যুরো (ব্যানবেইস)\nfrkhan62@yahoo.com', NULL, NULL, NULL, 1, 'news/bRFTTPKMJnZSzwqdyjcoPewfxJthRh3vaUp180Nl.jpg', NULL, NULL, 0, 0, 0, 'published', 0, NULL, NULL, '2025-07-28 09:10:00', '2025-07-28 09:10:00');
INSERT INTO `news_posts` (`id`, `news_title`, `slug`, `news_description`, `division_id`, `district_id`, `upazila_id`, `user_id`, `news_thumbnail`, `meta_title`, `meta_description`, `is_premium`, `is_lead`, `is_sub_lead`, `status`, `view_count`, `scheduled_at`, `deleted_at`, `created_at`, `updated_at`) VALUES
(86, 'ধর্মীয় স্বাধীনতা নিশ্চিত করুন', 'dhrmeey-swadheenta-niscit-krun', 'গত ২১ জুলাই যুক্তরাষ্ট্রের আন্তর্জাতিক ধর্মীয় স্বাধীনতাবিষয়ক কমিশন (ইউএসসিআইআরএফ) বাংলাদেশ বিষয়ে যে ‘তথ্যপত্র’ প্রকাশ করিয়াছে, উহাতে উক্ত বিষয়ে দেশের নাগরিক সমাজের উদ্বেগই প্রতিফলিত বলিয়া আমরা মনে করি। রবিবার সমকাল জানাইয়াছে, গত মে মাসে ইউএসসিআইআরএফ বাংলাদেশ সফর করে সেই অভিজ্ঞতার ভিত্তিতে উক্ত তথ্যপত্রে বাংলাদেশে আসন্ন নির্বাচনের সময় ধর্মীয় সংখ্যালঘুদের উপর সহিংসতার আশঙ্কা প্রকাশ করিয়াছে। ইহার প্রভাব ধর্মীয় স্বাধীনতার ওপর পড়িবার আশঙ্কা রহিয়াছে বলিয়া তাহারা মনে করেন। তাহাদের এহেন আশঙ্কার কারণ হইল, অদ্যাবধি ‘পুলিশ মোতায়েন ব্যতীত সাম্প্রদায়িক সহিংসতা মোকাবিলায় কোনো সুনির্দিষ্ট পরিকল্পনা করে নাই অন্তর্বর্তী সরকার’। শুধু উহাই নহে, গত অক্টোবরে ও পরবর্তী সময়ে সংবিধানসহ বিভিন্ন গুরুত্বপূর্ণ খাতে সংস্কারের জন্য অন্তর্বর্তী সরকার যে সকল কমিশন গঠন করিয়াছিল সেইগুলিতে যদ্রূপ ধর্মীয় সংখ্যালঘুদের কোনো প্রতিনিধি রাখা হয় নাই, তদ্রূপ ফেব্রুয়ারিতে সংবিধান সংস্কারসহ ছয়টি ভিন্ন কমিশনের সুপারিশ পর্যালোচনা ও বিবেচনা করার জন্য গঠিত জাতীয় ঐকমত্য কমিশনেও উহাদের কোনো প্রতিনিধি নাই। ফলে সংবিধানের ধর্মনিরপেক্ষতাসহ বিভিন্ন গুরুত্বপূর্ণ সংশোধনী প্রস্তাব ধর্মীয় সংখ্যালঘুদের অভিমত ব্যতীত গৃহীত হইতেছে। অথচ দেশের প্রায় ১০ শতাংশ মানুষ ধর্মীয় সংখ্যালঘু এবং এই সকল প্রস্তাবের সহিত তাহাদের জীবন নিবিড়ভাবে সম্পর্কিত। মার্কিন এই তথ্যপত্রে হিন্দু, তৎসহিত বাংলাদেশে আদিবাসী, আহমদিয়া ও সুফি মুসলিম সম্প্রদায়ের সদস্যরাও যে বৈষম্যের শিকার হইতেছেন, তাহাও উঠিয়া আসিয়াছে। এই সকল সম্প্রদায়ের উপর বিশেষত ২০২৪ সালের আগস্টে ও তৎপরবর্তী সময়ে পরিচালিত সহিংসতার কথাও উহাতে বলা হইয়াছে।\n\nপূর্বেই বলা হইয়াছে, উক্ত তথ্যপত্রে সংখ্যালঘু নির্যাতনের যে সকল তথ্য তুলিয়া ধরা হইয়াছে, সেইগুলি কল্পিত কিছু নহে। তবে দুর্ভাগ্যবশত, ইতোপূর্বে এই সকল অভিযোগ যখন সংখ্যালঘু সংগঠন এবং নাগরিক সমাজের পক্ষ হইতে উত্থাপিত হইয়াছিল তখন অন্তর্বর্তী সরকারের মধ্যে সেইগুলি অস্বীকারের এক প্রবণতা লক্ষ্য করা গিয়াছিল। এমনকি যদিও এই সরকার প্রায় সর্বক্ষেত্রে অতীতের সকল সরকার অপেক্ষা নিজেকে ব্যতিক্রমরূপে উপস্থাপনের চেষ্টা করে, বিশেষত সাম্প্রদায়িক সহিংসতার প্রশ্নে তাহারা বিস্ময়করভাবে অতীত সরকারগুলির উক্ত ক্ষতিকর প্রবণতা ধারণ করে। আমাদের বিশ্বাস, উক্ত মার্কিন তথ্যপত্র প্রকাশিত হইবার পর সরকার উক্ত দুঃখজনক প্রবণতা হইতে বাহির হইয়া যথাযথ তদন্তের মাধ্যমে অভিযোগগুলির গ্রহণযোগ্য সুরাহার উদ্যোগ গ্রহণ করিবে।\nযে সংবিধানের অধীনে অন্তর্বর্তী সরকার শপথ গ্রহণ করিয়াছে, তাহা এখনও কার্যকর। ভবিষ্যতে ইহাতে যে পরিবর্তনই আসুক, যতক্ষণ তাহা কার্যকর না হইবে ততক্ষণ অবধি সংবিধানটির সকল বিধানের মান্যতা প্রদানে সরকার বাধ্য।\n\nআমরা জানি, বিদ্যমান সংবিধানের ৪১(১) অনুচ্ছেদ অনুযায়ী, (ক) প্রত্যেক নাগরিকের যে কোনো ধর্ম অবলম্বন, পালন বা প্রচারের অধিকার রহিয়াছে; (খ) প্রত্যেক ধর্মীয় সম্প্রদায় ও উপসম্প্রদায়ের নিজস্ব ধর্মীয় প্রতিষ্ঠানের স্থাপন, রক্ষণ ও ব্যবস্থাপনার অধিকার রহিয়াছে। আর ৪১(২) অনুচ্ছেদ অনুযায়ী, কোনো শিক্ষাপ্রতিষ্ঠানে যোগদানকারী কোনো ব্যক্তির নিজস্ব ধর্মসংক্রান্ত না হইলে তাহাকে কোনো ধর্মীয় শিক্ষা গ্রহণ কিংবা কোনো ধর্মীয় অনুষ্ঠান বা উপাসনায় অংশগ্রহণ বা যোগদান করিতে হইবে না। এই বিধানগুলি সরকারকে কার্যকর করিতে হইবে। উপরন্তু সংবিধানের ২৮ অনুচ্ছেদে ‘ধর্ম, বর্ণ, লিঙ্গ, বাসস্থান বা পেশাগত কারণে কোনো নাগরিকের প্রতি বৈষম্য করা যাইবে না’ বলিয়া রাষ্ট্রের প্রতি যে নির্দেশনা রহিয়াছে, তাহাও অলঙ্ঘনীয়। সর্বোপরি একটা অন্তর্ভুক্তিমূলক রাষ্ট্র ও সমাজ গঠনের যে অঙ্গীকার গণঅভ্যুত্থানের নেতৃবৃন্দ করিয়াছেন, তাহা নিশ্চয়ই ধর্মীয় ও জাতিগত সংখ্যালঘুদের বাদ দিয়া করা যাইবে না। উহারই প্রতিফলন হিসাবে সংবিধানের মূলনীতিতে ‘বহুত্ববাদ’ শব্দটা যুক্ত করিবার প্রস্তাব উঠিয়াছে বলিয়া আমাদের বিশ্বাস। আর সেই বিশ্বাসকে যথাযথ মর্যাদাদানের জন্যও অবিলম্বে ধর্মীয় স্বাধীনতা নিশ্চিত করিবার সুনির্দিষ্ট পরিকল্পনা প্রণয়ন ও বাস্তবায়ন করা অন্তর্বর্তী সরকারের অবশ্য কর্তব্য বলিয়া আমরা মনে করি।', NULL, NULL, NULL, 1, 'news/3yPLiTpaYs0rEL31JFxQ7naJbVg0hezZwS7kPYEi.jpg', NULL, NULL, 0, 0, 0, 'published', 0, NULL, NULL, '2025-07-28 09:10:39', '2025-07-28 09:10:39'),
(87, 'দুর্নীতি দমনে সরকারের ব্যর্থ হওয়ার সুযোগ নেই', 'durneeti-dmne-srkarer-bzrth-hwar-suzog-nei', 'অধ্যাপক মুহাম্মদ ইউনূসের নেতৃত্বে গঠিত অন্তর্বর্তী সরকার যখন শপথ নেয়, প্রায় এক বছর আগে তখন বাংলাদেশ ছিল এক ভয়াবহ সামাজিক, অর্থনৈতিক ও রাজনৈতিক বিপর্যয়ের দ্বারপ্রান্তে। এই পরিস্থিতির পেছনে মুখ্য কারণ ছিল মোটাদাগে তিনটি– গণতন্ত্রহীনতা, মানবাধিকার ও ব্যাপক দুর্নীতি। প্রধান উপদেষ্টা হিসেবে জাতির উদ্দেশে দেওয়া প্রথম ভাষণে অধ্যাপক ইউনূস দুর্নীতিকে ‘জাতির প্রধান শত্রু’ হিসেবে চিহ্নিত করে বলেছিলেন, তিনি ‘বাংলাদেশকে বিশ্বের সবচেয়ে দুর্নীতিমুক্ত দেশগুলোর একটিতে পরিণত করতে চান।’ বাস্তবতা ভিন্ন বলেই মনে হয়। সংবিধান সংশোধন নিয়ে বেশ আলোচনা দেখা গেলেও দুর্নীতি দমনের কার্যকর প্রক্রিয়া নিয়ে কথা তেমন নেই বললেই চলে।\n\nসরকারের শুরুর দিকে এ বিষয়ে প্রতিশ্রুতি যতটা সাহসী ও ব্যাপক ছিল, এক বছরের কাছাকাছি এসে তার বাস্তবায়ন হয়ে পড়েছে ততটাই দুর্বল ও অগোছালো। এখন সরকার এ বিষয়ে নিষ্ক্রিয় বললেও ভুল হবে না। সরকার গঠনের প্রথম দিকেই সরকারি কর্মকর্তা-কর্মচারীদের ১৫ দিনের মধ্যে সম্পদের বিবরণী জমা দেওয়ার নির্দেশ দেওয়া হয়েছিল। সেই ১৫ দিন কখনও এক মাস, কখনও ৪৫ দিন পর্যন্ত বর্ধিত হলো। তারপর একসময় নিঃশব্দে হারিয়ে গেল সেই উদ্যোগ। আজ আর কেউ জানে না সেই উদ্যোগের পরিণতি কী হলো।\n\nশুক্রবার প্রকাশিত সমকালের এক প্রতিবেদন বলছে, প্রশাসন ক্যাডারের অধিকাংশ কর্মকর্তা সম্পদের হিসাব দিয়েছেন, তবে সব নথি এখন আলমারিতে বন্দি। এগুলো নিয়ে পরবর্তী কার্যক্রম কী, সে বিষয়ে নাকি কোনো নির্দেশনা নেই। অন্য ক্যাডারের কতজন হিসাব দিয়েছেন, তার কোনো খবরই নেই। এমনকি যে আইনে এ হিসাব চাওয়া হয়েছে, সে আইন নাকি তা অনুমোদন করে না। এর জন্য আইনটি সংশোধনের প্রয়োজন ছিল। সে উদ্যোগও নেওয়া হয়নি।\n\nএই একটি উদাহরণই বলে দেয়, দুর্নীতি দমনে অন্তর্বর্তী সরকারের তৎপরতা কতটা দুর্বল ও হতাশাজনক। দেশের মানুষ এখনও আগের মতোই, কোথাও কোথাও আগের চেয়ে বেশি দুর্নীতির শিকার হচ্ছে। সেবার বিনিময়ে ঘুষ দেওয়া এখনও দৈনন্দিন জীবনের অপরিহার্য অংশ হয়ে আছে। সরকারি অফিসগুলোতে এখনও ঘুষ ছাড়া কোনো কাজ হয় না। তাহলে প্রশ্ন জাগে, এই সরকার কি আদৌ দুর্নীতি দমন করতে চেয়েছিল?\n\nসরকারের কোনো পরামর্শদাতা কি হঠাৎ কোনো সরকারি দপ্তরে গিয়ে সাধারণ মানুষের অভিজ্ঞতা জানার চেষ্টা করেছেন? বাংলাদেশ সড়ক পরিবহন কর্তৃপক্ষ-বিআরটিএ, সাব-রেজিস্ট্রি অফিস কিংবা সরকার পরিচালিত হাসপাতালগুলোতে হঠাৎ অভিযান চালিয়ে দায়ীদের বিরুদ্ধে কোনো ব্যবস্থা নিয়েছেন? না। বরং এই অচল কাঠামোর মধ্যেই তারা যেন আরামদায়ক অবস্থানে বসে আছেন।\n\nদুর্নীতির বিরুদ্ধে কোনো প্রতীকী পদক্ষেপও নেওয়া হয়নি। সাধারণ মানুষের মনে আশা সঞ্চার করার মতো কোনো দৃশ্যমান উদ্যোগ দেখা যায়নি। একবারও কেউ মাঠ পর্যায়ে না গিয়ে শুধু ফাইলপত্র ও আলোচনাতেই সীমাবদ্ধ থেকেছেন।\n\nবিশেষ করে প্রশাসনে বদলি ও পদোন্নতির ক্ষেত্রে দুর্নীতি আজও প্রকট। বরং এখন ঘুষের অঙ্ক আরও বড় হয়েছে। পার্থক্য এই যে, এখন কর্মকর্তাদের আগের মতো রাজনৈতিক নেতাদের খুব একটা ভাগ দিতে হয় না। অভিযোগ আছে, বর্তমান কর্মকর্তাদের বড় একটি অংশই ছিল আগের সরকারের দোসর, যারা ক্ষমতা ধরে রাখতে গণতন্ত্র ও সাধারণ মানুষের জীবনকে জলাঞ্জলি দিয়েছিল। তাদের স্বপদে বহাল থাকাও সরকারের দুর্নীতিবিরোধী অবস্থান নিয়ে প্রশ্ন তোলার জন্য যথেষ্ট।\n\nএই পরিস্থিতির অন্যতম কারণ হলো, বর্তমান সরকারের অনেকে বাস্তবতা থেকে একেবারেই বিচ্ছিন্ন। দীর্ঘদিন এনজিও ও বিদেশি সংস্থার সঙ্গে কাজ করেছেন, তবে সাধারণ মানুষের সঙ্গে খুব কমই মেলামেশা করেছেন। গুলশান বা বারিধারার কফিশপে বসে বাংলাদেশের নীতিনির্ধারণ চলে, তবে এতে সেক্রেটারিয়েট বা সাব-রেজিস্ট্রি অফিসের দুর্ভোগ অজানাই থাকে।\n\nদেশের মানুষ আজও সেই একই চক্রে বন্দি– একটি ব্যর্থ সিস্টেম, যেটি তাদের জীবনকে নিত্যদিন অবমূল্যায়ন করে। দুর্নীতি দমনের ব্যর্থতার ফলে দেশের মানুষ আজও সরকারি সেবা পেতে কষ্ট পাচ্ছে, নিপীড়নের শিকার হচ্ছে। এমনকি দুর্নীতির বিরুদ্ধে এতদিন সবচেয়ে বেশি সোচ্চার মানুষ বা সংস্থাগুলোও রহস্যজনক কারণে আজ প্রায় নীরব দর্শক।\n\nদুর্নীতি কীভাবে রাষ্ট্র ও সমাজকে কুরে কুরে খায়, তা কারও অজানা নয়। বিশ্বব্যাংকের ওই সমীক্ষার ফল সবাই জানেন, যেখানে বলা হয়েছিল, দুর্নীতির কারণে বাংলাদেশের অন্তত ২ শতাংশ বার্ষিক জিডিপির অপচয় ঘটে। সমাজে বৈষম্যও যে এ কারণে তরতরিয়ে বাড়ছে, সে বিষয়টিও অজানা নয়। অথচ যে আন্দোলনে বিগত সরকারকে উৎখাত করা হলো, তার প্রধান দাবি ছিল সব ক্ষেত্রে বৈষম্যের অবসান।\n\nএখনও সময় আছে, সরকার দুর্নীতি নির্মূল না হোক, অন্তত নিয়ন্ত্রণে শক্ত পদক্ষেপ নিতে পারে।\n\nআরাফাত আশওয়াদ ইসলাম: গুলশান সোসাইটির নির্বাহী কমিটির সদস্য', NULL, NULL, NULL, 1, 'news/UP2421iRJUKiBNxFJgLdFm0pladzjunp6NwC2QJr.jpg', NULL, NULL, 0, 0, 0, 'published', 1, NULL, NULL, '2025-07-28 09:11:28', '2025-07-28 10:28:52'),
(88, 'রাজনৈতিক দলগুলোর কাছে মূল প্রশ্ন হওয়া উচিত আপনাদের অর্থায়ন কে করছে?', 'rajnoitik-dlgulor-kache-muul-prsn-hwa-ucit-apnader-orthayn-ke-krche', 'ড. মুশতাক হুসেন খান ইউনিভার্সিটি অব লন্ডনের স্কুল অব ওরিয়েন্টাল অ্যান্ড আফ্রিকান স্টাডিজের (সোয়াস) অর্থনীতির অধ্যাপক। এ ছাড়া অক্সফোর্ড ও কেমব্রিজ বিশ্ববিদ্যালয়ে অধ্যাপনা করেছেন। বাংলাদেশে ঢাকা বিশ্ববিদ্যালয়, ব্র্যাক বিশ্ববিদ্যালয়, থাইল্যান্ডে চুলালংকর্ন বিশ্ববিদ্যালয়ে অতিথি অধ্যাপনা করেছেন। পড়াশোনা করেছেন অক্সফোর্ডের কর্পাস ক্রিস্টি কলেজ ও কেমব্রিজের কিংস কলেজে। দীর্ঘ দিন তিনি উন্নয়নশীল দেশের অর্থনীতি নিয়ে গবেষণা করছেন। তিনিই প্রথম ‘রাজনৈতিক বন্দোবস্ত’ কথাটি চালু ও বিশ্লেষণ করেছিলেন। প্রাতিষ্ঠানিক অর্থনীতি, গোষ্ঠীগত রাজনীতি, রাজনৈতিক বন্দোবস্ত, সুশাসন, শিল্পনীতি, প্রযুক্তিগত উন্নয়ন, দুর্নীতি দমন বিষয়ে তাঁর রয়েছে উল্লেখযোগ্যসংখ্যক প্রবন্ধ। সমকালের পক্ষ থেকে সাক্ষাৎকার নিয়েছেন সহসম্পাদক ইফতেখারুল ইসলাম। \n\nসমকাল: নিচ থেকে ক্ষমতার বিন্যাসের পরিবর্তন প্রশ্নে আমরা আগের কিস্তি শেষ করেছিলাম। ওপর দিক থেকে পরিবর্তনগুলো কীভাবে আসে?\nমুশতাক খান: ওপর থেকে পরিবর্তন তখনই আসে, যখন ক্ষমতাসীন বলয় বা এস্টাবলিশমেন্ট দুর্বল হয়ে পড়ে। জুলাই-আগস্ট অভ্যুত্থানের পর এ রকম একটি সুযোগ ছিল। \n\nসমকাল: ছিল বলছেন কেন? এখন কি নেই?\n\nমুশতাক খান: এখনও আছে; আগের চেয়ে কম। সুযোগটা হয়তো আরও দুই-তিন বছর থাকবে। এখানে যদি আমরা ফোকাস করতাম বা এখনও করি এবং অর্থনীতি ও রাজনীতির সঙ্গে জড়িত পাঁচ থেকে ১০ জন বড় চোর ধরতে পারি, যারা ব্যাপক হারে দুর্নীতি করেছে, তাহলে এভাবেও ক্ষমতার কাঠামোতে পরিবর্তন আসতে পারে। এই অলিগার্কদের কয়েকজনের অর্থ জাতীয়করণ বা জব্দ করতে পারলে সবাই সিগন্যাল পেয়ে যেত– চুরি করে টাকা করলে বিচারের সম্ভাবনা আছে। এভাবেও ক্ষমতার ভারসাম্য পাল্টানো যায়। \n\nসমকাল: এখন কি সেই সুযোগটা আছে?\n\nমুশতাক খান: এখনও আমি মনে করি, সুযোগ আছে। এত চুরির পরও যদি তারা পার পেয়ে যায়, তাহলে ওই ক্ষমতা কাঠামোতে ভবিষ্যতে আঘাত করা অনেক কঠিন হয়ে পড়বে। এটি না করতে পারলে অলিগার্করা চুরির টাকা খরচ করবে রাজনৈতিক দল কিনে ফেলতে। আগে তারা আওয়ামী লীগের সঙ্গে ছিল, এখন তাদের পয়সা বিদ্যমান রাজনৈতিক দলগুলোর কাছে যাবে। এটি যে যাচ্ছে, তার গন্ধ তো আমরা পাচ্ছি। তাই কিনা? তখন তাদের বিরুদ্ধে যাবে না। অথবা যতটা সম্ভব ততটা যাবে না। \n\nসমকাল: আমরা কি তাহলে আগের জায়গায় ফিরে যাচ্ছি?\n\nমুশতাক খান: আমরা আগের জায়গায় পুরোপুরি ফিরে যাব না। আমরা যদি শাস্তি নাও দিতে পারি, অলিগার্করা আবার আগের মতো চুরি করতে পারবে না; দুটি কারণে। আমাদের অর্থনীতি আর বিশ্ব অর্থনীতি এখন খুবই নাজুক অবস্থায়। যে রাজনৈতিক দলই ক্ষমতায় আসুক, তারা যদি উৎপাদনক্ষমতা দ্রুত বাড়াতে না পারে; যদি চুরি করতে থাকে, অর্থনৈতিক ধস নেমে আসবে। দ্বিতীয়ত, জুলাই অভ্যুত্থানে লাখো লোক রাস্তায় নেমেছে, রক্ত দিয়েছে। অর্থনৈতিক ধস নেমে আসবে, আর সবাই বাড়িতে বসে থাকবে– এ রকম হবে না। অভ্যুত্থানেই ক্ষমতার বিন্যাস কিছুটা পাল্টে গেছে। রাজনৈতিক সরকার উন্নয়ন, চাকরি, শিক্ষা, স্বাস্থ্য না দিতে পারলে খুব দ্রুত লোক রাস্তায় নামবে।\n\nসমকাল: তাহলে কি ক্লায়েন্টালিস্ট পলিটিক্সের অবসান ঘটানো সম্ভব?\n\nমুশতাক খান: ক্লায়েন্টালিজম আমাদের পলিটিক্সে কিছুটা থাকবে। কিন্তু আমরা যে পর্যায়ে পৌঁছে গিয়েছিলাম– ব্যাংক চুরি, বৈদেশিক মুদ্রা চুরি, দ্বিগুণ বা তিনগুণ দামে বিদ্যুৎ আর অবকাঠামোর চুক্তি, এটি আর অর্থনীতি বা সমাজ হজম করবে না। আমরা ক্লায়েন্টালিজম ছাড়িয়ে স্টেট ক্যাপচারে চলে গিয়েছিলাম। \n\nসমকাল: দুটোর মধ্যে তফাত কী?\n\nমুশতাক খান: আমাদের দেশে ২০০৬ পর্যন্ত ক্লায়েন্টালিজম ছিল। আওয়ামী লীগ আসত, পাঁচ বছর চুরি করত; আবার বিএনপি আসত, পাঁচ বছর চুরি করত। দুই দলই জানত, বেশি বাড়াবাড়ি করলে পরবর্তী সরকার তাকে বিচারের কাঠগড়ায় নিয়ে যাবে। দুর্নীতি, মারামারি-কাটাকাটি, খুনোখুনি, রাহাজানি সবই করত। কিন্তু একটা সীমা ছিল। ২০০৯ সালের পর সেই সীমাটা চলে যায়। আওয়ামী লীগ খুব সফলভাবে বিএনপি সমর্থকদের জেলে দেয়, পেটায়, ব্যবসা-বাণিজ্য কেড়ে নেয়, জামায়াতকে ফাঁসি দেয়, মেরে ফেলে, গুম করে। যারা কোনো দল করে না, তারাও গুম হয়ে যায় বেশি কথা বললে। নিপীড়ন এত ব্যাপক পর্যায়ে পৌঁছেছিল যে, আওয়ামী লীগবিরোধী বলে কিছু ছিল না। দলটি অভূতপূর্ব হারে নিয়ম-কানুন ভাঙতে পেরেছে। ব্যাংক চুরি, রিজার্ভ চুরি, বিচার বিভাগ চুরি, নির্বাচন চুরি, প্রতিটা প্রতিষ্ঠানে তাদের লোক। এটিই স্টেট ক্যাপচার; একটা দল রাষ্ট্রের সব সংগঠন দখল করে বসেছে।\n\nসমকাল: আওয়ামী লীগ তো এখন নেই।\n\nমুশতাক খান: দলটির সুপ্ত সংগঠন ও সমর্থক তো রয়েছে; যারা তাদের অর্থ দিত তারাও আছে। আওয়ামী সমর্থকরা অন্য দলে ঢুকে পড়তে পারে; নতুন দল করতে পারে। অন্য কোনো দল টাকা নিয়ে একই অলিগার্কের স্বার্থে কাজ করতে পারে। অর্থাৎ আওয়ামী লীগ নেই বলে ক্ষমতার বিন্যাস সম্পূর্ণ পাল্টে গেছে, কেউ মনে করে না। \n\nসমকাল: তাহলে কী ধরনের পদক্ষেপের কথা বলছেন?\n\nমুশতাক খান: ক্ষমতার কাঠামোর কোনো পরিবর্তন যদি না হয় তাহলে আমরা ব্যর্থ হবো। রাজনৈতিক বন্দোবস্ত পরিবর্তনের জন্য আমাদের কিছুটা হলেও ক্ষমতার বিন্যাসে পরিবর্তন আনতে হবে। শুধু কোন দল ক্ষমতায় আছে, সেটি দেখলে হবে না। দলের পেছনে ক্ষমতার বিন্যাস; সে কার স্বার্থে কাজ করছে; সে কি নিয়ম ভঙ্গকারীদের রোধ করবে, না সহায়তা করবে– এসব বুঝতে হবে। \n\nসমকাল: এই মুহূর্তে পরিবর্তন সম্ভব? \n\nমুশতাক খান: অবশ্যই সম্ভব। বাংলাদেশে এখন দরকার নতুন খাতে শিল্পায়ন। এটি হওয়া উচিত এসএমই খাতের ‍উদ্যোক্তাদের মাধ্যমে। যে রাজনৈতিক দলই ক্ষমতায় আসুক, তাদের কর্মসংস্থানের দ্রুত ব্যবস্থা করতে হবে। আমরা জানি, এটি মাঝারি আকারের ব্যবসার মাধ্যমেই সম্ভব। আমাদের হাজার হাজার নতুন ব্যবসায়ীর আগমন নিশ্চিত করতে হবে। একটা বিষয় খেয়াল করেন। জুলাই গণঅভ্যুত্থানে ছাত্রছাত্রী ছাড়াও বিপুলসংখ্যক দোকানদার আর খেটে খাওয়া মানুষ শরিক হয়েছিল। তারা তো নতুন রাজনৈতিক বন্দোবস্ত চায়। তাদের নতুন প্রযুক্তি আর প্রশিক্ষণ দিলে ক্ষমতার বিন্যাস পাল্টাতে শুরু করবে। \n\nসমকাল: ব্যবসায়ীরা আলাদাভাবে কী ধরনের বন্দোবস্ত চায়?\n\nমুশতাক খান: তারা আলাদা বন্দোবস্ত চায় না; তারা বেঁচে থাকতে চায়। তারা যে বিভিন্ন হয়রানির মুখোমুখি হয়, চাঁদাবাজির শিকার হয়, সিন্ডিকেটের প্রতিযোগিতায় মার খায়; পুরো দিন শ্রম-ঘাম দিয়ে শুধু বেঁচে থাকতে পারে। এটি তাদের বনাম দুর্বলতা আর চোরা ব্যবসায়ী, চাঁদাবাজ আর সিন্ডিকেটের ক্ষমতার প্রতিফলন। অথচ যৌথভাবে ছোট ব্যবসায়ীরা একটা শক্তিশালী গোষ্ঠী। পরিবর্তন বর্তমান রাজনৈতিক প্রেক্ষাপটেই সম্ভব যদি কোনো একটি দল বাংলাদেশের সামনে চ্যালেঞ্জ আর সুযোগগুলো ঠিকভাবে বোঝে এবং ছোট আর মাঝারি ব্যবসায়ীদের সংগঠিত করতে শুরু করে।\n\nসমকাল: সংগঠিত করার জন্য কী কী দরকার?\n\nমুশতাক খান: ব্যতিক্রমধর্মী রাজনৈতিক নেতৃত্ব দরকার। ওই ক্লায়েন্টালিস্ট নেতৃত্বই থাকতে পারে, কিন্তু তাদের অন্তত এটুকু বুঝতে হবে, সমাজের উৎপাদনশীল শক্তি সংগঠিত করতে পারলে তাদেরই রাজনৈতিক লাভ হবে, দেশেরও লাভ। কিন্তু প্রতিটি দলই যদি বিপুলসংখ্যক টাকা অলিগার্ক বা অনুৎপাদনশীল ব্যবসায় গোষ্ঠীর কাছ থেকে পায়, তারা তো এদিকে ঝুঁকবে না। \n\nসমকাল: অলিগার্ক বলয়ের ব্যাপারে করণীয় কী?\n\nমুশতাক খান: আমি মনে করি, আমাদের অর্থনৈতিক আর রাজনৈতিক পথ পরিবর্তন করতে হবে। নিচ থেকে পরিবর্তন আরও দ্রুত হবে যদি আমরা ওপর থেকেও অলিগার্কদের ক্ষমতা কমাতে পারি। নতুন আইন, নতুন সংবিধান হয়তো লাগবে, কিন্তু ক্ষমতার যে অতিকেন্দ্রীকরণ হয়েছে, তা পরিবর্তন না করতে পারলে নতুন আইন আর সংবিধান কাগজে সীমিত থাকবে। \n\nসমকাল: তবুও ক্লায়েন্টালিস্ট পলিটিক্সের অবসান ঘটছে না?\n\nমুশতাক খান: ক্লায়েন্টালিস্ট পলিটিক্স কালকেই চলে যাবে না। আমরা যদি কালকেই উন্নত দেশের আইনের শাসন চাই, ব্যর্থ হবো, হতাশ হবো। ইতিহাসে দেখি, ক্লায়েন্টালিস্ট পলিটিক্সের মৌলিক পরিবর্তন হতে হলে মোটাদাগে মাথাপিছু আয় ১০ হাজার ডলার হতে হবে। যখন মাথাপিছু আয় এখানে পৌঁছাবে তার মানে হচ্ছে, আপনার ব্যাপক শিল্পায়ন হয়েছে। তখন ক্ষমতাশীলরাই নিজের স্বার্থে আইনের শাসন চায়, বিপুল অঙ্কের ট্যাক্স দেয়, একজন আরেকজনের আইন লঙ্ঘন ধরিয়ে দেয়। এখন আমাদের যেটি করতে হবে, সেটি হলো ক্ষমতার অতিকেন্দ্রীকরণ কমাতে হবে; ছোট আর মাঝারি ব্যবসায়ীদের পক্ষের উন্নয়নশীল রাজনীতি নিয়ে আসতে হবে। অলিগার্ক, প্রশাসন, রাজনীতিকদের অশুভ জোটগুলো ভাঙতে হবে।\n\nসমকাল: ক্লায়েন্টালিস্ট পলিটিক্সে রাজনৈতিক দলগুলোর ব্যাপারে আপনার পর্যবেক্ষণ কী?\n\nমুশতাক খান: আওয়ামী লীগও এক ধরনের ক্লায়েন্টালিস্ট পলিটিক্স করত। কিন্তু প্রতিযোগীদের শেষ করে তারা একটা বীভৎস রূপ নিয়েছিল, যেটি স্টেট ক্যাপচারে পৌঁছেছিল। আগেই বলেছি, আমাদের কোনো দলই ক্লায়েন্টালিস্ট পলিটিক্সের বাইরে না। সেটি বিএনপি বলেন, এনসিপি বলেন, জামায়াত বলেন– সবার ক্ষেত্রে প্রযোজ্য। সুতরাং ইউটোপিয়ান আশা নিয়ে সবসময় সমালোচনা করা উচিত না। বরং রাজনৈতিক দলগুলোর কাছে আমাদের মূল প্রশ্ন হওয়া উচিত, আপনি ক্ষমতায় এসে কী কাজটা করবেন? এটি করার জন্য আপনাদের কে সমর্থন দিচ্ছে, কে অর্থায়ন করছে? আপনার ক্ষমতার ভিত্তি কী? এসএমই, নাকি অলিগার্ক? \n\nসমকাল: আপনি বলছেন, অলিগার্কদের বিপরীতে এসএমই ও অর্থনীতির অন্যান্য খাত গড়ে উঠলে রাজনৈতিক বন্দোবস্ত পরিবর্তিত হবে?\n\nমুশতাক খান: এ ছাড়া তো কোনো উপায় নেই। শ্রমিক-কৃষক বিপ্লব আজকের জগতে হবে না। কিন্তু মধ্যম ব্যবসায়ীর উত্থানের মাধ্যমে ক্ষমতার অশুভ বিন্যাসকে বদলানো সম্ভব। তা না করে আমরা শুধু রাজনৈতিক দলগুলোকে বলব, আপনারা ঐকমত্যে আসেন; প্রতিশ্রুতি দেন– ভালো কাজ করবেন, আইন মেনে চলবেন, কিন্তু তাদের অর্থ আর ক্ষমতার উৎস আগের মতোই থেকে গেল, তাহলে কি আসলেই পরিবর্তন হবে? আমি আশা করি, অন্তত একটি দলের নেতৃত্ব বুঝবেন যে আগের অলিগার্কচালিত অর্থনীতির কোনো ভবিষ্যৎ নেই। যেই দল এসএমই ব্যবসায়ীদের সংগঠিত করবে, নতুন সেক্টরে প্রযুক্তি, প্রশিক্ষণ আর সাংগঠনিক সক্ষমতা আনার ব্যবস্থা করবে, তারা বিপুল ভোট পাবে। তাদের চেষ্টা করতে হবে ছোট, মাঝারি ব্যবসায়ী আর সংস্কারপন্থি নাগরিকের কাছ থেকে আইনিভাবে টাকা তুলে রাজনীতি করার। উৎপাদনশীল খাতকে ট্যাক্সের অধীনে এনে শিক্ষা আর স্বাস্থ্য ব্যবস্থাকে ভালো করতে হবে, দুর্নীতি কমাতে হবে। \n\nসমকাল: তরুণরা সংসদে দ্বিকক্ষের প্রস্তাব দিচ্ছে। এ ব্যাপারে আপনার মতামত কী?\n\nমুশতাক খান: আপনি এক কক্ষ, দুই কক্ষ এবং কে কাকে সংসদে ব্যালান্স করছে– এগুলো বাস্তবায়ন করতে পারবেন না যদি আসল জায়গায় ক্ষমতা আগের মতো থাকে। কারণ অলিগার্কের টাকায় যদি ক্ষমতায় বসতে হয়, আপনার সংবিধানে যা-ই লেখা থাকুক, কিছুই হবে না। এক কক্ষ যেমন তাদের নিয়ন্ত্রণে ছিল, দুই কক্ষের একই হাল হতে পারে। তাই আমি রাজনৈতিক বন্দোবস্তকে ক্ষমতার বিন্যাস হিসেবে বুঝি; চুক্তি বা সমঝোতা বা সংবিধান হিসেবে না। এর পরিবর্তন নিচ আর ওপর, দুই দিক থেকে সমান্তরালভাবে হতে হবে। এর সঙ্গে খাপ খাইয়ে সংবিধান, আইন সবই পরিবর্তন করতে হবে। ক্ষমতা আগের মতো থেকে গেল; আমরা আইন আর সংবিধানে অনেক পরিবর্তন নিয়ে এলাম, তার ফলে আসল কোনো পরিবর্তন নাও হতে পারে। \n\nসমকাল: দুর্নীতি কি নিয়ন্ত্রণে আনা সম্ভব?\n\nমুশতাক খান: আমি দুর্নীতিকে কালকেই শূন্যে আনতে পারব না। কিন্তু কেউ যখন সীমা অতিক্রম করে তাকে জানতে হবে– জনগণ তাকে ভয়াবহ শাস্তির মুখোমুখি করবে। এটি যদি আমরা করতে না পারি, তাহলে কোনো কিছুই হবে না। ক্ষমতার অপপ্রয়োগ থামাতে হবে অলিগার্কদের বিপরীত গোষ্ঠীদের শক্তি প্রদর্শন করে। আমার জন্য রাজনৈতিক বন্দোবস্তের পরিবর্তনের এটিই আসল পদক্ষেপ। এটি করার পর অনেক কিছু করা সম্ভব। কারণ, ওইটাই সিগন্যাল যে, ক্ষমতার পরিবর্তন হচ্ছে আর হবে। \n\nসমকাল: এর পর কী হবে?\n\nমুশতাক খান: এর পর কোনো এক সাহসী দলকে ভিন্ন পথে চলতে হবে। ক্ষমতায় এসে তাদের নতুন অর্থনৈতিক খাত, নতুন জনশক্তি তৈরি করতে হবে। যেসব তরুণ-তরুণী চাকরির জন্য রাস্তায় নেমেছিল তাদের চাকরির ব্যবস্থা করতে হবে। তাদের নিজস্ব মাঝারি ব্যবসা গড়ে তোলার সকল সুযোগ তৈরি করে দিতে হবে। তারাই তো বৈষম্যহীন সমাজ চেয়েছিল। তাহলে তাদের চাকরির ব্যবস্থা, তাদের উদ্যোক্তা হবার ব্যবস্থা করেন। এসব চাকরি কোত্থেকে আসবে, এসব উদ্যোক্তা কীভাবে দাঁড়াবে যদি আগের অলিগার্করা বহাল থাকে আর সব আর্থিক সিদ্ধান্ত নিয়ন্ত্রণ করে? আপনারা রাজনৈতিক দলগুলোর কাছে এই প্রশ্ন তোলেন। যারা সবচেয়ে ভারতবিরোধী তাদেরও ভারতে গিয়ে চিকিৎসা নিতে হয় কেন? আমাদের স্বাস্থ্য খাতের এই অবস্থা কেন? হাজার কোটি টাকা খরচ করছি। কেন দেশে চিকিৎসা করাতে পারব না? এ ব্যাপারে রাজনৈতিক দলগুলোর পরিকল্পনা কী?\n\nসমকাল: আপনি কি বলছেন, কল্যাণমূলক রাষ্ট্রগুলোর নীতির ওপর জোর দিতে হবে? \n\nমুশতাক খান: একদমই না। বরং আমি আলাদা কিছুই বলছি। আমি মনে করি, এখানে যে কাঠামোগত ব্যাপারগুলো রয়েছে, আমাদের উৎপাদনশীল ক্ষমতার যে বিন্যাস আছে, এখানে আপনি সম্পূর্ণ ট্যাক্সভিত্তিক সোশ্যাল ডেমোক্রেটিক পলিটিক্স বাস্তবে কালকেই আনতে পারবেন না। কোনো দেশেই হয়নি। আপনার মাথাপিছু আয় ১০ হাজার ডলার হলে যথেষ্ট ট্যাক্স আসবে। সেই ট্যাক্সের ভিত্তিতে আপনি ইশতেহার দেবেন, যা দেখে মানুষ আপনাকে ভোট দেবে। আর তারা বলবে, রাজনীতিবিদ, প্রশাসক আমার সেবাদানকারী। আমাদের মনে রাখতে হবে, রাজনীতি হলো সেবাদানের একটি পেশা। সেটি কখন ঘটে? যখন নাগরিক জানে, রাজনীতিক তাঁর টাকায় বেঁচে থাকে। তখন সে সরাসরি বলতে পারে, আমি আপনাকে খাওয়াচ্ছি, বেতন দিচ্ছি। আপনি আমার চাহিদামতো কাজ করবেন। এখন বেশির ভাগ রাজনীতিকের আয় আমার-আপনার ট্যাক্স থেকে আসছে না। তারা ক্লায়েন্টালিজমের যে পদ্ধতি গড়ে তুলেছে, চাঁদাবাজি আর বড় ব্যবসায়ীর সমর্থন, সেখান থেকে আসছে। তার ফলে রাজনীতিককে আমরা কালকেই পুরোপুরি নিয়ন্ত্রণ করতে পারব না। বরং তারা আমাদের নিয়ন্ত্রণ করে এসেছে। এই নিয়ন্ত্রণ কমাতে হবে; অর্থ আর ক্ষমতার নতুন সূত্র তৈরি করতে হবে। আগেই বলেছি, গোষ্ঠীতান্ত্রিক রাজনীতির মধ্যে অনেক ধরন আছে, অনেক পার্থক্য আছে। যেসব পরিবর্তন বাস্তবে হাসিল করা সম্ভব, সেগুলোতেই আমাদের জোর দিতে হবে। \n\nসমকাল: তাহলে এই কাঠামোগত সমস্যার সমাধান কী?\n\nমুশতাক খান: আমরা স্টেট ক্যাপচার আর ফ্যাসিজম থেকে বের হচ্ছি। যেন তা না হয়, আমাদের রাজনৈতিক প্রতিযোগিতা নিশ্চিত করতে হবে। প্রতিযোগিতা হলে, বিএনপি চাঁদাবাজি নিয়ে বাড়াবাড়ি করলে এনসিপি তাদের ঠেকাবে। আবার এনসিপি বাড়াবাড়ি করলে জামায়াত বা বিএনপি তাদের ঠেকাবে। সুতরাং রাজনৈতিক প্রতিযোগিতা হলো ক্লায়েন্টালিস্ট রাজনীতি নিয়ন্ত্রণ করার তাৎক্ষণিক উপায়। বাংলাদেশে একদলীয় পদ্ধতি কোনোদিন কাজ করেনি। একদলীয় রাজনীতি কাজ করে যেখানে ক্লায়েন্টালিস্ট রাজনীতি একটা অত্যন্ত শৃঙ্খলাবদ্ধ দল নিয়ন্ত্রণ করে, যেমন চীনের কমিউনিস্ট পার্টি। আমাদের সামাজিক কাঠামোতে এ রকম দল সম্ভব না। তাই যখনই আমাদের মতো দেশে একদলীয় শাসন হয়েছে, তার পরিণাম সবসময় খুব খারাপ হয়েছে। আমাদের রাজনৈতিক বন্দোবস্তে রাজনৈতিক প্রতিযোগিতা নিশ্চিত করাই সবচেয়ে ভালো রাজনৈতিক পন্থা।\n\nসমকাল: এই প্রতিযোগিতা কি লক্ষ্য করা যায়?\n\nমুশতাক খান: আমাদের প্রতিযোগী দলগুলোর মধ্যে মোটামুটি ক্ষমতার ভারসাম্য নিশ্চিত করতে হবে, তবে সেটি যথেষ্ট নয়। তারপর আমাদের রাজনৈতিক দলগুলোকে চাপ দিতে হবে নতুন উৎপাদনশীল শক্তি, খাত তৈরি করতে হবে তাদের দলীয় স্বার্থে আর দেশের স্বার্থে। জনগণই বারবার রাস্তায় নেমে রাজনৈতিক দলগুলোকে বেকায়দায় ফেলে জবাবদিহির মুখোমুখি করতে পারে। শুধু সংবিধানের আলোচনায় সীমাবদ্ধ থাকলে হবে না। \n\nসমকাল: আপনাকে অসংখ্য ধন্যবাদ। \n\nমুশতাক খান: সমকালকেও ধন্যবাদ। ', NULL, NULL, NULL, 1, 'news/0osQJjMOCGGSW0Js1qd87Ma8bwATvS9UjBvDu8Sp.jpg', NULL, NULL, 0, 0, 0, 'published', 1, NULL, NULL, '2025-07-28 09:12:40', '2025-07-28 14:04:57'),
(89, 'লাইভে কান্নাজড়িত কণ্ঠে উমামার প্রশ্ন, জুলাই কেন ‘মানি মেকিং মেশিন’ হবে', 'laive-kannajrit-knthe-umamar-prsn-julai-ken-mani-meking-mesin-hbe', 'জুলাই কেন ‘মানি মেকিং মেশিন’ হবে, এমন প্রশ্ন রেখেছেন বৈষম্যবিরোধী ছাত্র আন্দোলনের সাবেক মুখপাত্র ও সমন্বয়ক উমামা ফাতেমা। তিনি বলেন, ‘জুলাই অনেক বড় অভিজ্ঞতা। মানুষ অবিশ্বাস্য লড়াই করেছে। আমার মাথায় আসেইনি যে এটা দিয়ে টাকা-পয়সা ইনকাম করা যায়! আমি মুখপাত্র হওয়ার পর আবিষ্কার করছি, এটা দিয়ে অনেকে অনেক কিছু করছে। টেন্ডার-তদবির বাণিজ্য করছে, ডিসি নিয়োগ করছে। এগুলো অহরহ করেছে। এর আগে এটা নিয়ে ধারণা ছিল না। জুলাই আন্দোলনকে কেন মানি মেকিং মেশিন করব। আনফরচুনেটলি সেটা হয়েছে।’\n\nগতকাল রোববার রাতে নিজের ভেরিফায়েড ফেসবুক অ্যাকাউন্ট থেকে লাইভে এসে তিনি এসব কথা করেন। কান্নাজড়িত কণ্ঠে উমামা জানান, অন্যের ক্ষতি করার ইচ্ছা তার নেই, অন্যকে অসম্মান বা কষ্ট দেওয়ার ইচ্ছাও নেই।\n\nপ্রায় দুই ঘণ্টা ২৪ মিনিটের ভিডিওতে জুলাই-আগস্টের আন্দোলন, বর্তমান রাজনৈতিক অবস্থাসহ বিভিন্ন বিষয়ে কথা বলেন এই নারী নেত্রী। বলেন, “আন্দোলনের মধ্য দিয়ে আমরা সবাই গিয়েছি। ছাত্র ফেডারেশন করার সময় অনেকবার দেখেছি। ৩০-৪০ জনের মিছিলের সময় বলতাম, ‘স্বৈরাচার নিপাত যাক।’ কিন্তু কখনো ভাবিনি, এই স্লোগান দিতে দিতে শিশুসহ সবাই রাস্তায় নেমে জীবন দেবে। জুলাই-আগস্টে সাধারণ মানুষকে ফাইট নিয়ে করেছি। এ কারণে এক বছর ধরে টিকে ছিলাম। কারণ, আমরা একটা স্বপ্ন দেখছিলাম।”\n\nতিনি আরও বলেন, ‘৫ আগস্টের পরে অনেক র‍্যালি করেছি, গণভবনে গেছি। এরপর অনেক কাহিনি চলেছে। পরদিন দেখি, সমন্বয়ক পরিচয়ে একেকজন একেক জায়গায় দখল করেছে। সমন্বয়ক পরিচয়ে চাঁদাবাজি ও দখল করছে। আওয়ামী লীগের রক্ষী বাহিনী জায়গায়, জায়গায় গিয়ে দখল করে। আমার মনে হচ্ছে যে এখন কি রক্ষী বাহিনীর মতো সমন্বয়ক বাহিনী তৈরি হচ্ছে নাকি। আস্তে আস্তে সব জায়গায় দখল করে ফেলবে।’\n\nউমামা ফাতেমা বলেন, ‘৫ আগস্টের পর আর পারছিলাম না। দেশকে আরও বড় কিছু দেওয়ার চিন্তা থেকে ফেডারেশন থেকে সরে গিয়ে স্বাধীনভাবে কাজ শুরু করি। তখন আমি বৈষম্যবিরোধী আন্দোলন থেকে বিচ্ছিন্ন ছিলাম। আমাকে ডাকত না। কারণ হতে পারে, আমি প্ল্যাটফর্মটি বন্ধ করে দিতে বলেছিলাম।’\n\nজুলাই আন্দোলনে সমন্বয়কদের ভূমিকা প্রসঙ্গে তিনি বলেন, ‘৫২, ৬২ বা ১৫৮ জন সমন্বয়ক যে হয়েছে, সেগুলো সেভাবে ফাংশন করছিল না। মানুষ স্বতঃস্ফূর্তভাবে যোগ দিচ্ছিল। তবে সমন্বয়ক টার্মটা সে সময় দরকার ছিল, যাতে সবাইকে কানেক্ট করা যায় না। আমার কাছে মনে হয়েছে, সমন্বয়কদের চেয়ে অন্যদের সহযোগিতা বেশি পেয়েছিলাম।’\n\nআগস্টে শেখ হাসিনা সরকারের পতনের পর সমন্বয়কদের অনেকের কর্মকাণ্ড প্রসঙ্গে উমামা বলেন, ‘সমন্বয়ক বাহিনী হয়তো সেভাবে অস্ত্র দিয়ে হয়নি। কিন্তু তখন সবার সঙ্গে আলাপ করে আমার মনে হয়েছে, এখন আসলে বৈষম্যবিরোধী প্ল্যাটফর্মের আসলে দরকার কি? এটা তো শুধু ছাত্রদের। এখন দরকার, সবাইকে একোমোডেট করা যায়, সেটা ভাবা উচিত। বৈষম্যবিরোধী আন্দোলন থেকে গণ-অভ্যুত্থান হয়েছে, তাদের আর কীই-বা করার আছে। এটা আরও বেশি ছড়িয়ে দেওয়া উচিত।’\n\n‘বৈষম্যবিরোধী আন্দোলন থেকে যাওয়ার কারণে অনেকগুলো ডিমেরিট আমরা ভোগ করছি’—মন্তব্য করে উমামা বলেন, ‘ওইগুলো বলার কারণেই আমি প্রচুর শত্রু বানিয়ে ফেলেছি। এত মানুষ আমাকে খারাপ ভাবা শুরু করে যে আমি রীতিমতো তব্দা খেয়ে যাই। পরে জেলায় জেলায় গিয়ে দেখেছি, অনেক ভালো ভালো ছেলে কিছু করতে চায়। ওরা দেশটাকে পুনর্গঠন করবে।’\n\nবৈষম্যবিরোধী আন্দোলনের সাবেক এই নেত্রী আরও বলেন, ‘অনেকে বলেন যে আমি কত হাজার কোটি টাকা কামাইছি? তাদের আমি বলতে পারি, আমার একটি ভালো জীবন আছে। ভালো পরিবারের সদস্য। এত খারাপ অবস্থা আসে নাই। আমার স্কলারশিপের জন্যও প্রয়োজন নাই। আমার পরিবারের সাপোর্ট আছে। তারা চায়, আমি দেশের জন্য কিছু করি।’', NULL, NULL, NULL, 1, 'news/PE1HO66xDUruDAOfxpQCbmp690LSOwLrxJr8ETyv.png', NULL, NULL, 0, 0, 0, 'published', 0, NULL, NULL, '2025-07-28 09:17:06', '2025-07-28 09:17:06'),
(90, '৫ শতাংশ আসনে নারীদের মনোনয়নের প্রস্তাব বিএনপির', '5-stangs-asne-nareeder-mnonyner-prstab-bienpir', 'আগামী সংসদ নির্বাচনে অংশগ্রহণকারী দলগুলো অন্তত ৫ শতাংশ আসনে নারী প্রার্থী দেবে। যা পরের নির্বাচনে বাড়িয়ে ১০ শতাংশ করা হবে। রোববার রাজধানীর ফরেন সার্ভিস একাডেমিতে জাতীয় ঐকমত্য কমিশনের সংলাপে এ প্রস্তাব দিয়েছে বিএনপি।\n\nকমিশনের প্রস্তাব ছিল, নারী আসনের সংখ্যা ৫০ থেকে বাড়িয়ে ১০০ করা হবে। এতে সরাসরি নির্বাচন হবে ঘূর্ণায়মান পদ্ধতিতে। বিএনপি নারী আসন বৃদ্ধিতে একমত হলেও, সরাসরি নির্বাচনে রাজি নয়। দলটি বিদ্যমান সংরক্ষিত পদ্ধতিতে নারী আসন চায়। এ পদ্ধতিতে সাধারণ নির্বাচনে প্রাপ্ত আসনের অনুপাতে দলগুলোর মধ্যে নারী আসন বণ্টন হয়।\n\nনারী আসন বৃদ্ধিতে একমত জামায়াতে ইসলামীর দাবি, নারী আসন রাজনৈতিক দলগুলোর প্রাপ্ত ভোটের অনুপাতে বণ্টন (পিআর) পদ্ধতিতে করতে হবে। অন্যদিকে এনসিপি সরাসরি নির্বাচন চায়। \n\nসম্প্রতি প্রধান উপদেষ্টা ড. মুহাম্মদ ইউনূস ঐকমত্য কমিশনকে বলেছেন, নারীদের জন্য সরাসরি নির্বাচনের ব্যবস্থা রাখতে হবে। সংরক্ষিত আসনে নারীর ক্ষমতায়ন হয়নি। \n\nএ নিয়ে আলোচনার মধ্যে রোববার বিএনপির স্থায়ী কমিটির সদস্য সালাহউদ্দিন আহমদ দলটির নতুন প্রস্তাব সম্পর্কে সাংবাদিকদের বলেন, সংরক্ষিত নারী আসন ৫০ থাকবে। তবে অন্তত ৫ শতাংশ আসনে নারী প্রার্থী দেবে দলগুলো। যেহেতু আসন্ন নির্বাচনে সংবিধান সংশোধিত হচ্ছে না, সংসদ না থাকায়, এই রাজনৈতিক দলগুলোর মধ্যে ‘জেন্টালম্যান অ্যাগ্রিমেন্টের’ মাধ্যমে ৩০০ আসনে ৫ শতাংশ অর্থাৎ ১৫ টি আসনে নারীদের সরাসরি নির্বাচনের জন্য মনোনয়ন দেওয়া হবে। যখন সংবিধান সংশোধন হবে, তখন ১০ শতাংশ আসনে নারীদের মনোনয়নের বিধান রাখা হবে।\n\nসরাসরি নির্বাচনের বিরোধিতা করে সালাহউদ্দিন বলেন, ৫০টি সংরক্ষিত এবং ১০ শতাংশ আসনে মনোনয়নসহ নারী এমপির সংখ্যা ৮০তে উন্নীত হবে। এভাবে যদি সমাজের অগ্রগতি লক্ষ্য করা যায়, তাহলে পরবর্তী সংসদে সরাসরি নির্বাচনের বিধার আরও সম্প্রসারিত করা যাবে।', NULL, NULL, NULL, 1, 'news/vAtKquNqp17Bd9J9LORcIDY3ui0F0NJptBklBbJo.jpg', NULL, NULL, 0, 0, 0, 'published', 0, NULL, NULL, '2025-07-28 09:17:56', '2025-07-28 09:17:56'),
(91, 'ফ্যাসিবাদের পুরো ব্যবস্থা বদল করতে হবে', 'fzasibader-puro-bzbstha-bdl-krte-hbe', 'গণসংহতি আন্দোলনের প্রধান সমন্বয়কারী জোনায়েদ সাকি বলেছেন, মানুষ ২০১১ সাল থেকে শাসকের বিদায়ে লড়াই করেছে। এ বিদায় আমরা আগেও করেছি। কিন্তু আগে শাসকের সঙ্গে সঙ্গে শাসন ব্যবস্থার বদল করতে পারিনি। ফ্যাসিবাদের পুরো ব্যবস্থাকে বদলাতে হবে। এবার না পারলে দেশের মানুষ এ লড়াইয়ে আর আসবে না।\n\nগতকাল রোববার সন্ধ্যায় টাঙ্গাইল শহীদ মিনারে গণসংহতি আন্দোলন জেলা শাখার সমাবেশে এসব কথা বলেন তিনি। জোনায়েদ সাকি বলেন, বছরের পর বছর লড়াই করে মানুষ ধীরে ধীরে বারুদের স্তূপে পরিণত হয়েছিল। বিশেষ করে ২০১১ সালে শেখ হাসিনা তত্ত্বাবধাক সরকার ব্যবস্থা বাদ দিয়ে সংবিধান সংশোধন করলে বোঝা যায়, তারা ফ্যাসিবাদ কায়েম করতে চায়।\n\nতিনি বলেন, আমরা বলেছি– বর্তমান সংবিধান মহান মুক্তিযুদ্ধের ওপর দাঁড়িয়ে হয়েছে। কিন্তু মুক্তিযুদ্ধের যে আকাঙ্ক্ষা ছিল, তা সংবিধানে প্রতিফলন হয়নি। ফলে সমস্ত ক্ষমতা এক ব্যক্তির কাছে কেন্দ্রীভূত করা হয়েছে। যিনি প্রধানমন্ত্রী হন, তার হাতেই সব ক্ষমতা। তিনি পুরো রাষ্ট্রটা নিজের পকেটে ঢুকিয়ে জনগণের ওপর তীর চালিয়েছেন।\n\nগণসংহতি আন্দোলনের এ নেতা বলেন, অনেকেই দেখছি গণতন্ত্র ও দেশের উন্নতির কথা বলেন। কিন্তু তাদের কথার মধ্যে আমাদের শ্রমিক নেই, নারী নেই, নিপীড়িত জাতি ও জনগোষ্ঠী নেই। আমাদের তরুণ ছাত্রও নেই। আগামী দিনে এই তরুণদের কাজে লাগাতে হবে। এ জন্য শিক্ষা, স্বাস্থ্য ও কর্মসংস্থান তৈরিতে নতুন নীতি দরকার।\n\nটাঙ্গাইল সদরের আহ্বায়ক মোফাখখারুল ইসলামের সভাপতিত্বে সমাবেশে বক্তৃতা করেন জেলা সংগঠক ফাতেমা রহমান বিথি, পৌর কমিটির সদস্য সচিব ফারজানা জেসমিন, অভ্যুত্থানের শহীদ মারুফের মা মোরশেদা বেগম প্রমুখ।', NULL, NULL, NULL, 1, 'news/NyUcaWY8hyoMA0DO5YNIWGoBRIA4Yo8A3uSCsPmP.jpg', NULL, NULL, 0, 0, 0, 'published', 65, NULL, NULL, '2025-07-28 09:18:32', '2025-07-28 13:31:55'),
(92, 'পূর্ব ধোলাইপাড় খাল পরিষ্কার করল স্বেচ্ছাসেবক দল', 'puurw-dholaipar-khal-prishkar-krl-swecchasebk-dl', 'রাজধানীর পূর্ব ধোলাইপাড় থেকে দক্ষিণ কুতুবখালী পর্যন্ত খাল পরিষ্কার করেছে জাতীয়তাবাদী স্বেচ্ছাসেবক দলের নেতাকর্মীরা। গণঅভ্যুত্থানের বর্ষপূর্তি উপলক্ষে কেন্দ্রীয় কর্মসূচির অংশ হিসেবে গতকাল রোববার ঢাকা মহানগর দক্ষিণ স্বেচ্ছাসেবক দলের উদ্যোগে এ পরিচ্ছন্নতা কার্যক্রম হয়।\n\nদীর্ঘদিন খালটি ময়লার কারণে আবদ্ধ ছিল। দুর্গন্ধ ছাড়াও মশার উপদ্রব ভয়ঙ্কর আকার নেওয়ায় নাগরিকরা দুর্ভোগ পোহাচ্ছিলেন। গতকাল সকাল থেকে স্বেচ্ছাসেবক দলের নেতাকর্মীরা ময়লা পরিষ্কারের বিভিন্ন সরঞ্জাম নিয়ে হাজির হন।\n\nকারও হাতে বাশ, কারও হাতে ছিল বেলচা। কেউ কেউ জালের সাহায্যে ময়লা পরিষ্কার করেন। সকাল ৮টা থেকে শুরু হয়ে বৃষ্টি উপেক্ষা করে এ কর্মসূচি চলে রাত ৮টা পর্যন্ত।\n\nখাল থেকে তোলা ময়লা ট্রাকে করে ডাম্পিং স্টেশনে নেন নেতাকর্মীদের একটি অংশ। খালের পানিতে চুন ছিটানো থেকে মশক নিধনে ওষুধ দেন অন্যরা। পরে খালের দুই ধারে দুই শতাধিক ফুলের টব বসানো হয়।\n\nখাল পরিচ্ছন্নতা কর্মসূচি উদ্বোধন করেন বিএনপির সিনিয়র যুগ্ম মহাসচিব রুহুল কবির রিজভী। উপস্থিত থেকে ময়লা পরিষ্কারে অংশ নেন স্বেচ্ছাসেবক দলের সভাপতি এস এম জিলানী, সাধারণ সম্পাদক রাজীব আহসান, সাংগঠনিক সম্পাদক নাজমুল হাসান, মহানগর দক্ষিণ স্বেচ্ছাসেবক দলের সভাপতি জহির উদ্দিন তুহিন, সাধারণ সম্পাদক পাপ্পা সিকদারসহ নেতাকর্মীরা। উপস্থিত ছিলেন বিএনপির স্বেচ্ছাসেবকবিষয়ক সম্পাদক সরফত আলী সপু ও গণশিক্ষাবিষয়ক সম্পাদক অধ্যাপক মোর্শেদ হাসান খান।', NULL, NULL, NULL, 1, 'news/C1pEzezOqnrDCniKn6JKq0faq3OywRCunGllDnWQ.jpg', NULL, NULL, 0, 0, 0, 'published', 0, NULL, NULL, '2025-07-28 09:20:34', '2025-07-28 09:20:34'),
(93, 'যারা নির্বাচনকে ভয় পায় তাদের রাজনীতির দরকার নেই: আমির খসরু', 'zara-nirwacnke-vy-pay-tader-rajneetir-drkar-nei-amir-khsru', 'যারা নির্বাচনকে ভয় পায় তাদের রাজনীতির দরকার নেই বলে মন্তব্য করেছেন বিএনপির স্থায়ী কমিটির সদস্য আমির খসরু মাহমুদ চৌধুরী। তিনি বলেন, তারা প্রেসার গ্রুপ হিসেবে কাজ করুক। এনজিও হিসেবে কাজ করতে পারে। আপনি রাজনীতিও করবেন, আবার নির্বাচনেও যাবেন না, গণতান্ত্রিক প্রক্রিয়াকে বাধাগ্রস্ত করবেন, এটা তো হতে পারে না। যেসব দেশে এ ধরনের বিপ্লব হয়েছে এবং সে দেশগুলোতে নির্বাচনকে বিলম্বিত করার চেষ্টা হয়েছে, সেখানে বিভাজন হয়েছে। গৃহযুদ্ধ হয়েছে। ব্যর্থ রাষ্ট্রে পরিণত হয়েছে। যারা দ্রুত নির্বাচনের মাধ্যমে গণতন্ত্রে ফিরে যেতে পেরেছে, তারা আর্থিক, সামাজিক ও গণতান্ত্রিকভাবে ভালো করেছে।\n\nরোববার ঢাকা রিপোর্টার্স ইউনিটিতে (ডিআরইউ) ভাসানী জনশক্তি পার্টি ও ভাসানী অনুসারী পরিষদের উদ্যোগে জুলাই গণ-অভ্যুত্থানের এক বছর উপলক্ষে এক আলোচনা সভায় তিনি এ মন্তব্য করেন।\n\nসবকিছুতে ঐকমত্য হবে না উল্লেখ করে আমির খসরু বলেন, আমরা বিভিন্ন দল, সবকিছুতে ঐকমত্য হবে না। জাতীয় বিষয়ে এক থাকতে হবে। কিন্তু রাজনৈতিক আদর্শ, চিন্তা, দর্শন আলাদা। এই বিভেদ না থাকলে তো গণতন্ত্র হবে না। একদলীয় শাসন, বাকশাল করতে বসিনি। ভিন্নমত থাকতে পারে, কিন্তু একে অপরের প্রতি সহনশীল হতে হবে। সাংঘর্ষিক রাজনীতিতে যাওয়া যাবে না। দ্বিমত থাকবে, কিন্তু শ্রদ্ধা থাকতে হবে।\n\nখসরু বলেন, শেখ হাসিনা পালিয়ে যাওয়ার পর বাংলাদেশের মানুষের মনস্তত্ত্বে পরিবর্তন এসেছে। যেসব দল ও ব্যক্তি এই পরিবর্তনকে বুঝতে পারছে না, তাদের কোনো রাজনৈতিক ভবিষ্যৎ নেই। পরিবর্তন মানুষকে সঙ্গে নিয়ে আনতে হবে। আমার কথা শুনলে নির্বাচন মানব, না শুনলে নির্বাচনে যাব না। এটা অগণতান্ত্রিক আচরণ। গণতন্ত্রের কথা বলে গণতন্ত্রকে ধ্বংস করার প্রক্রিয়া। শেখ হাসিনাও যা বলতেন, তাই মানতে হতো। আমাদের কোনো অধিকার ছিল না।\n\nসভায় আরও বক্তব্য দেন জাতীয় পার্টির (কাজী জাফর) চেয়ারম্যান মোস্তফা জামাল হায়দার, গণফোরামের ভারপ্রাপ্ত সভাপতি সুব্রত চৌধুরী, নাগরিক ঐক্যের সাধারণ সম্পাদক শহীদুল্লাহ কায়সার, ভাসানী অনুসারী পরিষদের আহ্বায়ক শেখ রফিকুল ইসলাম বাবলু প্রমুখ।', NULL, NULL, NULL, 1, 'news/TwPRYYFLPEF6pC9wwLpC6ZA7jlZtZf1BXz82x1bB.jpg', NULL, NULL, 0, 0, 0, 'published', 0, NULL, NULL, '2025-07-28 09:21:16', '2025-07-28 09:21:16'),
(94, 'কেন্দ্রীয় ছাড়া বৈষম্যবিরোধী ছাত্র আন্দোলনের সব কমিটির কার্যক্রম স্থগিত ঘোষণা', 'kendreey-chada-boishmzbirodhee-chatr-andolner-sb-kmitir-karzkrm-sthgit-ghoshna', 'কেন্দ্রীয় কমিটি ছাড়া বৈষম্যবিরোধী ছাত্র আন্দোলনের সারাদেশের সব কমিটির কার্যক্রম স্থগিত করা হয়েছে। রোববার রাজধানীর শাহবাগে এক জরুরি সংবাদ সম্মেলনে এই ঘোষণা দেন কেন্দ্রীয় নেতারা।\n\nবৈষম্যবিরোধী ছাত্র আন্দোলনের কেন্দ্রীয় কমিটির সভাপতি রিফাত রশিদ সংবাদ সম্মেলনে বলেন, \'অর্গানোগ্রামের (সাংগঠনিক কাঠামো) সিদ্ধান্তে বৈষম্যবিরোধী ছাত্র আন্দোলনের কেন্দ্রীয় কমিটি ব্যতীত সারাদেশের সকল কমিটির কার্যক্রম স্থগিত করা হলো।\'\n\nতিনি বলেন, ‘বৈষম্যবিরোধী ছাত্র আন্দোলনের ব্যনার ব্যবহার করে নামে-বেনামে অনেক ধরনের অপকর্ম করার চেষ্টা করা হয়েছে এবং হচ্ছে। আমরা যেদিন আত্মপ্রকাশ করি সেদিনই সতর্ক করেছিলমা যে, এই ধরনের কোনোকিছু বরদাস্ত করা হবে না।’ যারা অনৈতিক কাজ করবে, তাদের বিরুদ্ধে আইনি ব্যবস্থা নিতে আইনশৃঙ্খলা বাহিনীর প্রতি আহ্বান জানান তিনি।\n\nরিফাত রশিদ বলেন, \'বৈষম্যবিরোধী ছাত্র আন্দোলনের পরবর্তী কার্যক্রম কীভাবে পরিচালিত হবে সে বিষয়ে আমরা বসে সিদ্ধান্ত গ্রহণ করবো।\'\n\nএর আগে শুক্রবার রাজধানীর গুলশানে আওয়ামী লীগের সাবেক সংসদ সদস্য শাম্মী আহমেদের বাসায় গিয়ে চাঁদা দাবির অভিযোগ ওঠে বৈষম্যবিরোধী ছাত্র আন্দোলনের ঢাকা মহানগরের আহ্বায়ক ইব্রাহিম হোসেন মুন্না, সদস্য মো. সাকাদাউন সিয়াম ও সাদাব এবং বাংলাদেশ গণতান্ত্রিক ছাত্র সংসদের কেন্দ্রীয় কমিটির সদস্য আব্দুর রাজ্জাক রিয়াদের বিরুদ্ধে। পরে তাদের গ্রেপ্তার করে পুলিশ। গ্রেপ্তারের পর সংগঠন দুটি থেকে তাদের স্থায়ী বহিস্কার করা হয়। \n\nএ ঘটনার পর শনিবার রাতে নিজের ভেরিফায়েড ফেসবুক আইডিতে গ্রেপ্তার পাঁচজনের ছবিসহ একটি পোস্ট দেন উমামা ফাতেমা। গত বছরের জুলাই গণঅভ্যুত্থানে বৈষম্যবিরোধী ছাত্র আন্দোলনের কেন্দ্রীয় সমন্বয়ক ছিলেন তিনি। পরে সংগঠনের মুখপাত্র হন। গত মাসে তিনি বৈষম্যবিরোধী ছাত্র আন্দোলন থেকে সরে দাঁড়ান। পোস্টে উমামা লিখেন, \'এই চাঁদাবাজির খবর দেখে আশেপাশের সবাই এত অবাক হওয়ার ভান করছেন, বিষয়টা কিছুটা হাস্যকর বটে! বলতে হবে, এই প্রথম কোনো চাঁদাবাজি করতে গিয়ে তারা পুলিশের হাতে ধরা খেল। ঠিকমতো খোঁজ নিলে বুঝবেন, এঁদের শেকড় অনেক গভীরে।\'\n\nএদিকে সামাজিক যোগাযোগ মাধ্যমে পোস্ট দিয়ে পদত্যাগ করেছেন বৈষম্যবিরোধী ছাত্র আন্দোলন মুরাদনগর উপজেলার মুখপাত্র খাদিজা আক্তার কেয়া। শনিবার বিকেলে তিনি এই ঘোষণা দেন। পোস্টে কেয়া লিখেন, ‘যার জন্য করলাম চুরি, সেই বলে চোর! এটা আমার ক্ষেত্রেই যে প্রযোজ্য হবে না, কে বলল? আপনারা সবাই জানেন আমি বৈষম্যবিরোধী ছাত্র আন্দোলনের একজন দায়িত্বশীল কর্মী ছিলাম। কিন্তু আজকের পর থেকে এই আন্দোলনের সঙ্গে আমার কোনো সম্পৃক্ততা নেই।’\n\nএসব ঘটনার পর রোববার বিকেলে জরুরি সংবাদ সম্মেলন ডেকে কেন্দ্রীয় কমিটি ছাড়া সারাদেশের সব কমিটির কার্যক্রম স্থগিতের ঘোষণা দিলেন বৈষম্যবিরোধী ছাত্র আন্দোলনের কেন্দ্রীয় কমিটির নেতারা।', NULL, NULL, NULL, 1, 'news/vFhGfMmLNfMDbTuupHWIiL3wguXApqdXxt1bY9Sb.jpg', NULL, NULL, 0, 0, 0, 'published', 0, NULL, NULL, '2025-07-28 09:21:57', '2025-07-28 09:21:57'),
(95, 'নির্বাচনের তারিখ নিয়ে প্রধান উপদেষ্টা কিছু বলেননি: হামিদুর রহমান', 'nirwacner-tarikh-niye-prdhan-updeshta-kichu-blenni-hamidur-rhman', 'জামায়াতে ইসলামীর সহকারী সেক্রেটারি জেনারেল এইচ এম হামিদুর রহমান আযাদ বলেছেন, নির্বাচনের তারিখ ঘোষণা নিয়ে প্রধান উপদেষ্টা কিছু বলেননি। রাজনৈতিক দলগুলোর সঙ্গে তাঁর সাম্প্রতিক বৈঠক নির্বাচন নিয়েও ছিল না।\n\nরোববার সন্ধ্যায় রাজধানীর ফরেন সার্ভিস একাডেমিতে ঐকমত্য কমিশনের দ্বিতীয় দফার ১৯তম বৈঠক শেষে ব্রিফিংয়ে হামিদুর রহমান এসব কথা বলেন। তিনি  উল্লেখ করেন, প্রধান উপদেষ্টার সঙ্গে বৈঠক ছিল মূলত দেশের সামগ্রিক পরিস্থিতি ও মাইলস্টোনের দুর্ঘটনা নিয়ে করণীয় সম্পর্কিত।\n\nব্রিফিংয়ে হামিদুর রহমান বলেন, প্রধান উপদেষ্টার সঙ্গে তিনটি ধাপের রাজনৈতিক বৈঠকের দুটিতে নির্বাচন নিয়ে কোনো কথা হয়নি। আর শনিবার (২৬ জুলাই) তৃতীয় বৈঠকে প্রধান উপদেষ্টা নির্বাচনের তারিখ নিয়ে বলছেন বলে আমাদের জানা নেই। তবে এ নিয়ে ব্যাখ্যা দিতে হবে সরকারকে। \n\nব্রিফিংয়ে জামায়াতের আরেক সহকারী সেক্রেটারি জেনারেল রফিকুল ইসলাম খান বলেন, পঞ্চম সংশোধনীর মাধ্যমে করা ‘আল্লাহর ওপর পূর্ণ আস্থা ও বিশ্বাস’ প্রতিস্থাপন করতে হবে। এ নিয়ে কয়েকটি দল বিরোধিতা করলেও বেশির দল একমত। \n\nরফিকুল ইসলাম জানান, কমিশন প্রস্তাবিত সংবিধানের মূলনীতিতে গণতন্ত্র, সাম্য, মানবিক মর্যাদা, সামাজিক ন্যায়বিচার, ধর্মীয় স্বাধীনতা ও সাম্প্রদায়িক সম্প্রীতির মতো বিষয়গুলো পরবর্তী সংসদে পাস হবে।\n\nজাতীয় সংসদে নারী প্রতিনিধিত্বের বিষয়ে কমিশনের প্রস্তাব হলো এক-তৃতীয়াংশ আসনে নারীদের সরাসরি মনোনয়ন দিতে হবে। রফিকুল ইসলাম বলেন, এক্ষেত্রে জামায়াত পিআর পদ্ধতি অনুসরণের পক্ষে।', NULL, NULL, NULL, 1, 'news/gDPmQgYI28ZRjGGKaUCPqmS7FHJKEL4pYuh1OcI7.jpg', NULL, NULL, 0, 0, 0, 'published', 13, NULL, NULL, '2025-07-28 09:22:57', '2025-07-28 11:17:12'),
(96, 'পদ্মা ব্যারেজ ও দ্বিতীয় পদ্মা সেতু বাস্তবায়নে রাজনৈতিক অঙ্গীকার জরুরি: মির্জা ফখরুল', 'pdma-bzarej-oo-dwiteey-pdma-setu-bastbayne-rajnoitik-ongoeekar-jruri-mirja-fkhrul', 'পদ্মা ব্যারেজ ও দ্বিতীয় পদ্মা সেতু বাস্তবায়নের জন্য রাজনৈতিক অঙ্গীকার সবচেয়ে বেশি প্রয়োজন বলে মন্তব্য করেছেন বিএনপি মহাসচিব মির্জা ফখরুল ইসলাম আলমগীর। তিনি বলেন, জনগণের মধ্য থেকে এই দাবি উঠে এলেই তা সম্ভব হবে।\n\nরোববার মহাখালী ব্র্যাক সেন্টারে ‘পদ্মা ব্যারেজ ও দ্বিতীয় পদ্মা সেতু বাস্তবায়ন প্রয়োজনীয়তা’ শীর্ষক সেমিনারে তিনি এসব কথা বলেন। সেমিনারের আয়োজন করে ‘পদ্মা ব্যারেজ ও দ্বিতীয় পদ্মা সেতু বাস্তবায়ন জাতীয় কমিটি’।\n\nমির্জা ফখরুল বলেন, ‘প্রায় আট কোটি মানুষের জীবন-জীবিকা পদ্মা ব্যারেজ ও পদ্মা সেতুর সঙ্গে জড়িত। দীর্ঘ সাতবার সম্ভাব্যতা যাচাই হলেও এখন পর্যন্ত কোনো চূড়ান্ত সিদ্ধান্তে পৌঁছানো যায়নি, যা অত্যন্ত দুর্ভাগ্যজনক।’\n\nবিএনপি মহাসচিব বলেন, ‘ফারাক্কা ব্যারাজ শুধু ফরিদপুর বা নির্দিষ্ট কোনো এলাকার সমস্যা নয়, এটি সমগ্র দক্ষিণাঞ্চলের সমস্যা। এ অঞ্চলের মানুষের নিরাপত্তা এবং জীবন-জীবিকা রক্ষায় পদ্মা ব্যারাজ ও দ্বিতীয় পদ্মা সেতু নির্মাণ অত্যন্ত জরুরি।’\n\nউদ্বেগ প্রকাশ করে তিনি বলেন, দক্ষিণাঞ্চলের অনেক এলাকা বসবাসের অযোগ্য হয়ে পড়ায় মানুষ সেখান থেকে চলে যাচ্ছে, যা একটি গুরুতর সমস্যা। এ অঞ্চলের বহু মানুষ তাদের ভিটেমাটি ছেড়ে চলে যাচ্ছে কারণ তা আর বসবাসের উপযোগী থাকছে না। এটি অত্যন্ত গুরুত্বপূর্ণ একটি ইস্যু। \n\nতিনি আরো বলেন, নাগরিকদের ঐক্যবদ্ধ হয়ে তাদের দাবি নিয়ে সামনে দাঁড়াতে হবে, যে সরকারই আসুক না কেন, তাদের এই বিষয়ে কাজ করতে হবে।\n\nবিএনপি মহাসচিব বলেন, ‘বিএনপি দ্বিতীয় পদ্মা সেতু নির্মাণের প্রতিশ্রুতি দিয়েছে এবং জনগণের জীবন-জীবিকার প্রশ্ন জড়িত থাকায় বিএনপি এই অঞ্চলগুলোর উন্নয়নে অত্যন্ত সচেতন। জনগণ ঐক্যবদ্ধ থাকলে যেকোনো কঠিন কাজই সম্ভব।’ জনগণের ঐক্যবদ্ধ দাবিই পরবর্তী সরকারগুলোকে এই প্রকল্পগুলো বাস্তবায়নে বাধ্য করবে বলে তিনি আশাবাদ ব্যক্ত করেন।\n\nবিএনপি মহাসচিব বলেন, ‘আমি দেশের মানুষের পালস বুঝি। দেশের মানুষ উন্নতি চায়, একটি সত্যিকার গণতান্ত্রিক ব্যবস্থা চায়। আর এই গণতান্ত্রিক ব্যবস্থার মধ্য দিয়েই সমস্ত সমস্যার সমাধান খুঁজে পাওয়া যাবে।’\n\nবেসরকারি গবেষণা সংস্থা সেন্টার ফর পলিসি ডায়ালগের (সিপিডি) সম্মানীয় ফেলো দেবপ্রিয় ভট্টাচার্য বলেন, ‘সামনে নির্বাচন, নির্বাচননী প্রচারণা হবে। আমি প্রত্যাশা করবো এই বিষয়টি (পদ্মা ব্যারেজ ও দ্বিতীয় পদ্মা সেতু) প্রত্যেকটি  রাজনৈতিক দলের নির্বাচনী ইশতেহারে যেনো স্থান পায়।’ রাজনৈতিক দলগুলোর প্রতি আহ্বান জানিয়ে তিনি বলেন, ‘আপনারা এটিকে নির্বাচনী ইশতেহারে দিবেন। যেনো এই দাবি জাতীয় দাবিতে পরিণত হয়।’\n\nতিনি বলেন, ‘আগামী সরকারে যারা আসবে তাদের প্রথম কাজ হবে বিনিয়োগ, কর্মসংস্থানসহ বহুবিধি কাজে মধ্যম মেয়াদি পরিকল্পনা করা। আমি প্রত্যাশা করবো, মধ্যম মেয়াদি বাজেটে এবং ২০২৬-২৭ অর্থ বছরের বাজেটে এই প্রকল্পটি যেনো অর্থায়নের জন্য সংযুক্ত হয়।’\n\nসেমিনারের সভাপতিত্বে করেন, আয়োজক কমিটির সভাপতি ও রাজবাড়ী-১ আসনের সাবেক সংসদ সদস্য আলী নেওয়াজ মাহমুদ খৈয়ম। সেমিনারে বক্তব্য রাখেস বিপ্লবী ওয়াকার্য পার্টির সাধারণ সম্পাদক সাইফুল হক, গণসংহতি আন্দোলনের প্রধান সমন্বয়ক জোনায়েদ সাকি, বিএনপি চেয়ারপার্সনের বিশেষ সহকারী শিমুল বিশ্বাস প্রমুখ।', NULL, NULL, NULL, 1, 'news/Wc54mmikoKTQ3UGMHM8ff0fZ4pci0DXmSzbCHyhB.jpg', NULL, NULL, 0, 0, 0, 'published', 23, NULL, NULL, '2025-07-28 09:24:03', '2025-07-28 11:50:29'),
(97, 'আমরা যেন চাঁদাবাজদের সহযোগী না হই', 'amra-zen-canndabajder-shzogee-na-hi', 'ইসলামী আন্দোলন বাংলাদেশের আমির চরমোনাই পীর মুফতি সৈয়দ রেজাউল করীম বলেছেন, ‘আমরা যেন আর চাঁদাবাজদের সহযোগী না হই, খুনিদের সহযোগী না হই, আয়নাঘরদের সহযোগী না হই, টাকা পাচারকারীদের সহযোগী না হই। বাংলার জমিনকে চাঁদাবাজমুক্ত ঘোষণা করতে হবে।’\n\nগতকাল শনিবার বিকেলে খুলনার শিববাড়ী মোড়ে ইসলামী আন্দোলন বাংলাদেশ খুলনা মহানগর ও জেলা শাখা আয়োজিত গণসমাবেশে প্রধান অতিথির বক্তব্যে তিনি এসব কথা বলেন।\n\nরেজাউল করীম বলেন, ‘৫ আগস্টের পরে এই দেশটা গঠন করার সুন্দর একটি পরিবেশ তৈরি হয়েছে। এখন এই সুযোগে যদি আমরা সদ্ব্যবহার করতে না পারি। তাহলে আমাদের গ্রামের একটা প্রবাদ বাক্য রয়েছে– যেই লাউ, সেই কদু। এখন সেই লাউ-কদু কি দেখতে চাই?’\n\nচরমোনাই পীর বলেন, ‘৫ আগস্টের আগে শেখ হাসিনা বুঝতেও পারেনি দেশ ছেড়ে পালাতে হবে। আমি চাঁদাবাজ, খুনি ও স্বার্থান্বেষী মহলকে স্মরণ করিয়ে দিতে চাই, বাংলাদেশের মানুষ, দেশপ্রেমিক মানুষ আজ সর্বত্র ঐক্যবদ্ধ হয়েছে। তাদের তোড়ে, তাদের আওয়াজে আজ এ চাঁদাবাজ, খুনি, টাকা পাচারকারীদের বঙ্গোপসাগরে নিক্ষেপ করতে হবে।’\n\nসমাবেশে বিশেষ অতিথি ছিলেন ইসলামী আন্দোলন বাংলাদেশের নায়েবে আমির হাফেজ অধ্যক্ষ আব্দুল আউয়াল, জামায়াতে ইসলামীর সেক্রেটারি জেনারেল অধ্যাপক মিয়া গোলাম পরওয়ার, ইসলামী আন্দোলনের মহাসচিব হাফেজ অধ্যক্ষ ইউনুছ আহমাদ, কেন্দ্রীয় সাংগঠনিক সম্পাদক (খুলনা বিভাগ) মুফতি মোস্তফা কামাল, কেন্দ্রীয় শিল্প ও বাণিজ্যবিষয়ক সম্পাদক মাওলানা শুয়াইব হোসেন ও খুলনা জেলা সভাপতি অধ্যাপক মাওলানা আব্দুল্লাহ ইমরান।\n\nসমাবেশে সভাপতিত্ব করেন ইসলামী আন্দোলনের খুলনা মহানগর সভাপতি মুফতি আমানুল্লাহ। সমাবেশ পরিচালনা করেন নগর সহসভাপতি শেখ মো. নাসির উদ্দিন, জেলা সেক্রেটারি হাফেজ আসাদুল্লাহ আল গালিব ও মহানগর সেক্রেটারি মুফতি ইমরান হোসাইন।\n\nসমাবেশ শেষে খুলনার ছয়টি আসনে ইসলামী আন্দোলনের হাতপাখা মার্কার প্রার্থী ঘোষণা করেন চরমোনাই পীর। প্রার্থীরা হলেন– খুলনা-১ আসনে আবু সাঈদ, খুলনা-২ আসনে মুফতি আমান উল্লাহ, খুলনা-৩ আসনে হাফেজ আবদুল আউয়াল, খুলনা-৪ আসনে অধ্যক্ষ ইউনুস আহমেদ, খুলনা-৫ আসনে আবদুস সালাম, খুলনা-৬ আসনে আসাদুল্লাহিল গালিব।\n\nআমন্ত্রিত অতিথি হিসেবে বক্তব্য দেন জামায়াতের খুলনা অঞ্চলের সহকারী পরিচালক মাওলানা আবুল কালাম আজাদ, খুলনা মহানগর জামায়াতের আমির মাহফুজুর রহমান ও সেক্রেটারি অ্যাডভোকেট জাহাঙ্গীর হোসাইন হেলাল, খুলনা জেলা জামায়াতের আমির মাওলানা ইমরান হোসাইন ও সেক্রেটারি মুন্সি মিজানুর রহমান, এবি (আমার বাংলাদেশ) পার্টির সদস্য সচিব আকতার হোসেন, গণঅধিকার পরিষদের মহানগর সভাপতি মো. বেলাল হোসেন ও সাধারণ সম্পাদক মো. রাশিদুল ইসলাম ও এনসিপির সংগঠক আহমেদ হামীম রাহাত।', NULL, NULL, NULL, 1, 'news/RKwCM9UOiX4xdaAPLPTzbEnPOgpeDvjTm9GFFCOF.jpg', NULL, NULL, 0, 0, 0, 'published', 0, NULL, NULL, '2025-07-28 09:25:02', '2025-07-28 09:25:02'),
(98, 'ঠিকমতো খোঁজ নিলে বুঝবেন, এদের শেকড় অনেক গভীরে: উমামা ফাতেমা', 'thikmto-khonnj-nile-bujhben-eder-sekr-onek-gveere-umama-fatema', 'রাজধানীর গুলশানে আওয়ামী লীগ নেত্রী ও সাবেক সংসদ সদস্য শাম্মী আহমেদের বাসায় চাঁদাবাজি করার অভিযোগে বৈষম্যবিরোধী ছাত্র আন্দোলনের নেতাসহ পাঁচজন আটক হয়েছেন। গতকাল শনিবার দিবাগত রাতে নিজের ভেরিফায়েড ফেসবুক আইডিতে আটক পাঁচজনের ছবিসহ একটি পোস্ট দেন উমামা ফাতেমা।\n\nউমামা গত বছরের জুলাই গণঅভ্যুত্থানে বৈষম্যবিরোধী ছাত্র আন্দোলনের কেন্দ্রীয় সমন্বয়ক ছিলেন। পরবর্তী সময়ে তিনি সংগঠনের মুখপাত্র হন। গত মাসে তিনি বৈষম্যবিরোধী ছাত্র আন্দোলন থেকে সরে দাঁড়ান।\n\nপোস্টে তিনি লেখেন, এই চাঁদাবাজির খবর দেখে আশেপাশের সবাই এত অবাক হওয়ার ভান করছেন, বিষয়টা কিছুটা হাস্যকর বটে। বলতে হবে, এই প্রথম কোনো চাঁদাবাজি করতে গিয়ে তারা পুলিশের হাতে ধরা খেল। ঠিকমতো খোঁজ নিলে বুঝবেন, এঁদের শেকড় অনেক গভীরে।\n\nউমামা ফাতেমার ফেসবুক পোস্টটি তুলে ধরা হলো—\n‘বৈষম্যবিরোধী ছাত্র আন্দোলনের সাথে সম্পৃক্ত ৫ জনের চাঁদাবাজির খবর শুনে আমার পরিচিত ব্যক্তিবর্গ এতটাই আশ্বর্যান্বিত হওয়ার অভিনয় করছেন যে আমার মনে হচ্ছে আমিই সব থেকে কম আশ্চর্য হয়েছি। এই ছেলেগুলাকে তো নেতাদের পেছনে প্রটোকল দিতে দেখা গেছে এতদিন যাবৎ। সচিবালয় থেকে শুরু করে মিছিল-মিটিং, মারামারি সব জায়গাতেই সমন্বয়কদের ডান হাত, বাম হাত হিসেবে নির্বিঘ্নে প্রটোকল দিয়ে গেছে। গুলশান-বনানী গ্যাং কালচারের অজস্র অভিযোগ অভ্যন্তরীণভাবে তাদের বিরুদ্ধে ছিল।’\n\n‘এই ছবির রিয়াদ নামের ছেলেটা গত ডিসেম্বর মাসে রূপায়ণ টাওয়ারে আমার সামনে অত্যন্ত উচ্ছৃঙ্খল আচরণ করেছিল। আমরা মেয়েরা তাকে থামানোর চেষ্টা করলে আমাদের উপর পাল্টা চড়াও হয়। ঐ ঘটনার পর ছেলেটার ব্যাপারে খোঁজ নিয়ে জানতে পারি ইতোমধ্যে তার বিরুদ্ধে হুমকি, মারামারি ও চাঁদাবাজির অভিযোগ আছে। আমি জেনে তখন মোটেও অবাক হইনি, কারণ ততদিনে বৈষম্যবিরোধীতে এই ধরনের মানুষজনের আনাগোনা সর্বত্র টের পাওয়া যেত। ঠিকই তারা রূপায়ণ টাওয়ারে অবাধে আসা যাওয়া করত। কারো দুর্নীতি বা অসততার ব্যাপারে অভিযোগ জানালে উত্তরে পিনড্রপ সাইলেন্স উপহার পেতে হবে। আর আমি চোখের সামনে দেখতাম এসব লোকজনই কীভাবে দিন শেষে এক্সেস করে নেয়। আজকে এত মাস পর এই প্ল্যাটফর্মের দিকে তাকালে বলার ভাষা পাই না কোনো?! যে যেভাবে পারছে এই প্ল্যাটফর্মকে নষ্ট করেছে। আজকের এই চাঁদাবাজির খবর দেখে আশপাশের সবাই এত অবাক হওয়ার ভান করছেন বিষয়টা কিছুটা হাস্যকর বটে।’\n\n‘ইশ! মানুষ কত নিষ্পাপ! সদ্য ভূমিষ্ঠ শিশুর মতো তারা আবিষ্কার করেছেন এই ছেলেগুলো আজ কীভাবে চাঁদাবাজি করল?! অত্যন্ত দুঃখিত বন্ধুরা, বলতে হবে এই প্রথম কোনো চাঁদাবাজি করতে গিয়ে তারা পুলিশের হাতে ধরা খেল। ঠিকমতো খোঁজ নিলে বুঝবেন, এদের শেকড় অনেক গভীরে।’', NULL, NULL, NULL, 1, 'news/tCJy3utp2Hhja7SCf8vr9u41UYkBkDMXPAuceF5F.jpg', NULL, NULL, 0, 0, 0, 'published', 0, NULL, NULL, '2025-07-28 09:25:54', '2025-07-28 09:25:54'),
(99, 'নির্বাচনের আয়োজনকে ভন্ডুলের চেষ্টা করছে পতিত শক্তি: প্রধান উপদেষ্টা', 'nirwacner-ayojnke-vnduler-ceshta-krche-ptit-skti-prdhan-updeshta', 'পতিত শক্তি গন্ডগোল লাগিয়ে নির্বাচনের আয়োজনকে ভন্ডুল করার অপচেষ্টা করছে বলে মন্তব্য করেছেন প্রধান উপদেষ্টা অধ্যাপক মুহাম্মদ ইউনূস। তিনি এই অপচেষ্টাকে প্রতিহত করতে ফ‍্যাসিবাদবিরোধী সব শক্তিকে ঐক্যবদ্ধ থাকার আহ্বান জানিয়েছেন।\n\nশনিবার রাষ্ট্রীয় অতিথি ভবন যমুনায় বিভিন্ন রাজনৈতিক দলের শীর্ষস্থানীয় নেতাদের সঙ্গে মতবিনিময়কালে তিনি এ কথা বলেন। খবর বাসসের\n\nপ্রধান উপদেষ্টা বলেন, ‘অভ্যুত্থানের সকল শক্তি মিলে একটি সুন্দর নির্বাচন করতে না পারলে এই মস্ত বড় সুযোগ আমাদের হাতছাড়া হয়ে যাবে।’\n\nতিনি বলেন, পরাজিত শক্তি যখনই সুযোগ পাচ্ছে তখনই নানা রকম গন্ডগোল সৃষ্টি করছে। এসব করে তারা দেশের স্বাভাবিক অগ্রযাত্রাকে মারাত্মকভাবে ব্যাহত করছে।\n\nপ্রধান উপদেষ্টা বলেন, ‘যখনই নির্বাচনের প্রস্তুতি নিয়ে আমরা অগ্রসর হচ্ছি তখনই নানা ষড়যন্ত্র সামনে আসছে। কিন্তু বাস্তবতা হচ্ছে কোন ষড়যন্ত্র করেই গণতান্ত্রিক অগ্রযাত্রাকে বাধাগ্রস্ত করা যাবে না। কারণ ফ্যাসিবাদ প্রশ্নে সবগুলো গণতান্ত্রিক শক্তির ঐক্য স্পষ্ট।’ \n\nসুষ্ঠু নির্বাচন আয়োজনের জন্য সকল রাজনৈতিক দলের সহযোগিতা প্রত্যাশা করেন তিনি।\n\nউপস্থিত রাজনৈতিক নেতৃবৃন্দও প্রধান উপদেষ্টাকে সর্বাত্মক সহযোগিতার আশ্বাস দেন।\n\nবৈঠকে জাতীয় গণফ্রন্টের আমিনুল হক টিপু বিশ্বাস, ১২ দলীয় জোটের মোস্তফা জামাল হায়দার, নেজামে ইসলাম পার্টির মাওলানা আব্দুল মাজেদ আতহারী, বাংলাদেশ খেলাফত মজলিসের মাওলানা ইউসুফ আশরাফ, ন্যশনাল পিপলস পার্টির ফরিদুজ্জামান ফরহাদ, বাংলাদেশ জাসদের ড. মুশতাক হোসেন, ন্যাশনালিস্ট ডেমোক্রেটিক মুভমেন্টের ববি হাজ্জাজ, ইসলামী ঐক্যজোটের মুফতি সাখাওয়াত হোসাইন রাজি, ভাসানী জনশক্তি পার্টির রফিকুল ইসলাম বাবলু, বাংলাদেশ লেবার পার্টির ডা: মোস্তাফিজুর রহমান ইরান, বাংলাদেশের সমাজতান্ত্রিক দল (মার্কসবাদী) -এর মাসুদ রানা এবং জমিয়তে উলামায়ে ইসলামের মঞ্জুরুল ইসলাম আফেন্দী উপস্থিত ছিলেন।\n\nবৈঠকের শুরুতে মাইলস্টোন স্কুল অ্যান্ড কলেজে বিমান দুর্ঘটনার ঘটনায় নিহতদের স্মরণে এক মিনিট নীরবতা পালন ও মোনাজাত অনুষ্ঠিত হয়।', NULL, NULL, NULL, 1, 'news/1SBMtXDIVm8ERBdBY3Cx3pK1vnTkiJXVAuUubDCm.jpg', NULL, NULL, 0, 0, 0, 'published', 2, NULL, NULL, '2025-07-28 09:26:42', '2025-07-28 11:48:02'),
(100, 'নির্বাহী বিভাগের কর্তৃত্ব খর্ব করা চলবে না: সালাহউদ্দিন আহমেদ', 'nirwahee-bivager-krtrritw-khrw-kra-clbe-na-salahuddin-ahmed', 'জাতীয় ঐকমত্য কমিশনের সংলাপ থেকে কিছু সময়ের জন্য ওয়াকআউটের বিষয়ে বিএনপির স্থায়ী কমিটির সদস্য সালাহউদ্দীন আহমেদ বলেছেন, দেশে যেন আর কখনও স্বৈরাচার বা ফ্যাসিবাদ জন্ম না নিতে পারে, সে লক্ষ্যে সংবিধান সংশোধনের উদ্যোগে বিএনপি সর্বোচ্চ সহযোগিতা করে যাচ্ছে। তবে নির্বাহী বিভাগের ক্ষমতা খর্ব করা হলে রাষ্ট্র পরিচালনায় ভারসাম্য নষ্ট হবে বলে তিনি সতর্ক করেন।\n\nআজ সোমবার রাজধানীর ফরেন সার্ভিস একাডেমিতে রাজনৈতিক দলগুলোর সঙ্গে চলমান সংলাপের ২০তম দিনে বৈঠক থেকে বের হয়ে তিনি এসব কথা বলেন।\n\nসালাহউদ্দিন আহমেদ বলেন, আমাদের পক্ষ থেকেই প্রস্তাব ছিল, কেউ যেন ১০ বছরের বেশি প্রধানমন্ত্রী থাকতে না পারেন—সেটি গৃহীত হয়েছে। আমরা আরও প্রস্তাব দিয়েছি, নির্বাচন কমিশন গঠনে একটি স্বাধীন সার্চ কমিটি গঠন করা হোক। যেখানে সরকারি দল, বিরোধী দল এবং বিচার বিভাগের প্রতিনিধি থাকবে। সেটিও গ্রহণযোগ্য হয়েছে।\n\nতিনি আরও বলেন, আমরাই প্রস্তাব করেছি যে, তত্ত্বাবধায়ক সরকার পুনঃপ্রতিষ্ঠিত হলে, পরবর্তীতে সংসদ কোনো সংশোধনী আনলে তা রাষ্ট্রপতির অনুমোদনের আগে গণভোটে যেতে হবে। এটি গৃহীত হওয়া মানে দেশের ভবিষ্যৎ রাজনৈতিক স্থিতিশীলতার জন্য একটি বড় পদক্ষেপ।\n\nতবে এসব অগ্রগতির মধ্যেও নির্বাহী বিভাগের ক্ষমতা নিয়ে উদ্বেগ প্রকাশ করেন বিএনপির এই নেতা। তিনি বলেন, নির্বাহী বিভাগের জবাবদিহিতা যেমন সংসদের কাছে, তেমনি জনগণের কাছেও রয়েছে। কিন্তু যদি কর্তৃত্ব না থাকে, কেবল দায়িত্ব আর জবাবদিহিতা থাকে, তাহলে তা কার্যকর রাষ্ট্র পরিচালনার জন্য যথেষ্ট নয়।\n\nসাংবিধানিক এবং সংবিধিবদ্ধ প্রতিষ্ঠানসমূহের নিয়োগে নির্বাহী বিভাগের হাত-পা বাঁধা হলে তা ভবিষ্যতের জন্য বাধা সৃষ্টি করতে পারে বলেও মন্তব্য করেন তিনি। বলেন, জনগণের প্রত্যাশা পূরণে নির্বাহী বিভাগকে শক্তিশালী হতে হবে, দুর্বল নয়। \n\nদলটির স্থায়ী কমিটির এই সদস্য বলেন, বিএনপির পক্ষ থেকে বলা হয়, তারা সংলাপে অংশ নিচ্ছে একটি গঠনমূলক লক্ষ্য নিয়ে। তবে যেখানে মৌলিক দ্বিমত রয়েছে, সেখানে অংশগ্রহণ থেকে বিরত থাকা বা মতপার্থক্য প্রকাশ করাও গণতন্ত্রের ভাষা। তিনি আরও বলেন, সব বিষয়ে ঐক্যমত হবে এমন দাবি কেউ করেনি। দ্বিমত থাকবে, ভিন্নমত থাকবে, আর সেগুলোর মধ্য দিয়েই তো গণতন্ত্রের সংগ্রাম এগিয়ে যায়।\n\nসালাহউদ্দিন আহমেদ বলেন, আমরা মনে করি না, ‘নোট অব ডিসেন্ট’ দিয়ে কাউকে ঐক্যমতে বাধ্য করা উচিত। ঐকমত্যের অর্থই হচ্ছে সবাইকে সঙ্গে নিয়ে পথচলা। বিএনপি অংশ না নিলে কীভাবে জাতীয় ঐকমত্য প্রতিষ্ঠিত হবে, সেটি নিয়েও প্রশ্ন থেকে যায়।\n\nবক্তব্য শেষে সালাহউদ্দীন আহমেদ জানান, সংলাপের পরবর্তী পর্যায়ে বিএনপি অংশ নেবে এবং ইতিবাচক আলোচনার জন্য প্রস্তুত থাকবে। \n\nআজ সোমবার বেলা সাড়ে ১১টার পরে জাতীয় ঐকমত্য কমিশনের প্রস্তাবিত সরকারি কর্মকমিশন, দুর্নীতি দমন কমিশন, মহাহিসাব নিরীক্ষক ও নিরীক্ষক এবং ন্যায়পাল নিয়োগের বিধান আলোচনা শুরু হলে সংলাপ থেকে ওয়াকআউট করে বিএনপির প্রতিনিধি সালাহউদ্দিন আহমেদ ও ইসমাইল জবিউল্লাহ। ১২টা ১৫ মিনিটের দিকে তারা আবারও সংলাপ যোগ দেন।', NULL, NULL, NULL, 1, 'news/099GLB2ovQVByFD198h1QsPoEqRQKc8JNbFrWTbj.jpg', NULL, NULL, 0, 0, 0, 'published', 5, NULL, NULL, '2025-07-28 09:27:19', '2025-07-28 15:09:20');
INSERT INTO `news_posts` (`id`, `news_title`, `slug`, `news_description`, `division_id`, `district_id`, `upazila_id`, `user_id`, `news_thumbnail`, `meta_title`, `meta_description`, `is_premium`, `is_lead`, `is_sub_lead`, `status`, `view_count`, `scheduled_at`, `deleted_at`, `created_at`, `updated_at`) VALUES
(101, 'কুমিল্লায় বাসা থেকে মা-মেয়ের মরদেহ উদ্ধার', 'kumillay-basa-theke-ma-meyer-mrdeh-uddhar', 'কুমিল্লার বুড়িচংয়ে একটি বাসা থেকে মা ও মেয়ের মরদেহ উদ্ধার করেছে পুলিশ।\n\nমঙ্গলবার (২৯ জুলাই) সকালে উপজেলার রামপুর গ্রামের আবুল খায়েরের বাসা থেকে মরদেহ দুটি উদ্ধার করা হয়।\n\nবুড়িচং থানার ভারপ্রাপ্ত কর্মকর্তা (ওসি) মোহাম্মদ আজিজুল হক বিষয়টি নিশ্চিত করেছেন।\n\nনিহতরা হলেন- ফেনী জেলার ছাগলনাইয়া উপজেলার জয়নগর গ্রামের মীর হোসেনের স্ত্রী জাহেদা আক্তার (৩৫) ও তার মেয়ে মিশু আক্তার (১৫)।\n\n\nস্থানীয়দের বরাত দিয়ে ওসি মোহাম্মদ আজিজুল হক জানান, বেশ কিছু দিন ধরে মীর হোসেনের পরিবার রামপুর আবুল খায়েরের বাসায় ভাড়া থাকতেন। মীর হোসেন পেশায় একজন রাজমিস্ত্রী। মঙ্গলবার সকাল ৬টার দিকে প্রতিবেশীরা দুজনের মরদেহ দেখে থানায় খবর দেন।\n\nজাগোনিউজের খবর পেতে ফলো করুন\n\n\nতিনি আরও জানান, পুলিশ ঘটনাস্থলে গিয়ে দুজনের মরদেহ উদ্ধার করে ময়না তদন্তের জন্য কুমিল্লা মেডিকেল কলেজ হসপিটাল মর্গে পাঠিয়েছে। পরিবারটি দীর্ঘদিন ধরে ঋণগ্রস্ত। ধারণা করা হচ্ছে, ঋণে চাপে সোমবার দিনগত রাতের কোনো এক সময় মা-মেয়ে বিষপান করেন। মরদেহের পাশ থেকে একটি বিষের বোতল উদ্ধার করা হয়েছে। ময়নাতদন্তের রিপোর্ট এলে মৃত্যুর সঠিক কারণ জানা যাবে।', 2, 2, 17, 1, 'news/qBOGEXhOAh06V47gUo2uz33AidLhvte1bv2yW8yS.jpg', NULL, NULL, 0, 0, 0, 'published', 0, NULL, NULL, '2025-07-29 06:11:56', '2025-07-29 06:11:56'),
(102, 'চাঁদা না পেয়ে দোকানে তালা, জামায়াত নেতা-বিএনপি কর্মীসহ গ্রেফতার ৪', 'cannda-na-peye-dokane-tala-jamayat-neta-bienpi-krmeesh-greftar-4', 'নাটোরের বড়াইগ্রামে চাঁদা না দেওয়ায় ১০টি দোকান দখলের অভিযোগে জামায়াত নেতা ও বিএনপি কর্মীসহ চারজনকে গ্রেফতার করেছে পুলিশ।\n\nসোমবার (২৮ জুলাই) সন্ধ্যায় উপজেলার আহম্মেদপুর বাজারে দোকানে তালা দেওয়ার ঘটনা ঘটে।\n\n\nএ ঘটনায় জাহাঙ্গীর আলম নামে এক ভুক্তভোগী দোকানি বাদী হয়ে ছয়জনকে আসামি করে বড়াইগ্রাম থানায় মামলা করেছেন। পরে অভিযান চালিয়ে চারজনকে গ্রেফতার করা হয়।\n\nগ্রেফতাররা হলেন, জামায়াতে ইসলামীর জোয়াড়ী ইউনিয়নের তিন নম্বর ওয়ার্ড সভাপতি ও আহম্মেদপুর এলাকার মুজিবর রহমানের ছেলে রুহুল আমিন (৪৫), তার ভাই জামায়াত কর্মী আজিমুদ্দিন (৪০), বিএনপি কর্মী হায়দার আলী (৪৮) ও তার বাবা মুজিবর রহমান (৭০)।\n\nভুক্তভোগীরা হলেন, উপজেলার নওপাড়া গ্রামের বাসিন্দা কোরবান আলী, শাহ আলম হোসেন, মোতালেব হোসেন।\n\nমামলার বাদী জাহাঙ্গীর আলম বলেন, অনেক দিন যাবত আহম্মেদপুর বাজারের ব্যবসায়িদের নিকট থেকে প্রতিমাসে পাঁচ হাজার টাকা করে চাঁদা দাবি করে আসছিলেন জামায়াত নেতা রুহুল আমীন ও তার ভাইয়েরা। চাঁদা দিতে অস্বীকার করলে তারা ৪০-৫০ জন সোমবার বেলা ১১টার দিকে দেশীয় অস্ত্র নিয়ে আমাদের মারপিট করে। একপর্যায়ে তারা তালা দিয়ে আমাদের ১০টি দোকান বন্ধ করে দেয়। আমরা নিরুপায় হয়ে পাঁচ হাজার টাকা করে চাঁদা দিয়ে রক্ষা পাই।\n\nভুক্তভোগী কোরবান আলী বলেন, বিকেলে সেনাবাহিনী ও বড়াইগ্রাম থানা পুলিশ অভিযান চালিয়ে চারজনকে গ্রেফতার করে ও দোকানগুলো খুলে দেয়।\n\n\nজামায়াত নেতা রুহুল আমিন চাঁদা চাওয়ার কথা অস্বীকার করে বলেন, এই জমি আমাদের। দীর্ঘদিন ধরে তারা দখল করে আসছে। জমি ফেরত চাই, দেয় না। আমরা কোর্টে মামলা করেছি। কিন্তু এভাবে দোকানে তালা দেওয়া আমাদের ঠিক হয়নি।\n\nবিএনপিকর্মী হায়দার আলী বলেন, উপজেলা জামায়াতের সাধারণ সম্পাদক আবু বক্কর সিদ্দিক ও জোয়াড়ী ইউনিয়ন জামায়াতের সভাপতি আব্দুল মালেকের নেতৃত্বে সমাধান করার জন্য একটি কমিটি করা হয়। সেখানে উভয় পক্ষই জামানত বাবদ ১৫ হাজার করে টাকা জমা দেয়। কিন্তু তারা সেটি মানে না। তাই আমরা দখল করেছি। কিন্তু সেটি আমাদের ঠিক হয়নি।\n\nবড়াইগ্রাম থানার পরিদর্শক গোলাম সারোয়ার হোসেন বলেন, চাঁদা না দেওয়ায় ১০টি দোকানে তালা দিয়ে বন্ধ করে দেওয়ার অভিযোগে চারজনকে গ্রেফতার করা হয়েছে। জাহাঙ্গীর আলম নামের এক ভুক্তভোগী থানায় মামলা করেছেন। আসামিদের মঙ্গলবার আদালতে সোপর্দ করা হবে।', 4, 30, 232, 1, 'news/mF98ddLSqLo23VkWjJCa2pfjq1Idz7wrq4pQApZI.jpg', NULL, NULL, 0, 0, 0, 'published', 0, NULL, NULL, '2025-07-29 08:07:27', '2025-07-29 08:07:27'),
(103, 'বাড়ি দখল করতে বাবাকে কোপালেন ছেলে', 'bari-dkhl-krte-babake-kopalen-chele', 'ব্রাহ্মণবাড়িয়ার নাসিরনগরে বাড়ি দখল করতে ধন মিয়া (৭৮) নামে এক বৃদ্ধকে কুপিয়ে হাত-পা ভেঙে দিয়েছেন তার ছেলে।\n\nসোমবার (২৮ জুলাই) দুপুরে উপজেলার চাপরতলা ইউনিয়নের তারাউলা গ্রামে এ ঘটনা ঘটে।\n\n\nআহত ধন মিয়া ওই এলাকার মৃত কনাই মিয়ার ছেলে। রাতে তাকে গুরুতর আহত অবস্থায় উন্নত চিকিৎসার জন্যে ঢাকায় রেফার করেন চিকিৎসকরা।\n\nএ ঘটনায় অভিযুক্ত মাসুক মিয়া ভুক্তভোগী ধন মিয়ার প্রথম স্ত্রীর তৃতীয় ছেলে।\n\n\nকান্না জড়িত কণ্ঠে আহত ধন মিয়া অভিযোগ করে বলেন, আমার দুই স্ত্রীর দুই সংসার। প্রথম স্ত্রীর ঘরে ৫ ছেলে ও ১ মেয়ে রয়েছে। দ্বিতীয় স্ত্রীর ঘরে ২ ছেলে ও ৩ মেয়ে আছে। আমি ঐতিহ্যগত ভাবেই কৃষিজীবী। আমার দুই স্ত্রীর ৭ ছেলেকে আলাদাভাবে ৭টি বাড়ি দিয়েছি। আমি থাকি ছোট স্ত্রীর সঙ্গে একটি বাড়িতে। আমার প্রথম স্ত্রীর তৃতীয় ছেলে মাসুক মিয়া উচ্ছৃঙ্খল প্রকৃতির। তার নামে মামলাও আছে। তাকে দান করা বাড়িতে নিজে বাড়ি না করে আমার বসবাস করা বাড়ি অর্ধেক দখলে নিয়েছে। সে পুরো বাড়ি দখল করে নিতে চায়। এ নিয়ে সোমবার সকালে তার সঙ্গে কথা কাটাকাটি হলে স্থানীয় মসজিদের সামনে আমাকে এলোপাতাড়ি কুপিয়ে রক্তাক্ত করেছে। আমার হাত ও পায়ে কুপিয়েছে। পরে আমার ছোট স্ত্রীর দুই ছেলেসহ স্থানীয়রা উদ্ধার করে হাসপাতালে নিয়ে আসে।\n\nব্রাহ্মণবাড়িয়ার ট্রমা সার্জন ডা. মো. সোলায়মান মিয়া বলেন, বৃদ্ধ ধন মিয়ার হাত-পায়ের হাড় ভেঙে গেছে এছাড়াও হাত ও পায়ের একটি করে রগ কেটে গেছে অস্ত্রের আঘাতে। উনাকে উন্নত চিকিৎসার জন্যে ঢাকায় পাঠানো হয়েছে।\n\nএ বিষয়ে জানতে অভিযুক্ত মাসুক মিয়ার মুঠোফোনে কল দেওয়া হলেও তিনি রিসিভ করেননি।', 2, 5, 27, 1, 'news/92izIjGcdMKf92GFZIRVgTaH15kd7bJbIgNRMidz.jpg', NULL, NULL, 0, 0, 0, 'published', 0, NULL, NULL, '2025-07-29 08:19:45', '2025-07-29 08:19:45'),
(104, 'সমন্বয়ক পরিচয়ে ভূমি অফিস ঘেরাও করে ভাঙচুরের হুমকি', 'smnwyk-pricye-vuumi-ofis-gheraoo-kre-vangcurer-humki', 'সিলেটে বৈষম্যবিরোধী ছাত্র আন্দোলনের সমন্বয়ক ও জামায়াত নেতা পরিচয়ে কাগজপত্র ছাড়া জমি নামজারি করে দেওয়ার হুমকি দিয়ে আসছিলেন এক যুবক। এ অভিযোগে তাকে দুই মাসের কারাদণ্ড দিয়েছেন ভ্রাম্যমাণ আদালত। সোমবার (২৮ জুলাই) দুপুরে ওসমানীনগর উপজেলায় এ ঘটনা ঘটে।\n\nদণ্ডপ্রাপ্ত যুবকের নাম মো. মাহবুবুর রহমান (৩২)। তিনি উপজেলার সাদীপুর গ্রামের আব্দুর রাজ্জাকের ছেলে। ভ্রাম্যমাণ আদালত পরিচালনা করেন ওসমানীনগর উপজেলা নির্বাহী কর্মকর্তা ও নির্বাহী ম্যাজিস্ট্রেট জয়নাল আবেদীন।\n\nস্থানীয়রা জানান, মাহবুবুর নিজেকে বৈষম্যবিরোধী ছাত্র আন্দোলনের ওসমানীনগরের আহ্বায়ক ও জামায়াত নেতা পরিচয় দিয়ে কাগজপত্র ছাড়া জায়গার নামজারি করার জন্য উপজেলা সহকারী কমিশনারসহ (ভূমি) অন্যান্য কর্মকর্তাদের চাপ ও হুমকি দিয়ে আসছিলেন। কাজ না করে দিলে ছাত্রদের নিয়ে অফিস ঘেরাও করে মব সৃষ্টি করে ভাঙচুর করার হুমকিও দেন। সোমবার ভূমি অফিসে গিয়ে আবারও হুমকি দিলে তাকে ভ্রাম্যমাণ আদালতের মুখোমুখি করা হয়। পরে বিচারকের কাছে দোষ স্বীকার করে জবানবন্দি দেন তিনি। আদালত তাকে ২ মাসের কারাদণ্ড ও ৫০০ টাকার অর্থদণ্ড দেন।\n\nনির্বাহী ম্যাজিস্ট্রেট জয়নাল আবেদীন বলেন, মাহবুবুর নিজেকে জামায়াত নেতা ও বৈষম্যবিরোধী ছাত্র আন্দোলনের সমন্বয়ক পরিচয় দিয়ে ভূমি কর্মকর্তাদের হুমকি দিয়ে সরকারি কাজে বাধা সৃষ্টি করে আসছিলেন। সোমবার অফিসে এসে আবারও হুমকি দেন।\n\nওসমানীনগর উপজেলা জামায়াতের সেক্রেটারি আনহার আহমদ জানান, অভিযুক্ত মাহবুবুর রহমান জামায়াতের কেউ নন। দলের সঙ্গে তার কোনো সম্পৃক্ততা নেই।', 7, 50, 422, 1, 'news/AFe7UgB3TMbGXqPWrnhoR7wXWJI8dYx5sMgjp16p.jpg', NULL, NULL, 0, 0, 0, 'published', 0, NULL, NULL, '2025-07-29 08:21:44', '2025-07-29 08:21:44'),
(105, 'নাশকতার পরিকল্পনার অভিযোগে সাভারে সহযোগীসহ আ’লীগ নেতা গ্রেফতার', 'nasktar-priklpnar-ovizoge-savare-shzogeesh-aleeg-neta-greftar', 'অন্তর্বর্তীকালীন সরকারের বিরুদ্ধে কার্যক্রম নিষিদ্ধ আওয়ামী লীগের দেশব্যাপী নাশকতার ভয়ংকর পরিকল্পনায় যুক্ত থাকার অভিযোগে ঢাকার সাভার থেকে দুজনকে গ্রেফতার করেছে পুলিশ।\n\nসোমবার (২৮ জুলাই) রাতে সাভারের বিরুলিয়া ইউনিয়নের ফুডকোর্ট এলাকা থেকে তাদের গ্রেফতার করা হয়।\n\n\nসাভার মডেল থানার ভারপ্রাপ্ত কর্মকর্তা (ওসি) মোহাম্মদ জুয়েল মিঞা গ্রেফতারের বিষয়টি নিশ্চিত করেন।\n\nগ্রেফতাররা হলেন- সাঁথিয়া উপজেলার দৌলতপুর গ্রামের ফেরদৌস খানের ছেলে সোহেল রানা খোকন (৪২)। তিনি সাঁথিয়া পৌর আওয়ামী লীগের সাধারণ সম্পাদক ও সাবেক উপজেলা চেয়ারম্যান এবং তার সহযোগী একই উপজেলার আমোষ গ্রামের আব্দুর রশিদের ছেলে বিদ্যুৎ হোসেন (৩৫)।\n\n\nপুলিশ জানায়, সোমবার রাতে গোপন সংবাদের ভিত্তিতে অভিযান চালিয়ে সাভারের বিরুলিয়া ইউনিয়নের ফুডকোর্ট এলাকা থেকে আওয়ামী লীগ নেতা সোহেল রানা খোকন ও তার সহযোগীকে গ্রেফতার করা হয়। তাদের বিরুদ্ধে ফ্যাসিস্ট আওয়ামী লীগের হয়ে বিশৃঙ্খলা সৃষ্টি ও নাশকতার ভয়ংকর পরিকল্পনার সঙ্গে যুক্ত থাকার অভিযোগ রয়েছে। তার বিরুদ্ধে একাধিক মামলাও রয়েছে। খোকনকে জিজ্ঞাসাবাদে গুরুত্বপূর্ণ তথ্য পাওয়া গেছে। এসব তথ্য পর্যালোচনা করে যথাযথ ব্যবস্থা নেওয়া হচ্ছে।\n\n\nএ বিষয়ে সাভার মডেল থানার ওসি মোহাম্মদ জুয়েল মিঞা জানান, গ্রেফতারদের বিরুদ্ধে সরকারবিরোধী ষড়যন্ত্র ও নাশকতা সৃষ্টির পরিকল্পনার অভিযোগ রয়েছে। জিজ্ঞাসাবাদ শেষে আইন অনুযায়ী আসামিদের আদালতে পাঠানো হবে।', 1, 66, 157, 1, 'news/BhEkts3vdzDFNGDbGtJM1FutBUTQBmi5CHMQJ7eX.jpg', NULL, NULL, 0, 0, 0, 'published', 0, NULL, NULL, '2025-07-29 08:23:33', '2025-07-29 08:23:33'),
(106, '‘পঁচিশ বছরে ৩০ বাঘের মৃত্যু, পিটিয়ে হত্যা ১৪’', 'pnncis-bchre-30-bagher-mrritzu-pitiye-htza-14', 'পরিবেশবাদী সংগঠন ধরিত্রী রক্ষায় আমরা (ধরা)-এর কেন্দ্রীয় কমিটির সদস্য মো. নূর আলম শেখ বলেছেন, ‘গত ২৫ বছরে ৩০টি বাঘের মৃত্যু হয়েছে। এরমধ্যে স্বাভাবিক মৃত্যু হয়েছে মাত্র ১০টি বাঘের। ১৪টি বাঘকে পিটিয়ে মেরেছে স্থানীয় মানুষ। বাঘ মানুষের দ্বন্দ্ব নিরসন করে আমাদের সবাইকে বাঘ বন্ধু হতে হবে।’\n\nবিশ্ব বাঘ দিবস উপলক্ষে মঙ্গলবার (২৯ জুলাই) সকালে বাগেরহাটের মোংলা উপজেলা অডিটোরিয়ামে ‘সুন্দরবন বাঁচাও, বাঘ বাঁচাও’ শীর্ষক আলোচনা সভায় তিনি এসব কথা বলেন। ধরিত্রী রক্ষায় আমরা (ধরা), ওয়াটারকিপার্স বাংলাদেশ ও পশুর রিভার ওয়াটার কিপারের আয়োজনে এ আলোচনা সভা হয়।\n\nসভায় বিএনপির কেন্দ্রীয় কমিটির গবেষণা বিষয়ক সম্পাদক কৃষিবিদ মোহাম্মদ শামীমুর রহমান শামীম, উপজেলা সমাজসেবা অফিসার এস এম মাসুদ রানা, উপজেলা প্রেসক্লাবের সভাপতি আহসান হাবিব হাসান, বীর মুক্তিযোদ্ধা শেখ আবু হানিফ প্রমুখ উপস্থিত ছিলেন।', 5, 42, 383, 1, 'news/biY22dDhykBx873fnNp0EAZDpc1TdrB0JVvufjfh.jpg', NULL, NULL, 0, 0, 0, 'published', 0, NULL, NULL, '2025-07-29 08:24:51', '2025-07-29 08:24:51');

-- --------------------------------------------------------

--
-- Table structure for table `news_post_tag`
--

CREATE TABLE `news_post_tag` (
  `news_post_id` bigint(20) UNSIGNED NOT NULL,
  `tag_id` bigint(20) UNSIGNED NOT NULL
) ENGINE=InnoDB DEFAULT CHARSET=utf8mb4 COLLATE=utf8mb4_unicode_ci;

--
-- Dumping data for table `news_post_tag`
--

INSERT INTO `news_post_tag` (`news_post_id`, `tag_id`) VALUES
(14, 10),
(15, 12),
(15, 13),
(96, 14),
(96, 15),
(96, 16);

-- --------------------------------------------------------

--
-- Table structure for table `password_reset_tokens`
--

CREATE TABLE `password_reset_tokens` (
  `email` varchar(255) NOT NULL,
  `token` varchar(255) NOT NULL,
  `created_at` timestamp NULL DEFAULT NULL
) ENGINE=InnoDB DEFAULT CHARSET=utf8mb4 COLLATE=utf8mb4_unicode_ci;

-- --------------------------------------------------------

--
-- Table structure for table `permissions`
--

CREATE TABLE `permissions` (
  `id` bigint(20) UNSIGNED NOT NULL,
  `name` varchar(255) NOT NULL,
  `guard_name` varchar(255) NOT NULL,
  `created_at` timestamp NULL DEFAULT NULL,
  `updated_at` timestamp NULL DEFAULT NULL
) ENGINE=InnoDB DEFAULT CHARSET=utf8mb4 COLLATE=utf8mb4_unicode_ci;

--
-- Dumping data for table `permissions`
--

INSERT INTO `permissions` (`id`, `name`, `guard_name`, `created_at`, `updated_at`) VALUES
(1, 'create news', 'web', '2025-07-20 05:44:26', '2025-07-20 05:55:31'),
(2, 'edit news', 'web', '2025-07-20 05:44:30', '2025-07-20 05:44:30'),
(3, 'delete news', 'web', '2025-07-20 05:44:32', '2025-07-20 05:44:32'),
(4, 'read news', 'web', '2025-07-20 06:24:23', '2025-07-20 06:24:23');

-- --------------------------------------------------------

--
-- Table structure for table `roles`
--

CREATE TABLE `roles` (
  `id` bigint(20) UNSIGNED NOT NULL,
  `name` varchar(255) NOT NULL,
  `guard_name` varchar(255) NOT NULL,
  `created_at` timestamp NULL DEFAULT NULL,
  `updated_at` timestamp NULL DEFAULT NULL
) ENGINE=InnoDB DEFAULT CHARSET=utf8mb4 COLLATE=utf8mb4_unicode_ci;

--
-- Dumping data for table `roles`
--

INSERT INTO `roles` (`id`, `name`, `guard_name`, `created_at`, `updated_at`) VALUES
(1, 'Super Admin', 'web', '2025-07-15 06:53:22', '2025-07-15 06:53:22'),
(2, 'Admin', 'web', '2025-07-15 06:53:22', '2025-07-15 06:53:22'),
(3, 'Editor', 'web', '2025-07-15 06:53:22', '2025-07-15 06:53:22'),
(4, 'Seo Expert', 'web', '2025-07-15 06:53:22', '2025-07-15 06:53:22'),
(5, 'Reporter', 'web', '2025-07-15 06:53:22', '2025-07-15 06:53:22'),
(6, 'Subscriber', 'web', '2025-07-15 06:53:22', '2025-07-15 06:53:22');

-- --------------------------------------------------------

--
-- Table structure for table `role_has_permissions`
--

CREATE TABLE `role_has_permissions` (
  `permission_id` bigint(20) UNSIGNED NOT NULL,
  `role_id` bigint(20) UNSIGNED NOT NULL
) ENGINE=InnoDB DEFAULT CHARSET=utf8mb4 COLLATE=utf8mb4_unicode_ci;

--
-- Dumping data for table `role_has_permissions`
--

INSERT INTO `role_has_permissions` (`permission_id`, `role_id`) VALUES
(1, 1),
(1, 2),
(1, 3),
(1, 5),
(2, 1),
(2, 2),
(2, 3),
(2, 4),
(2, 5),
(3, 1),
(3, 2),
(4, 6);

-- --------------------------------------------------------

--
-- Table structure for table `sessions`
--

CREATE TABLE `sessions` (
  `id` varchar(255) NOT NULL,
  `user_id` bigint(20) UNSIGNED DEFAULT NULL,
  `ip_address` varchar(45) DEFAULT NULL,
  `user_agent` text DEFAULT NULL,
  `payload` longtext NOT NULL,
  `last_activity` int(11) NOT NULL
) ENGINE=InnoDB DEFAULT CHARSET=utf8mb4 COLLATE=utf8mb4_unicode_ci;

--
-- Dumping data for table `sessions`
--

INSERT INTO `sessions` (`id`, `user_id`, `ip_address`, `user_agent`, `payload`, `last_activity`) VALUES
('KyBa3RWlnuG0Db5wvr5TVqJTZaJUIZoyMPK2rVMc', 1, '127.0.0.1', 'Mozilla/5.0 (Windows NT 10.0; Win64; x64) AppleWebKit/537.36 (KHTML, like Gecko) Chrome/138.0.0.0 Safari/537.36', 'YTo1OntzOjY6Il90b2tlbiI7czo0MDoicE5HaDV3a3NBNURYVDhYdVMwdEZxOEVWc1RaUHk0RmE4aHhsNFAyNiI7czo5OiJfcHJldmlvdXMiO2E6MTp7czozOiJ1cmwiO3M6NDA6Imh0dHA6Ly9sb2NhbGhvc3Q6ODAwMC9hZG1pbi9tZW51LW1hbmFnZXIiO31zOjY6Il9mbGFzaCI7YToyOntzOjM6Im9sZCI7YTowOnt9czozOiJuZXciO2E6MDp7fX1zOjM6InVybCI7YTowOnt9czo1MDoibG9naW5fd2ViXzU5YmEzNmFkZGMyYjJmOTQwMTU4MGYwMTRjN2Y1OGVhNGUzMDk4OWQiO2k6MTt9', 1753800406),
('P7uTjkkylvizTawUv5djWdHPfkJEgD9aLocoFvIH', NULL, '127.0.0.1', 'Mozilla/5.0 (Linux; Android 11; SAMSUNG SM-G973U) AppleWebKit/537.36 (KHTML, like Gecko) SamsungBrowser/14.2 Chrome/87.0.4280.141 Mobile Safari/537.36', 'YTozOntzOjY6Il90b2tlbiI7czo0MDoiMUNKNjJOazlENWVITjZjUk0yNEQ2UW9GYzlCUW1ZNWtWd3YxYTJEYSI7czo5OiJfcHJldmlvdXMiO2E6MTp7czozOiJ1cmwiO3M6MjE6Imh0dHA6Ly9sb2NhbGhvc3Q6ODAwMCI7fXM6NjoiX2ZsYXNoIjthOjI6e3M6Mzoib2xkIjthOjA6e31zOjM6Im5ldyI7YTowOnt9fX0=', 1753800296);

-- --------------------------------------------------------

--
-- Table structure for table `site_connections`
--

CREATE TABLE `site_connections` (
  `id` bigint(20) UNSIGNED NOT NULL,
  `google_verification` varchar(255) DEFAULT NULL,
  `bing_verification` varchar(255) DEFAULT NULL,
  `baidu_verification` varchar(255) DEFAULT NULL,
  `pinterest_verification` varchar(255) DEFAULT NULL,
  `yandex_verification` varchar(255) DEFAULT NULL,
  `created_at` timestamp NULL DEFAULT NULL,
  `updated_at` timestamp NULL DEFAULT NULL
) ENGINE=InnoDB DEFAULT CHARSET=utf8mb4 COLLATE=utf8mb4_unicode_ci;

--
-- Dumping data for table `site_connections`
--

INSERT INTO `site_connections` (`id`, `google_verification`, `bing_verification`, `baidu_verification`, `pinterest_verification`, `yandex_verification`, `created_at`, `updated_at`) VALUES
(1, 'Swer34566676', 'swee45678uyt', NULL, NULL, NULL, '2025-07-29 14:20:09', '2025-07-29 14:21:12');

-- --------------------------------------------------------

--
-- Table structure for table `site_infos`
--

CREATE TABLE `site_infos` (
  `id` bigint(20) UNSIGNED NOT NULL,
  `site_name` varchar(255) NOT NULL DEFAULT 'MicroWeb Technology',
  `tagline` varchar(255) DEFAULT NULL,
  `meta_tags` text DEFAULT NULL,
  `meta_description` text DEFAULT NULL,
  `site_image` varchar(255) DEFAULT NULL,
  `copyright_info` varchar(255) DEFAULT NULL,
  `created_at` timestamp NULL DEFAULT NULL,
  `updated_at` timestamp NULL DEFAULT NULL
) ENGINE=InnoDB DEFAULT CHARSET=utf8mb4 COLLATE=utf8mb4_unicode_ci;

--
-- Dumping data for table `site_infos`
--

INSERT INTO `site_infos` (`id`, `site_name`, `tagline`, `meta_tags`, `meta_description`, `site_image`, `copyright_info`, `created_at`, `updated_at`) VALUES
(1, 'Abs News', 'you will get all informations', 'health, wealth, news, bangla news, bangladeshi news,', 'here is meta description', 'logos/KdQ353p8OpD82QJm1MImLiNm59Mv15sDfHMNhlbQ.png', '© 2025, MicroWeb Technology all rights reserved!', '2025-07-29 12:41:58', '2025-07-29 13:29:13');

-- --------------------------------------------------------

--
-- Table structure for table `site_settings`
--

CREATE TABLE `site_settings` (
  `id` bigint(20) UNSIGNED NOT NULL,
  `header_logo` varchar(255) DEFAULT NULL,
  `footer_logo` varchar(255) DEFAULT NULL,
  `favicon` varchar(255) DEFAULT NULL,
  `created_at` timestamp NULL DEFAULT NULL,
  `updated_at` timestamp NULL DEFAULT NULL
) ENGINE=InnoDB DEFAULT CHARSET=utf8mb4 COLLATE=utf8mb4_unicode_ci;

--
-- Dumping data for table `site_settings`
--

INSERT INTO `site_settings` (`id`, `header_logo`, `footer_logo`, `favicon`, `created_at`, `updated_at`) VALUES
(1, 'logos/nOHYGO6eqjHKnC0hH58udCvWT20rffKIbYGaPCpj.png', 'logos/AtrNifBpuQ6w13fzs9Nv25b33hMtTS7iBWWaVK8Q.png', 'logos/yaMpVRXlogTBZSZdLmJADUyD7riD7ikZnDKBWUIW.png', '2025-07-29 10:21:12', '2025-07-29 11:12:04');

-- --------------------------------------------------------

--
-- Table structure for table `social_connections`
--

CREATE TABLE `social_connections` (
  `id` bigint(20) UNSIGNED NOT NULL,
  `facebook` varchar(255) DEFAULT NULL,
  `twitter` varchar(255) DEFAULT NULL,
  `pinterest` varchar(255) DEFAULT NULL,
  `tiktok` varchar(255) DEFAULT NULL,
  `instagram` varchar(255) DEFAULT NULL,
  `youtube` varchar(255) DEFAULT NULL,
  `created_at` timestamp NULL DEFAULT NULL,
  `updated_at` timestamp NULL DEFAULT NULL
) ENGINE=InnoDB DEFAULT CHARSET=utf8mb4 COLLATE=utf8mb4_unicode_ci;

--
-- Dumping data for table `social_connections`
--

INSERT INTO `social_connections` (`id`, `facebook`, `twitter`, `pinterest`, `tiktok`, `instagram`, `youtube`, `created_at`, `updated_at`) VALUES
(1, 'https://www.facebook.com/dailyamardesh', NULL, NULL, NULL, NULL, NULL, '2025-07-29 14:42:13', '2025-07-29 14:42:13');

-- --------------------------------------------------------

--
-- Table structure for table `subcategory_news_post`
--

CREATE TABLE `subcategory_news_post` (
  `news_post_id` bigint(20) UNSIGNED NOT NULL,
  `subcategory_id` bigint(20) UNSIGNED NOT NULL
) ENGINE=InnoDB DEFAULT CHARSET=utf8mb4 COLLATE=utf8mb4_unicode_ci;

--
-- Dumping data for table `subcategory_news_post`
--

INSERT INTO `subcategory_news_post` (`news_post_id`, `subcategory_id`) VALUES
(11, 5),
(13, 5),
(24, 8),
(89, 16),
(90, 9),
(91, 12),
(92, 9),
(93, 9),
(94, 16),
(95, 10),
(96, 9),
(97, 12),
(98, 16),
(99, 12),
(100, 9);

-- --------------------------------------------------------

--
-- Table structure for table `sub_categories`
--

CREATE TABLE `sub_categories` (
  `id` bigint(20) UNSIGNED NOT NULL,
  `category_id` bigint(20) UNSIGNED NOT NULL,
  `name` varchar(255) NOT NULL,
  `slug` varchar(255) DEFAULT NULL,
  `created_at` timestamp NULL DEFAULT NULL,
  `updated_at` timestamp NULL DEFAULT NULL
) ENGINE=InnoDB DEFAULT CHARSET=utf8mb4 COLLATE=utf8mb4_unicode_ci;

--
-- Dumping data for table `sub_categories`
--

INSERT INTO `sub_categories` (`id`, `category_id`, `name`, `slug`, `created_at`, `updated_at`) VALUES
(5, 4, 'জাতিসংঘ', 'united-nations', '2025-07-16 08:30:34', '2025-07-22 09:31:28'),
(8, 4, 'বিশ্ব রাজনীতি', 'world-politics', '2025-07-20 11:31:09', '2025-07-22 09:31:07'),
(9, 8, 'বিএনপি', 'bnp', '2025-07-21 09:02:31', '2025-07-22 09:30:58'),
(10, 8, 'জামায়াত', 'jamat', '2025-07-21 09:02:43', '2025-07-22 09:30:54'),
(11, 8, 'আওয়ামী লীগ', 'awami-league', '2025-07-21 09:02:53', '2025-07-22 09:29:34'),
(12, 8, 'অন্যান্য দল', 'other-parties', '2025-07-21 09:03:15', '2025-07-22 09:29:23'),
(13, 7, 'অপরাধ', ' crime', '2025-07-21 09:04:44', '2025-07-22 09:29:07'),
(14, 7, 'দুর্নীতি', ' corruption', '2025-07-21 09:04:56', '2025-07-22 09:28:52'),
(16, 8, 'এনসিপি', 'ncp', '2025-07-27 06:52:56', '2025-07-27 06:52:56'),
(17, 7, 'আইন-বিচার', 'law-justice', '2025-07-28 06:03:54', '2025-07-28 06:04:21');

-- --------------------------------------------------------

--
-- Table structure for table `tags`
--

CREATE TABLE `tags` (
  `id` bigint(20) UNSIGNED NOT NULL,
  `name` varchar(255) NOT NULL,
  `slug` varchar(255) DEFAULT NULL,
  `created_at` timestamp NULL DEFAULT NULL,
  `updated_at` timestamp NULL DEFAULT NULL
) ENGINE=InnoDB DEFAULT CHARSET=utf8mb4 COLLATE=utf8mb4_unicode_ci;

--
-- Dumping data for table `tags`
--

INSERT INTO `tags` (`id`, `name`, `slug`, `created_at`, `updated_at`) VALUES
(1, 'khaleda', NULL, '2025-07-15 08:19:11', '2025-07-15 08:19:11'),
(2, 'zia', NULL, '2025-07-15 08:19:13', '2025-07-15 08:19:13'),
(8, 'tumi', NULL, '2025-07-16 00:28:18', '2025-07-16 00:28:18'),
(9, 'hasina', NULL, '2025-07-16 03:01:26', '2025-07-16 03:01:26'),
(10, 'election', 'election', '2025-07-17 06:16:28', '2025-07-22 10:27:54'),
(11, 'mohiuddin', 'mohiuddin', '2025-07-22 10:28:10', '2025-07-22 10:28:10'),
(12, 'police', 'police', '2025-07-26 08:28:45', '2025-07-26 08:28:45'),
(13, 'bangladesh police', 'bangladesh-police', '2025-07-26 08:28:52', '2025-07-26 08:28:52'),
(14, 'bnp', 'bnp', '2025-07-28 09:23:46', '2025-07-28 09:23:46'),
(15, 'mirza fakhrul islam', 'mirza-fakhrul-islam', '2025-07-28 09:23:55', '2025-07-28 09:23:55'),
(16, 'politics', 'politics', '2025-07-28 09:24:00', '2025-07-28 09:24:00');

-- --------------------------------------------------------

--
-- Table structure for table `upazilas`
--

CREATE TABLE `upazilas` (
  `id` bigint(20) UNSIGNED NOT NULL,
  `district_id` bigint(20) UNSIGNED NOT NULL,
  `name` varchar(255) NOT NULL,
  `slug` varchar(255) DEFAULT NULL,
  `created_at` timestamp NULL DEFAULT NULL,
  `updated_at` timestamp NULL DEFAULT NULL
) ENGINE=InnoDB DEFAULT CHARSET=utf8mb4 COLLATE=utf8mb4_unicode_ci;

--
-- Dumping data for table `upazilas`
--

INSERT INTO `upazilas` (`id`, `district_id`, `name`, `slug`, `created_at`, `updated_at`) VALUES
(1, 2, 'বরুড়া', 'brura', '2025-07-15 08:18:56', '2025-07-22 11:00:48'),
(2, 2, 'দেবিদ্বার', 'debidbar', '2025-07-15 08:19:05', '2025-07-22 11:00:48'),
(4, 2, 'ব্রাহ্মণপাড়া', 'brahmnpara', '2025-07-21 09:57:52', '2025-07-22 11:00:48'),
(5, 2, 'চান্দিনা', 'chandina', '2025-07-21 09:58:01', '2025-07-22 11:00:48'),
(6, 2, 'চৌদ্দগ্রাম', 'chouddgram', '2025-07-21 09:58:09', '2025-07-22 11:00:48'),
(7, 2, 'দাউদকান্দি', 'daudkandi', '2025-07-21 09:58:18', '2025-07-22 11:00:48'),
(8, 2, 'হোমনা', 'homna', '2025-07-21 09:58:25', '2025-07-22 11:00:48'),
(9, 2, 'লাকসাম', 'laksam', '2025-07-21 09:58:32', '2025-07-22 11:00:48'),
(10, 2, 'মুরাদনগর', 'muradngr', '2025-07-21 09:58:40', '2025-07-22 11:00:48'),
(11, 2, 'নাঙ্গলকোট', 'nangglkot', '2025-07-21 09:58:46', '2025-07-22 11:00:48'),
(12, 2, 'কুমিল্লা সদর', 'kumilla-sdr', '2025-07-21 09:58:56', '2025-07-22 11:00:48'),
(13, 2, 'মেঘনা', 'meghna', '2025-07-21 09:59:04', '2025-07-22 11:00:48'),
(14, 2, 'মনোহরগঞ্জ', 'mnohrgnj', '2025-07-21 09:59:12', '2025-07-22 11:00:48'),
(15, 2, 'সদর দক্ষিণ', 'sdr-dkshin', '2025-07-21 09:59:21', '2025-07-22 11:00:48'),
(16, 2, 'তিতাস', 'titas', '2025-07-21 09:59:28', '2025-07-22 11:00:48'),
(17, 2, 'বুড়িচং', 'burichng', '2025-07-21 09:59:37', '2025-07-22 11:00:48'),
(18, 2, 'লালমাই', 'lalmai', '2025-07-21 09:59:45', '2025-07-22 11:00:48'),
(19, 4, 'ছাগলনাইয়া উপজেলা', 'chhaglnaiya-upjela', '2025-07-21 09:59:59', '2025-07-22 11:04:16'),
(20, 4, 'ফেনী সদর', 'fenee-sdr', '2025-07-21 10:00:08', '2025-07-22 11:00:48'),
(21, 4, 'সোনাগাজী উপজেলা', 'sonagajee-upjela', '2025-07-21 10:00:17', '2025-07-22 11:00:48'),
(22, 4, 'ফুলগাজী উপজেলা', 'fulgajee-upjela', '2025-07-21 10:00:28', '2025-07-22 11:00:48'),
(23, 4, 'পরশুরাম', 'prshuram', '2025-07-21 10:00:36', '2025-07-22 11:00:48'),
(24, 4, 'দাগনভূঞা', 'dagnbhoona', '2025-07-21 10:00:46', '2025-07-22 11:00:48'),
(25, 5, 'ব্রাহ্মণবাড়িয়া সদর', 'brahmnbariya-sdr', '2025-07-21 10:01:03', '2025-07-22 11:04:16'),
(26, 5, 'কসবা', 'ksba', '2025-07-21 10:01:11', '2025-07-22 11:00:48'),
(27, 5, 'নাসিরনগর', 'nasirngr', '2025-07-21 10:01:19', '2025-07-22 11:00:48'),
(28, 5, 'সরাইল উপজেলা', 'srail-upjela', '2025-07-21 10:01:28', '2025-07-22 11:00:48'),
(29, 5, 'আশুগঞ্জ', 'ashugnj', '2025-07-21 10:01:36', '2025-07-22 11:00:48'),
(30, 5, 'আখাউড়া', 'akhaura', '2025-07-21 10:01:46', '2025-07-22 11:04:16'),
(31, 5, 'নবীনগর', 'nbeengr', '2025-07-21 10:01:54', '2025-07-22 11:00:49'),
(32, 5, 'বাঞ্ছারামপুর', 'banchharampur', '2025-07-21 10:02:01', '2025-07-22 11:00:49'),
(33, 5, 'বিজয়নগর', 'bijyngr', '2025-07-21 10:02:08', '2025-07-22 11:04:16'),
(34, 6, 'রাঙ্গামাটি সদর', 'ranggamati-sdr', '2025-07-21 10:03:21', '2025-07-22 11:00:49'),
(35, 6, 'কাপ্তাই', 'kaptai', '2025-07-21 10:03:31', '2025-07-22 11:00:49'),
(36, 6, 'কাউখালী', 'kaukhalee', '2025-07-21 10:03:39', '2025-07-22 11:00:49'),
(37, 6, 'বাঘাইছড়ি', 'baghaichhri', '2025-07-21 10:03:46', '2025-07-22 11:04:16'),
(38, 6, 'বরকল', 'brkl', '2025-07-21 10:03:56', '2025-07-22 11:00:49'),
(39, 6, 'লংগদু', 'lnggdu', '2025-07-21 10:04:04', '2025-07-22 11:00:49'),
(40, 6, 'রাজস্থলী', 'rajsthlee', '2025-07-21 10:04:11', '2025-07-22 11:00:49'),
(41, 6, 'বিলাইছড়ি', 'bilaichhri', '2025-07-21 10:04:19', '2025-07-22 11:04:16'),
(42, 6, 'জুরাছড়ি', 'jurachhri', '2025-07-21 10:04:28', '2025-07-22 11:04:16'),
(43, 6, 'নানিয়ারচর', 'naniyarchr', '2025-07-21 10:04:35', '2025-07-22 11:04:16'),
(44, 7, 'কোম্পানীগঞ্জ', 'kompaneegnj', '2025-07-21 10:04:57', '2025-07-22 11:00:49'),
(45, 7, 'বেগমগঞ্জ', 'begmgnj', '2025-07-21 10:05:04', '2025-07-22 11:00:49'),
(46, 7, 'হাতিয়া', 'hatiya', '2025-07-21 10:05:11', '2025-07-22 11:00:49'),
(47, 7, 'সুবর্ণচর', 'subrnchr', '2025-07-21 10:05:18', '2025-07-22 11:00:49'),
(48, 7, 'কবিরহাট', 'kbirhat', '2025-07-21 10:05:25', '2025-07-22 11:00:49'),
(49, 7, 'সেনবাগ', 'senbag', '2025-07-21 10:05:33', '2025-07-22 11:00:49'),
(50, 7, 'চাটখিল', 'chatkhil', '2025-07-21 10:05:40', '2025-07-22 11:00:49'),
(51, 7, 'সোনাইমুড়ী', 'sonaimuree', '2025-07-21 10:05:47', '2025-07-22 11:00:49'),
(52, 8, 'হাইমচর', 'haimchr', '2025-07-21 10:06:00', '2025-07-22 11:00:49'),
(53, 8, 'কচুয়া', 'kchuya', '2025-07-21 10:06:07', '2025-07-22 11:00:49'),
(54, 8, 'শাহরাস্তি', 'shahrasti', '2025-07-21 10:06:14', '2025-07-22 11:00:49'),
(55, 8, 'চাঁদপুর সদর', 'chandpur-sdr', '2025-07-21 10:06:23', '2025-07-22 11:00:49'),
(56, 8, 'মতলব', 'mtlb', '2025-07-21 10:06:33', '2025-07-22 11:00:49'),
(57, 8, 'হাজীগঞ্জ', 'hajeegnj', '2025-07-21 10:06:42', '2025-07-22 11:00:49'),
(58, 8, 'ফরিদগঞ্জ', 'fridgnj', '2025-07-21 10:06:58', '2025-07-22 11:00:49'),
(59, 9, 'লক্ষ্মীপুর সদর', 'lkshmeepur-sdr', '2025-07-21 10:07:13', '2025-07-22 11:00:49'),
(60, 9, 'কমলনগর', 'kmlngr', '2025-07-21 10:07:21', '2025-07-22 11:00:49'),
(61, 9, 'রায়পুর', 'raypur', '2025-07-21 10:07:28', '2025-07-22 11:04:16'),
(62, 9, 'রামগতি', 'ramgti', '2025-07-21 10:07:37', '2025-07-22 11:00:49'),
(63, 9, 'রামগঞ্জ', 'ramgnj', '2025-07-21 10:07:47', '2025-07-22 11:00:49'),
(64, 10, 'রাঙ্গুনিয়া', 'rangguniya', '2025-07-21 10:08:09', '2025-07-22 11:04:16'),
(65, 10, 'সীতাকুন্ড উপজেলা', 'seetakund-upjela', '2025-07-21 10:08:21', '2025-07-22 11:00:49'),
(66, 10, 'মীরসরাই', 'meersrai', '2025-07-21 10:08:30', '2025-07-22 11:00:49'),
(67, 10, 'পটিয়া', 'ptiya', '2025-07-21 10:08:42', '2025-07-22 11:04:16'),
(68, 10, 'সন্দ্বীপ', 'sndbeep', '2025-07-21 10:08:52', '2025-07-22 11:00:49'),
(69, 10, 'বাঁশখালী', 'banshkhalee', '2025-07-21 10:09:01', '2025-07-22 11:00:49'),
(70, 10, 'বোয়ালখালী', 'boyalkhalee', '2025-07-21 10:09:09', '2025-07-22 11:04:16'),
(71, 10, 'আনোয়ারা', 'anoyara', '2025-07-21 10:09:19', '2025-07-22 11:00:49'),
(72, 10, 'চন্দনাইশ', 'chndnaish', '2025-07-21 10:09:31', '2025-07-22 11:00:49'),
(73, 10, 'সাতকানিয়া', 'satkaniya', '2025-07-21 10:11:09', '2025-07-22 11:04:16'),
(74, 10, 'লোহাগাড়া', 'lohagara', '2025-07-21 10:11:18', '2025-07-22 11:04:16'),
(75, 10, 'হাটহাজারী', 'hathajaree', '2025-07-21 10:11:36', '2025-07-22 11:00:49'),
(76, 10, 'ফটিকছড়ি', 'ftikchhri', '2025-07-21 10:11:51', '2025-07-22 11:04:16'),
(77, 10, 'রাউজান', 'raujan', '2025-07-21 10:12:13', '2025-07-22 11:00:49'),
(78, 10, 'কর্ণফুলী', 'krnfulee', '2025-07-21 10:12:21', '2025-07-22 11:00:49'),
(79, 11, 'কক্সবাজার সদর', 'kksbajar-sdr', '2025-07-21 10:17:55', '2025-07-22 11:00:49'),
(80, 11, 'চকরিয়া', 'chkriya', '2025-07-21 10:17:55', '2025-07-22 11:04:16'),
(81, 11, 'কুতুবদিয়া', 'kutubdiya', '2025-07-21 10:17:55', '2025-07-22 11:04:16'),
(82, 11, 'উখিয়া', 'ukhiya', '2025-07-21 10:17:55', '2025-07-22 11:04:16'),
(83, 11, 'মহেশখালী', 'mheshkhalee', '2025-07-21 10:17:55', '2025-07-22 11:00:49'),
(84, 11, 'পেকুয়া', 'pekuya', '2025-07-21 10:17:55', '2025-07-22 11:04:16'),
(85, 11, 'রামু', 'ramu', '2025-07-21 10:17:55', '2025-07-22 11:00:49'),
(86, 11, 'টেকনাফ', 'teknaf', '2025-07-21 10:17:55', '2025-07-22 11:00:49'),
(87, 12, 'খাগড়াছড়ি সদর', 'khagrachhri-sdr', '2025-07-21 10:21:19', '2025-07-22 11:00:49'),
(88, 12, 'দিঘীনালা', 'digheenala', '2025-07-21 10:21:19', '2025-07-22 11:00:49'),
(89, 12, 'পানছড়ি', 'panchhri', '2025-07-21 10:21:19', '2025-07-22 11:00:49'),
(90, 12, 'লক্ষীছড়ি', 'lksheechhri', '2025-07-21 10:21:19', '2025-07-22 11:00:49'),
(91, 12, 'মহালছড়ি', 'mhalchhri', '2025-07-21 10:21:19', '2025-07-22 11:00:49'),
(92, 12, 'মানিকছড়ি', 'manikchhri', '2025-07-21 10:21:19', '2025-07-22 11:00:49'),
(93, 12, 'রামগড়', 'ramgr', '2025-07-21 10:21:19', '2025-07-22 11:00:49'),
(94, 12, 'মাটিরাঙ্গা', 'matirangga', '2025-07-21 10:21:19', '2025-07-22 11:00:49'),
(95, 12, 'গুইমারা', 'guimara', '2025-07-21 10:21:19', '2025-07-22 11:00:49'),
(96, 13, 'বান্দরবান সদর', 'bandrban-sdr', '2025-07-21 10:21:59', '2025-07-22 11:00:49'),
(97, 13, 'আলীকদম', 'aleekdm', '2025-07-21 10:21:59', '2025-07-22 11:00:49'),
(98, 13, 'নাইক্ষ্যংছড়ি', 'naikshzngchhri', '2025-07-21 10:21:59', '2025-07-22 11:04:16'),
(99, 13, 'রোয়াংছড়ি', 'royangchhri', '2025-07-21 10:21:59', '2025-07-22 11:04:16'),
(100, 13, 'লামা', 'lama', '2025-07-21 10:21:59', '2025-07-22 11:00:49'),
(101, 13, 'রুমা', 'ruma', '2025-07-21 10:21:59', '2025-07-22 11:00:49'),
(102, 13, 'থানচি', 'thanchi', '2025-07-21 10:21:59', '2025-07-22 11:00:49'),
(103, 14, 'বেলাবো', 'belabo', '2025-07-21 10:22:56', '2025-07-22 11:00:49'),
(104, 14, 'মনোহরদী', 'mnohrdee', '2025-07-21 10:22:56', '2025-07-22 11:00:49'),
(105, 14, 'নরসিংদী', 'nrsingdee', '2025-07-21 10:22:56', '2025-07-22 11:00:49'),
(106, 14, 'পলাশ', 'plash', '2025-07-21 10:22:56', '2025-07-22 11:00:49'),
(107, 14, 'রায়পুরা', 'raypura', '2025-07-21 10:22:56', '2025-07-22 11:00:49'),
(108, 14, 'শিবপুর', 'shibpur', '2025-07-21 10:22:56', '2025-07-22 11:00:49'),
(109, 15, 'কালীগঞ্জ', 'kaleegnj', '2025-07-21 10:23:31', '2025-07-22 11:00:49'),
(110, 15, 'কালিয়াকৈর', 'kaliyakoir', '2025-07-21 10:23:31', '2025-07-22 11:04:16'),
(111, 15, 'কাপাসিয়া', 'kapasiya', '2025-07-21 10:23:31', '2025-07-22 11:04:16'),
(112, 15, 'গাজীপুর সদর', 'gajeepur-sdr', '2025-07-21 10:23:31', '2025-07-22 11:00:49'),
(113, 15, 'শ্রীপুর', 'shreepur', '2025-07-21 10:23:31', '2025-07-22 11:00:49'),
(114, 16, 'শরিয়তপুর সদর', 'shriytpur-sdr', '2025-07-21 10:24:02', '2025-07-22 11:04:16'),
(115, 16, 'নড়িয়া', 'nriya', '2025-07-21 10:24:02', '2025-07-22 11:04:16'),
(116, 16, 'জাজিরা', 'jajira', '2025-07-21 10:24:02', '2025-07-22 11:00:49'),
(117, 16, 'গোসাইরহাট', 'gosairhat', '2025-07-21 10:24:02', '2025-07-22 11:00:49'),
(118, 16, 'ভেদরগঞ্জ', 'bhedrgnj', '2025-07-21 10:24:02', '2025-07-22 11:00:49'),
(119, 16, 'ডামুড্যা', 'damudza', '2025-07-21 10:24:02', '2025-07-22 11:00:49'),
(120, 17, 'আড়াইহাজার উপজেলা', 'araihajar-upjela', '2025-07-21 10:28:37', '2025-07-22 11:00:49'),
(121, 17, 'বন্দর উপজেলা', 'bndr-upjela', '2025-07-21 10:28:37', '2025-07-22 11:00:49'),
(122, 17, 'নারায়নগঞ্জ সদর', 'narayngnj-sdr', '2025-07-21 10:28:37', '2025-07-22 11:04:16'),
(123, 17, 'রূপগঞ্জ উপজেলা', 'roopgnj-upjela', '2025-07-21 10:28:37', '2025-07-22 11:00:49'),
(124, 17, 'সোনারগাঁ উপজেলা', 'sonargan-upjela', '2025-07-21 10:28:37', '2025-07-22 11:00:49'),
(125, 18, 'বাসাইল', 'basail', '2025-07-21 10:29:18', '2025-07-22 11:00:49'),
(126, 18, 'ভুয়াপুর', 'bhuyapur', '2025-07-21 10:29:18', '2025-07-22 11:00:49'),
(127, 18, 'দেলদুয়ার', 'delduyar', '2025-07-21 10:29:18', '2025-07-22 11:00:49'),
(128, 18, 'ঘাটাইল', 'ghatail', '2025-07-21 10:29:18', '2025-07-22 11:00:49'),
(129, 18, 'গোপালপুর', 'gopalpur', '2025-07-21 10:29:18', '2025-07-22 11:00:49'),
(130, 18, 'মধুপুর', 'mdhupur', '2025-07-21 10:29:18', '2025-07-22 11:00:49'),
(131, 18, 'মির্জাপুর', 'mirjapur', '2025-07-21 10:29:18', '2025-07-22 11:00:49'),
(132, 18, 'নাগরপুর', 'nagrpur', '2025-07-21 10:29:18', '2025-07-22 11:00:49'),
(133, 18, 'সখিপুর', 'skhipur', '2025-07-21 10:29:18', '2025-07-22 11:00:49'),
(134, 18, 'টাঙ্গাইল সদর', 'tanggail-sdr', '2025-07-21 10:29:18', '2025-07-22 11:00:49'),
(135, 18, 'কালিহাতী', 'kalihatee', '2025-07-21 10:29:18', '2025-07-22 11:00:49'),
(136, 18, 'ধনবাড়ী', 'dhnbaree', '2025-07-21 10:29:18', '2025-07-22 11:04:16'),
(137, 19, 'ইটনা', 'itna', '2025-07-21 10:29:56', '2025-07-22 11:00:49'),
(138, 19, 'কটিয়াদী', 'ktiyadee', '2025-07-21 10:29:56', '2025-07-22 11:04:16'),
(139, 19, 'ভৈরব', 'bhoirb', '2025-07-21 10:29:56', '2025-07-22 11:00:49'),
(140, 19, 'তাড়াইল', 'tarail', '2025-07-21 10:29:56', '2025-07-22 11:04:16'),
(141, 19, 'হোসেনপুর', 'hosenpur', '2025-07-21 10:29:56', '2025-07-22 11:00:49'),
(142, 19, 'পাকুন্দিয়া', 'pakundiya', '2025-07-21 10:29:56', '2025-07-22 11:04:16'),
(143, 19, 'কুলিয়ারচর', 'kuliyarchr', '2025-07-21 10:29:56', '2025-07-22 11:04:16'),
(144, 19, 'কিশোরগঞ্জ সদর', 'kishorgnj-sdr', '2025-07-21 10:29:56', '2025-07-22 11:00:49'),
(145, 19, 'করিমগঞ্জ', 'krimgnj', '2025-07-21 10:29:56', '2025-07-22 11:00:49'),
(146, 19, 'বাজিতপুর', 'bajitpur', '2025-07-21 10:29:56', '2025-07-22 11:00:49'),
(147, 19, 'অষ্টগ্রাম', 'oshtgram', '2025-07-21 10:29:56', '2025-07-22 11:00:49'),
(148, 19, 'মিঠামইন', 'mithamin', '2025-07-21 10:29:56', '2025-07-22 11:00:49'),
(149, 19, 'নিকলী', 'niklee', '2025-07-21 10:29:56', '2025-07-22 11:00:49'),
(150, 20, 'হরিরামপুর', 'hrirampur', '2025-07-21 10:30:25', '2025-07-22 11:00:49'),
(151, 20, 'সাটুরিয়া', 'saturiya', '2025-07-21 10:30:25', '2025-07-22 11:04:16'),
(152, 20, 'মানিকগঞ্জ সদর', 'manikgnj-sdr', '2025-07-21 10:30:25', '2025-07-22 11:00:49'),
(153, 20, 'ঘিওর', 'ghior', '2025-07-21 10:30:25', '2025-07-22 11:00:49'),
(154, 20, 'শিবালয়', 'shibaly', '2025-07-21 10:30:25', '2025-07-22 11:04:16'),
(155, 20, 'দৌলতপুর', 'doultpur', '2025-07-21 10:30:25', '2025-07-22 11:00:49'),
(156, 20, 'সিংগাইর', 'singgair', '2025-07-21 10:30:25', '2025-07-22 11:00:49'),
(157, 66, 'ধামরাই', 'dhamrai', '2025-07-21 10:32:25', '2025-07-22 11:00:49'),
(158, 66, 'কেরাণীগঞ্জ', 'keraneegnj', '2025-07-21 10:32:25', '2025-07-22 11:00:49'),
(159, 66, 'নবাবগঞ্জ', 'nbabgnj', '2025-07-21 10:32:25', '2025-07-22 11:00:49'),
(160, 66, 'দোহার', 'dohar', '2025-07-21 10:32:25', '2025-07-22 11:00:49'),
(161, 21, 'মুন্সিগঞ্জ সদর', 'munsignj-sdr', '2025-07-21 10:32:56', '2025-07-22 11:00:49'),
(162, 21, 'শ্রীনগর', 'shreengr', '2025-07-21 10:32:56', '2025-07-22 11:00:49'),
(163, 21, 'সিরাজদিখান', 'sirajdikhan', '2025-07-21 10:32:56', '2025-07-22 11:00:49'),
(164, 21, 'লৌহজং', 'louhjng', '2025-07-21 10:32:56', '2025-07-22 11:00:49'),
(165, 21, 'গজারিয়া', 'gjariya', '2025-07-21 10:32:56', '2025-07-22 11:04:16'),
(166, 21, 'টংগীবাড়ি', 'tnggeebari', '2025-07-21 10:32:56', '2025-07-22 11:04:16'),
(167, 22, 'রাজবাড়ী সদর', 'rajbaree-sdr', '2025-07-21 10:33:18', '2025-07-22 11:00:49'),
(168, 22, 'গোয়ালন্দ', 'goyalnd', '2025-07-21 10:33:18', '2025-07-22 11:00:49'),
(169, 22, 'পাংশা', 'pangsha', '2025-07-21 10:33:18', '2025-07-22 11:00:49'),
(170, 22, 'বালিয়াকান্দি', 'baliyakandi', '2025-07-21 10:33:18', '2025-07-22 11:00:49'),
(171, 22, 'কালুখালী', 'kalukhalee', '2025-07-21 10:33:18', '2025-07-22 11:00:49'),
(172, 23, 'মাদারীপুর সদর', 'madareepur-sdr', '2025-07-21 10:33:46', '2025-07-22 11:00:49'),
(173, 23, 'শিবচর', 'shibchr', '2025-07-21 10:33:46', '2025-07-22 11:00:49'),
(174, 23, 'কালকিনি', 'kalkini', '2025-07-21 10:33:46', '2025-07-22 11:00:49'),
(175, 23, 'রাজৈর', 'rajoir', '2025-07-21 10:33:46', '2025-07-22 11:00:49'),
(176, 23, 'ডাসার', 'dasar', '2025-07-21 10:33:46', '2025-07-22 11:00:49'),
(177, 24, 'গোপালগঞ্জ সদর', 'gopalgnj-sdr', '2025-07-21 10:34:20', '2025-07-22 11:00:49'),
(178, 24, 'কাশিয়ানী', 'kashiyanee', '2025-07-21 10:34:20', '2025-07-22 11:00:49'),
(179, 24, 'টুংগীপাড়া', 'tunggeepara', '2025-07-21 10:34:20', '2025-07-22 11:00:49'),
(180, 24, 'কোটালীপাড়া', 'kotaleepara', '2025-07-21 10:34:20', '2025-07-22 11:00:49'),
(181, 24, 'মুকসুদপুর', 'muksudpur', '2025-07-21 10:34:20', '2025-07-22 11:00:49'),
(182, 25, 'ফরিদপুর সদর', 'fridpur-sdr', '2025-07-21 10:34:52', '2025-07-22 11:00:49'),
(183, 25, 'আলফাডাঙ্গা', 'alfadangga', '2025-07-21 10:34:52', '2025-07-22 11:00:49'),
(184, 25, 'বোয়ালমারী', 'boyalmaree', '2025-07-21 10:34:52', '2025-07-22 11:04:16'),
(185, 25, 'সদরপুর', 'sdrpur', '2025-07-21 10:34:52', '2025-07-22 11:00:49'),
(186, 25, 'নগরকান্দা', 'ngrkanda', '2025-07-21 10:34:52', '2025-07-22 11:00:49'),
(187, 25, 'ভাঙ্গা', 'bhangga', '2025-07-21 10:34:52', '2025-07-22 11:00:49'),
(188, 25, 'চরভদ্রাসন', 'chrbhdrasn', '2025-07-21 10:34:52', '2025-07-22 11:00:49'),
(189, 25, 'মধুখালী', 'mdhukhalee', '2025-07-21 10:34:52', '2025-07-22 11:00:49'),
(190, 25, 'সালথা', 'saltha', '2025-07-21 10:34:52', '2025-07-22 11:00:49'),
(191, 26, 'পবা উপজেলা', 'pba-upjela', '2025-07-21 10:35:47', '2025-07-22 11:00:49'),
(192, 26, 'দুর্গাপুর উপজেলা', 'durgapur-upjela', '2025-07-21 10:35:47', '2025-07-22 11:00:49'),
(193, 26, 'মোহনপুর উপজেলা', 'mohnpur-upjela', '2025-07-21 10:35:47', '2025-07-22 11:00:49'),
(194, 26, 'চারঘাট উপজেলা', 'charghat-upjela', '2025-07-21 10:35:47', '2025-07-22 11:00:49'),
(195, 26, 'পুঠিয়া উপজেলা', 'puthiya-upjela', '2025-07-21 10:35:47', '2025-07-22 11:00:49'),
(196, 26, 'বাঘা উপজেলা', 'bagha-upjela', '2025-07-21 10:35:47', '2025-07-22 11:00:49'),
(197, 26, 'গোদাগাড়ী উপজেলা', 'godagaree-upjela', '2025-07-21 10:35:47', '2025-07-22 11:00:49'),
(198, 26, 'তানোর উপজেলা', 'tanor-upjela', '2025-07-21 10:35:47', '2025-07-22 11:00:49'),
(199, 26, 'বাগমারা উপজেলা', 'bagmara-upjela', '2025-07-21 10:35:47', '2025-07-22 11:00:49'),
(200, 27, 'বেলকুচি', 'belkuchi', '2025-07-21 10:36:13', '2025-07-22 11:00:49'),
(201, 27, 'চৌহালি', 'chouhali', '2025-07-21 10:36:13', '2025-07-22 11:00:49'),
(202, 27, 'কামারখন্দ', 'kamarkhnd', '2025-07-21 10:36:13', '2025-07-22 11:00:49'),
(203, 27, 'কাজীপুর', 'kajeepur', '2025-07-21 10:36:13', '2025-07-22 11:00:49'),
(204, 27, 'রায়গঞ্জ', 'raygnj', '2025-07-21 10:36:13', '2025-07-22 11:04:16'),
(205, 27, 'শাহজাদপুর', 'shahjadpur', '2025-07-21 10:36:13', '2025-07-22 11:00:49'),
(206, 27, 'সিরাজগঞ্জ', 'sirajgnj', '2025-07-21 10:36:13', '2025-07-22 11:00:49'),
(207, 27, 'তাড়াশ', 'tarash', '2025-07-21 10:36:13', '2025-07-22 11:04:16'),
(208, 27, 'উল্লাপাড়া', 'ullapara', '2025-07-21 10:36:13', '2025-07-22 11:04:16'),
(209, 28, 'সুজানগর', 'sujangr', '2025-07-21 10:36:38', '2025-07-22 11:00:49'),
(210, 28, 'ঈশ্বরদী', 'eeshbrdee', '2025-07-21 10:36:38', '2025-07-22 11:00:49'),
(211, 28, 'ভাঙ্গুড়া', 'bhanggura', '2025-07-21 10:36:38', '2025-07-22 11:04:16'),
(212, 28, 'পাবনা সদর', 'pabna-sdr', '2025-07-21 10:36:38', '2025-07-22 11:00:49'),
(213, 28, 'বেড়া', 'bera', '2025-07-21 10:36:38', '2025-07-22 11:04:16'),
(214, 28, 'আটঘরিয়া', 'atghriya', '2025-07-21 10:36:38', '2025-07-22 11:04:16'),
(215, 28, 'চাটমোহর', 'chatmohr', '2025-07-21 10:36:38', '2025-07-22 11:00:49'),
(216, 28, 'সাঁথিয়া', 'santhiya', '2025-07-21 10:36:38', '2025-07-22 11:04:16'),
(217, 28, 'ফরিদপুর', 'fridpur', '2025-07-21 10:36:38', '2025-07-22 11:00:49'),
(218, 29, 'কাহালু উপজেলা', 'kahalu-upjela', '2025-07-21 10:37:00', '2025-07-22 11:00:49'),
(219, 29, 'বগুড়া সদর', 'bgura-sdr', '2025-07-21 10:37:00', '2025-07-22 11:04:16'),
(220, 29, 'সারিয়াকান্দি', 'sariyakandi', '2025-07-21 10:37:00', '2025-07-22 11:04:16'),
(221, 29, 'শাজাহানপুর', 'shajahanpur', '2025-07-21 10:37:00', '2025-07-22 11:00:49'),
(222, 29, 'দুপচাচিঁয়া উপজেলা', 'dupchachinya-upjela', '2025-07-21 10:37:00', '2025-07-22 11:04:16'),
(223, 29, 'আদমদিঘি উপজেলা', 'admdighi-upjela', '2025-07-21 10:37:00', '2025-07-22 11:00:49'),
(224, 29, 'নন্দিগ্রাম', 'nndigram', '2025-07-21 10:37:00', '2025-07-22 11:00:49'),
(225, 29, 'সোনাতলা উপজেলা', 'sonatla-upjela', '2025-07-21 10:37:00', '2025-07-22 11:00:49'),
(226, 29, 'ধুনট উপজেলা', 'dhunt-upjela', '2025-07-21 10:37:00', '2025-07-22 11:00:49'),
(227, 29, 'গাবতলী', 'gabtlee', '2025-07-21 10:37:00', '2025-07-22 11:00:49'),
(228, 29, 'শেরপুর উপজেলা', 'sherpur-upjela', '2025-07-21 10:37:00', '2025-07-22 11:00:49'),
(229, 29, 'শিবগঞ্জ', 'shibgnj', '2025-07-21 10:37:00', '2025-07-22 11:00:49'),
(230, 30, 'নাটোর সদর', 'nator-sdr', '2025-07-21 10:39:13', '2025-07-22 11:00:49'),
(231, 30, 'সিংড়া', 'singra', '2025-07-21 10:39:13', '2025-07-22 11:00:49'),
(232, 30, 'বড়াইগ্রাম', 'braigram', '2025-07-21 10:39:13', '2025-07-22 11:00:49'),
(233, 30, 'বাগাতিপাড়া', 'bagatipara', '2025-07-21 10:39:13', '2025-07-22 11:00:49'),
(234, 30, 'লালপুর', 'lalpur', '2025-07-21 10:39:13', '2025-07-22 11:00:49'),
(235, 30, 'গুরুদাসপুর', 'gurudaspur', '2025-07-21 10:39:13', '2025-07-22 11:00:49'),
(236, 30, 'নলডাঙ্গা', 'nldangga', '2025-07-21 10:39:13', '2025-07-22 11:00:49'),
(237, 31, 'আক্কেলপুর উপজেলা', 'akkelpur-upjela', '2025-07-21 10:39:34', '2025-07-22 11:00:49'),
(238, 31, 'কালাই উপজেলা', 'kalai-upjela', '2025-07-21 10:39:34', '2025-07-22 11:00:49'),
(239, 31, 'ক্ষেতলাল উপজেলা', 'kshetlal-upjela', '2025-07-21 10:39:34', '2025-07-22 11:00:49'),
(240, 31, 'পাঁচবিবি উপজেলা', 'panchbibi-upjela', '2025-07-21 10:39:34', '2025-07-22 11:00:49'),
(241, 31, 'জয়পুরহাট সদর', 'jypurhat-sdr', '2025-07-21 10:39:34', '2025-07-22 11:04:16'),
(247, 32, 'চাঁপাইনবাবগঞ্জ সদর', 'chanpainbabgnj-sdr', '2025-07-21 10:41:11', '2025-07-22 11:00:49'),
(248, 32, 'গোমস্তাপুর', 'gomstapur', '2025-07-21 10:41:11', '2025-07-22 11:00:49'),
(249, 32, 'নাচোল', 'nachol', '2025-07-21 10:41:11', '2025-07-22 11:00:49'),
(250, 32, 'ভোলাহাট', 'bholahat', '2025-07-21 10:41:11', '2025-07-22 11:00:49'),
(251, 33, 'মহাদেবপুর উপজেলা', 'mhadebpur-upjela', '2025-07-21 10:42:09', '2025-07-22 11:00:49'),
(252, 33, 'বদলগাছী উপজেলা', 'bdlgachhee-upjela', '2025-07-21 10:42:09', '2025-07-22 11:00:49'),
(253, 33, 'পত্নিতলা উপজেলা', 'ptnitla-upjela', '2025-07-21 10:42:09', '2025-07-22 11:00:49'),
(254, 33, 'ধামইরহাট উপজেলা', 'dhamirhat-upjela', '2025-07-21 10:42:09', '2025-07-22 11:00:49'),
(255, 33, 'নিয়ামতপুর উপজেলা', 'niyamtpur-upjela', '2025-07-21 10:42:09', '2025-07-22 11:04:16'),
(256, 33, 'মান্দা উপজেলা', 'manda-upjela', '2025-07-21 10:42:09', '2025-07-22 11:00:49'),
(257, 33, 'আত্রাই উপজেলা', 'atrai-upjela', '2025-07-21 10:42:09', '2025-07-22 11:00:49'),
(258, 33, 'রাণীনগর উপজেলা', 'raneengr-upjela', '2025-07-21 10:42:09', '2025-07-22 11:00:49'),
(259, 33, 'নওগাঁ সদর', 'nogan-sdr', '2025-07-21 10:42:09', '2025-07-22 11:00:49'),
(260, 33, 'পোরশা উপজেলা', 'porsha-upjela', '2025-07-21 10:42:09', '2025-07-22 11:00:49'),
(261, 33, 'সাপাহার', 'sapahar', '2025-07-21 10:42:52', '2025-07-22 11:00:49'),
(262, 34, 'পাইকগাছা', 'paikgachha', '2025-07-21 10:44:04', '2025-07-22 11:00:49'),
(263, 34, 'ফুলতলা উপজেলা', 'fultla-upjela', '2025-07-21 10:44:04', '2025-07-22 11:00:49'),
(264, 34, 'দিঘলিয়া উপজেলা', 'dighliya-upjela', '2025-07-21 10:44:04', '2025-07-22 11:04:16'),
(265, 34, 'রূপসা উপজেলা', 'roopsa-upjela', '2025-07-21 10:44:04', '2025-07-22 11:00:49'),
(266, 34, 'তেরখাদা উপজেলা', 'terkhada-upjela', '2025-07-21 10:44:04', '2025-07-22 11:00:49'),
(267, 34, 'ডুমুরিয়া উপজেলা', 'dumuriya-upjela', '2025-07-21 10:44:04', '2025-07-22 11:04:16'),
(268, 34, 'বটিয়াঘাটা', 'btiyaghata', '2025-07-21 10:44:04', '2025-07-22 11:00:49'),
(269, 34, 'দাকোপ উপজেলা', 'dakop-upjela', '2025-07-21 10:44:04', '2025-07-22 11:00:49'),
(270, 34, 'কয়রা উপজেলা', 'kyra-upjela', '2025-07-21 10:44:04', '2025-07-22 11:04:16'),
(271, 35, 'মণিরামপুর', 'mnirampur', '2025-07-21 10:46:19', '2025-07-22 11:00:49'),
(272, 35, 'অভয়নগর', 'obhyngr', '2025-07-21 10:46:19', '2025-07-22 11:04:16'),
(273, 35, 'বাঘারপাড়া', 'bagharpara', '2025-07-21 10:46:19', '2025-07-22 11:04:16'),
(274, 35, 'চৌগাছা', 'chougachha', '2025-07-21 10:46:19', '2025-07-22 11:00:49'),
(275, 35, 'ঝিকরগাছা', 'jhikrgachha', '2025-07-21 10:46:19', '2025-07-22 11:00:49'),
(276, 35, 'কেশবপুর', 'keshbpur', '2025-07-21 10:46:19', '2025-07-22 11:00:49'),
(277, 35, 'যশোর সদর', 'zshor-sdr', '2025-07-21 10:46:19', '2025-07-22 11:00:49'),
(278, 35, 'শার্শা', 'sharsha', '2025-07-21 10:46:19', '2025-07-22 11:00:49'),
(279, 36, 'আশাশুনি', 'ashashuni', '2025-07-21 10:46:19', '2025-07-22 11:00:49'),
(280, 36, 'দেবহাটা', 'debhata', '2025-07-21 10:46:19', '2025-07-22 11:00:49'),
(281, 36, 'কলারোয়া', 'klaroya', '2025-07-21 10:46:19', '2025-07-22 11:04:16'),
(282, 36, 'সাতক্ষীরা সদর', 'satksheera-sdr', '2025-07-21 10:46:19', '2025-07-22 11:00:49'),
(283, 36, 'শ্যামনগর', 'shzamngr', '2025-07-21 10:46:19', '2025-07-22 11:00:49'),
(284, 36, 'তালা', 'tala', '2025-07-21 10:46:19', '2025-07-22 11:00:49'),
(285, 36, 'কালিগঞ্জ', 'kalignj', '2025-07-21 10:46:19', '2025-07-22 11:00:49'),
(286, 37, 'মুজিবনগর', 'mujibngr', '2025-07-21 10:46:19', '2025-07-22 11:00:49'),
(287, 37, 'মেহেরপুর সদর', 'meherpur-sdr', '2025-07-21 10:46:19', '2025-07-22 11:00:49'),
(288, 37, 'গাংনী', 'gangnee', '2025-07-21 10:46:19', '2025-07-22 11:00:49'),
(289, 38, 'নড়াইল সদর', 'nrail-sdr', '2025-07-21 10:46:19', '2025-07-22 11:04:16'),
(290, 38, 'লোহাগড়া', 'lohagra', '2025-07-21 10:46:19', '2025-07-22 11:04:16'),
(291, 38, 'কালিয়া', 'kaliya', '2025-07-21 10:46:19', '2025-07-22 11:04:16'),
(292, 39, 'চুয়াডাঙ্গা সদর', 'chuyadangga-sdr', '2025-07-21 10:46:19', '2025-07-22 11:00:49'),
(293, 39, 'আলমডাঙ্গা', 'almdangga', '2025-07-21 10:46:19', '2025-07-22 11:00:49'),
(294, 39, 'দামুড়হুদা', 'damurhuda', '2025-07-21 10:46:19', '2025-07-22 11:00:49'),
(295, 39, 'জীবননগর', 'jeebnngr', '2025-07-21 10:46:19', '2025-07-22 11:00:49'),
(354, 40, 'কুষ্টিয়া সদর', 'kushtiya-sdr', '2025-07-21 10:52:10', '2025-07-22 11:04:16'),
(355, 40, 'কুমারখালী', 'kumarkhalee', '2025-07-21 10:52:10', '2025-07-22 11:00:49'),
(356, 40, 'খোকসা', 'khoksa', '2025-07-21 10:52:10', '2025-07-22 11:00:49'),
(357, 40, 'মিরপুর', 'mirpur', '2025-07-21 10:52:10', '2025-07-22 11:00:49'),
(358, 40, 'ভেড়ামারা', 'bheramara', '2025-07-21 10:52:10', '2025-07-22 11:00:49'),
(363, 41, 'শালিখা', 'shalikha', '2025-07-21 10:52:39', '2025-07-22 11:00:49'),
(364, 41, 'মাগুরা সদর', 'magura-sdr', '2025-07-21 10:52:39', '2025-07-22 11:00:49'),
(365, 41, 'মহম্মদপুর', 'mhmmdpur', '2025-07-21 10:52:39', '2025-07-22 11:00:49'),
(366, 41, 'মাগুরা শ্রীপুর', 'magura-shreepur', '2025-07-21 10:53:13', '2025-07-22 11:00:49'),
(376, 42, 'ফকিরহাট', 'fkirhat', '2025-07-21 10:53:49', '2025-07-22 11:00:49'),
(377, 42, 'বাগেরহাট সদর', 'bagerhat-sdr', '2025-07-21 10:53:49', '2025-07-22 11:00:49'),
(378, 42, 'মোল্লাহাট', 'mollahat', '2025-07-21 10:53:49', '2025-07-22 11:00:49'),
(379, 42, 'শরণখোলা', 'shrnkhola', '2025-07-21 10:53:49', '2025-07-22 11:00:49'),
(380, 42, 'রামপাল', 'rampal', '2025-07-21 10:53:49', '2025-07-22 11:00:49'),
(381, 42, 'মোড়েলগঞ্জ', 'morelgnj', '2025-07-21 10:53:49', '2025-07-22 11:04:16'),
(382, 42, 'বাগেরহাট কচুয়া', 'bagerhat-kchuya', '2025-07-21 10:53:49', '2025-07-22 11:04:16'),
(383, 42, 'মোংলা', 'mongla', '2025-07-21 10:53:49', '2025-07-22 11:00:49'),
(384, 42, 'চিতলমারী', 'chitlmaree', '2025-07-21 10:53:49', '2025-07-22 11:00:49'),
(391, 43, 'ঝিনাইদহ সদর', 'jhinaidh-sdr', '2025-07-21 10:54:20', '2025-07-22 11:00:49'),
(392, 43, 'শৈলকুপা', 'shoilkupa', '2025-07-21 10:54:20', '2025-07-22 11:00:49'),
(393, 43, 'হরিণাকুন্ডু', 'hrinakundu', '2025-07-21 10:54:20', '2025-07-22 11:00:49'),
(394, 43, 'ঝিনাইদহ কালীগঞ্জ', 'jhinaidh-kaleegnj', '2025-07-21 10:54:20', '2025-07-22 11:00:49'),
(395, 43, 'কোটচাঁদপুর', 'kotchandpur', '2025-07-21 10:54:20', '2025-07-22 11:00:49'),
(396, 43, 'মহেশপুর', 'mheshpur', '2025-07-21 10:54:20', '2025-07-22 11:00:49'),
(410, 50, 'বালাগঞ্জ', 'balagnj', '2025-07-21 10:56:48', '2025-07-22 11:00:49'),
(411, 50, 'বিয়ানীবাজার', 'biyaneebajar', '2025-07-21 10:56:48', '2025-07-22 11:04:16'),
(412, 50, 'বিশ্বনাথ', 'bishbnath', '2025-07-21 10:56:48', '2025-07-22 11:00:49'),
(413, 50, 'সিলেট কোম্পানীগঞ্জ', 'silet-kompaneegnj', '2025-07-21 10:56:48', '2025-07-22 11:00:49'),
(414, 50, 'ফেঞ্চুগঞ্জ', 'fenchugnj', '2025-07-21 10:56:48', '2025-07-22 11:00:49'),
(415, 50, 'গোলাপগঞ্জ', 'golapgnj', '2025-07-21 10:56:48', '2025-07-22 11:00:49'),
(416, 50, 'গোয়াইনঘাট', 'goyainghat', '2025-07-21 10:56:48', '2025-07-22 11:04:16'),
(417, 50, 'জৈন্তাপুর', 'jointapur', '2025-07-21 10:56:48', '2025-07-22 11:00:49'),
(418, 50, 'কানাইঘাট', 'kanaighat', '2025-07-21 10:56:48', '2025-07-22 11:00:49'),
(419, 50, 'সিলেট সদর', 'silet-sdr', '2025-07-21 10:56:48', '2025-07-22 11:00:49'),
(420, 50, 'জকিগঞ্জ', 'jkignj', '2025-07-21 10:56:48', '2025-07-22 11:00:49'),
(421, 50, 'দক্ষিণ সুরমা', 'dkshin-surma', '2025-07-21 10:56:48', '2025-07-22 11:00:49'),
(422, 50, 'ওসমানী', 'osmanee', '2025-07-21 10:56:48', '2025-07-22 11:00:49'),
(423, 51, 'বড়লেখা', 'brlekha', '2025-07-21 10:56:48', '2025-07-22 11:04:16'),
(424, 51, 'কমলগঞ্জ', 'kmlgnj', '2025-07-21 10:56:48', '2025-07-22 11:00:49'),
(425, 51, 'কুলাউড়া', 'kulaura', '2025-07-21 10:56:48', '2025-07-22 11:04:16'),
(426, 51, 'মৌলভীবাজার সদর', 'moulbheebajar-sdr', '2025-07-21 10:56:48', '2025-07-22 11:00:49'),
(427, 51, 'রাজনগর', 'rajngr', '2025-07-21 10:56:48', '2025-07-22 11:00:49'),
(428, 51, 'শ্রীমঙ্গল', 'shreemnggl', '2025-07-21 10:56:48', '2025-07-22 11:00:49'),
(429, 51, 'জুড়ী', 'juree', '2025-07-21 10:56:48', '2025-07-22 11:04:16'),
(430, 52, 'নবীগঞ্জ', 'nbeegnj', '2025-07-21 10:56:48', '2025-07-22 11:00:49'),
(431, 52, 'বাহুবল', 'bahubl', '2025-07-21 10:56:48', '2025-07-22 11:00:49'),
(432, 52, 'আজমিরীগঞ্জ', 'ajmireegnj', '2025-07-21 10:56:48', '2025-07-22 11:00:49'),
(433, 52, 'বানিয়াচং', 'baniyachng', '2025-07-21 10:56:48', '2025-07-22 11:04:16'),
(434, 52, 'লাখাই', 'lakhai', '2025-07-21 10:56:48', '2025-07-22 11:00:49'),
(435, 52, 'চুনারুঘাট', 'chunarughat', '2025-07-21 10:56:48', '2025-07-22 11:00:49'),
(436, 52, 'হবিগঞ্জ সদর', 'hbignj-sdr', '2025-07-21 10:56:48', '2025-07-22 11:00:49'),
(437, 52, 'মাধবপুর উপজেলা', 'madhbpur-upjela', '2025-07-21 10:56:48', '2025-07-22 11:00:49'),
(438, 52, 'শায়েস্তাগঞ্জ', 'shayestagnj', '2025-07-21 10:56:48', '2025-07-22 11:04:16'),
(439, 53, 'সুনামগঞ্জ সদর', 'sunamgnj-sdr', '2025-07-21 10:56:48', '2025-07-22 11:00:49'),
(440, 53, 'দক্ষিণ সুনামগঞ্জ', 'dkshin-sunamgnj', '2025-07-21 10:56:48', '2025-07-22 11:00:49'),
(441, 53, 'বিশ্বম্ভরপুর', 'bishbmbhrpur', '2025-07-21 10:56:48', '2025-07-22 11:00:49'),
(442, 53, 'ছাতক', 'chhatk', '2025-07-21 10:56:48', '2025-07-22 11:00:49'),
(443, 53, 'জগন্নাথপুর', 'jgnnathpur', '2025-07-21 10:56:48', '2025-07-22 11:00:49'),
(444, 53, 'দোয়ারাবাজার', 'doyarabajar', '2025-07-21 10:56:48', '2025-07-22 11:00:49'),
(445, 53, 'তাহিরপুর', 'tahirpur', '2025-07-21 10:56:48', '2025-07-22 11:00:49'),
(446, 53, 'ধর্মপাশা', 'dhrmpasha', '2025-07-21 10:56:48', '2025-07-22 11:00:49'),
(447, 53, 'জামালগঞ্জ', 'jamalgnj', '2025-07-21 10:56:48', '2025-07-22 11:00:49'),
(448, 53, 'শাল্লা', 'shalla', '2025-07-21 10:56:48', '2025-07-22 11:00:49'),
(449, 53, 'দিরাই', 'dirai', '2025-07-21 10:56:48', '2025-07-22 11:00:49'),
(450, 53, 'মধ্যনগর', 'mdhzngr', '2025-07-21 10:56:48', '2025-07-22 11:00:49'),
(451, 54, 'রংপুর সদর', 'rngpur-sdr', '2025-07-21 10:59:15', '2025-07-22 11:00:49'),
(452, 54, 'গংগাচড়া', 'gnggachra', '2025-07-21 10:59:15', '2025-07-22 11:00:49'),
(453, 54, 'তারাগঞ্জ উপজেলা', 'taragnj-upjela', '2025-07-21 10:59:15', '2025-07-22 11:00:50'),
(454, 54, 'বদরগঞ্জ উপজেলা', 'bdrgnj-upjela', '2025-07-21 10:59:15', '2025-07-22 11:00:50'),
(455, 54, 'মিঠাপুকুর উপজেলা', 'mithapukur-upjela', '2025-07-21 10:59:15', '2025-07-22 11:00:50'),
(456, 54, 'পীরগঞ্জ উপজেলা', 'peergnj-upjela', '2025-07-21 10:59:15', '2025-07-22 11:00:50'),
(457, 54, 'কাউনিয়া উপজেলা', 'kauniya-upjela', '2025-07-21 10:59:15', '2025-07-22 11:00:50'),
(458, 54, 'পীরগাছা উপজেলা', 'peergachha-upjela', '2025-07-21 10:59:15', '2025-07-22 11:00:50'),
(459, 55, 'পঞ্চগড়', 'pnchgr', '2025-07-21 10:59:15', '2025-07-22 11:00:50'),
(460, 55, 'দেবীগঞ্জ', 'debeegnj', '2025-07-21 10:59:15', '2025-07-22 11:00:50'),
(461, 55, 'বোদা', 'boda', '2025-07-21 10:59:15', '2025-07-22 11:00:50'),
(462, 55, 'আটোয়ারী', 'atoyaree', '2025-07-21 10:59:15', '2025-07-22 11:00:50'),
(463, 55, 'তেতুলিয়া', 'tetuliya', '2025-07-21 10:59:15', '2025-07-22 11:00:50'),
(510, 56, 'নবাবগঞ্জ উপজেলা', 'nbabgnj-upjela', '2025-07-21 11:02:49', '2025-07-22 11:00:50'),
(511, 56, 'বীরগঞ্জ উপজেলা', 'beergnj-upjela', '2025-07-21 11:02:49', '2025-07-22 11:00:50'),
(512, 56, 'ঘোড়াঘাট উপজেলা', 'ghoraghat-upjela', '2025-07-21 11:02:49', '2025-07-22 11:04:16'),
(513, 56, 'বিরামপুর উপজেলা', 'birampur-upjela', '2025-07-21 11:02:49', '2025-07-22 11:00:50'),
(514, 56, 'পার্বতীপুর উপজেলা', 'parbteepur-upjela', '2025-07-21 11:02:49', '2025-07-22 11:00:50'),
(515, 56, 'বোচাগঞ্জ উপজেলা', 'bochagnj-upjela', '2025-07-21 11:02:49', '2025-07-22 11:00:50'),
(516, 56, 'কাহারোল উপজেলা', 'kaharol-upjela', '2025-07-21 11:02:49', '2025-07-22 11:00:50'),
(517, 56, 'ফুলবাড়ী উপজেলা', 'fulbaree-upjela', '2025-07-21 11:02:49', '2025-07-22 11:04:16'),
(518, 56, 'দিনাজপুর সদর', 'dinajpur-sdr', '2025-07-21 11:02:49', '2025-07-22 11:00:50'),
(519, 56, 'হাকিমপুর উপজেলা', 'hakimpur-upjela', '2025-07-21 11:02:49', '2025-07-22 11:00:50'),
(520, 56, 'খানসামা উপজেলা', 'khansama-upjela', '2025-07-21 11:02:49', '2025-07-22 11:00:50'),
(521, 56, 'বিরল উপজেলা', 'birl-upjela', '2025-07-21 11:02:49', '2025-07-22 11:00:50'),
(522, 56, 'চিরিরবন্দর উপজেলা', 'chirirbndr-upjela', '2025-07-21 11:02:49', '2025-07-22 11:00:50'),
(528, 57, 'লালমনিরহাট সদর', 'lalmnirhat-sdr', '2025-07-21 11:04:13', '2025-07-22 11:00:50'),
(529, 57, 'কালীগঞ্জ উপজেলা', 'kaleegnj-upjela', '2025-07-21 11:04:13', '2025-07-22 11:00:50'),
(530, 57, 'হাতীবান্ধা উপজেলা', 'hateebandha-upjela', '2025-07-21 11:04:13', '2025-07-22 11:00:50'),
(531, 57, 'পাটগ্রাম উপজেলা', 'patgram-upjela', '2025-07-21 11:04:13', '2025-07-22 11:00:50'),
(532, 57, 'আদিতমারী উপজেলা', 'aditmaree-upjela', '2025-07-21 11:04:13', '2025-07-22 11:00:50'),
(533, 58, 'সৈয়দপুর উপজেলা', 'soiydpur-upjela', '2025-07-21 11:04:23', '2025-07-22 11:00:50'),
(534, 58, 'ডোমার উপজেলা', 'domar-upjela', '2025-07-21 11:04:23', '2025-07-22 11:00:50'),
(535, 58, 'ডিমলা', 'dimla', '2025-07-21 11:04:23', '2025-07-22 11:00:50'),
(536, 58, 'জলঢাকা', 'jldhaka', '2025-07-21 11:04:23', '2025-07-22 11:00:50'),
(537, 58, 'কিশোরগঞ্জ', 'kishorgnj', '2025-07-21 11:04:23', '2025-07-22 11:00:50'),
(538, 58, 'নীলফামারী সদর', 'neelfamaree-sdr', '2025-07-21 11:04:23', '2025-07-22 11:00:50'),
(539, 59, 'সাদুল্লাপুর', 'sadullapur', '2025-07-21 11:04:33', '2025-07-22 11:00:50'),
(540, 59, 'গাইবান্ধা সদর', 'gaibandha-sdr', '2025-07-21 11:04:33', '2025-07-22 11:00:50'),
(541, 59, 'পলাশবাড়ী', 'plashbaree', '2025-07-21 11:04:33', '2025-07-22 11:04:16'),
(542, 59, 'সাঘাটা উপজেলা', 'saghata-upjela', '2025-07-21 11:04:33', '2025-07-22 11:00:50'),
(543, 59, 'গোবিন্দগঞ্জ উপজেলা', 'gobindgnj-upjela', '2025-07-21 11:04:33', '2025-07-22 11:00:50'),
(544, 59, 'সুন্দরগঞ্জ', 'sundrgnj', '2025-07-21 11:04:33', '2025-07-22 11:00:50'),
(545, 59, 'ফুলছড়ি', 'fulchhri', '2025-07-21 11:04:33', '2025-07-22 11:04:16'),
(551, 60, 'ঠাকুরগাঁও সদর', 'thakurgano-sdr', '2025-07-21 11:04:57', '2025-07-22 11:00:50'),
(552, 60, 'পীরগঞ্জ-উপজেলা', 'peergnj-upjela', '2025-07-21 11:04:57', '2025-07-22 11:00:50'),
(553, 60, 'রাণীশংকৈল উপজেলা', 'raneeshngkoil-upjela', '2025-07-21 11:04:57', '2025-07-22 11:00:50'),
(554, 60, 'হরিপুর উপজেলা', 'hripur-upjela', '2025-07-21 11:04:57', '2025-07-22 11:00:50'),
(555, 60, 'বালিয়াডাঙ্গী উপজেলা', 'baliyadanggee-upjela', '2025-07-21 11:04:57', '2025-07-22 11:00:50'),
(556, 61, 'কুড়িগ্রাম সদর', 'kurigram-sdr', '2025-07-21 11:05:06', '2025-07-22 11:00:50'),
(557, 61, 'নাগেশ্বরী', 'nageshbree', '2025-07-21 11:05:06', '2025-07-22 11:00:50'),
(558, 61, 'ভুরুঙ্গামারী', 'bhurunggamaree', '2025-07-21 11:05:06', '2025-07-22 11:00:50'),
(559, 61, 'ফুলবাড়ী', 'fulbaree', '2025-07-21 11:05:06', '2025-07-22 11:04:16'),
(560, 61, 'রাজারহাট', 'rajarhat', '2025-07-21 11:05:06', '2025-07-22 11:00:50'),
(561, 61, 'উলিপুর', 'ulipur', '2025-07-21 11:05:06', '2025-07-22 11:00:50'),
(562, 61, 'চিলমারী', 'chilmaree', '2025-07-21 11:05:06', '2025-07-22 11:00:50'),
(563, 61, 'রৌমারী', 'roumaree', '2025-07-21 11:05:06', '2025-07-22 11:00:50'),
(564, 61, 'চর রাজিবপুর', 'chr-rajibpur', '2025-07-21 11:05:06', '2025-07-22 11:00:50'),
(565, 62, 'ফুলবাড়ীয়া', 'fulbareeya', '2025-07-21 11:06:22', '2025-07-22 11:04:16'),
(566, 62, 'ত্রিশাল', 'trishal', '2025-07-21 11:06:22', '2025-07-22 11:00:50'),
(567, 62, 'ভালুকা', 'bhaluka', '2025-07-21 11:06:22', '2025-07-22 11:00:50'),
(568, 62, 'মুক্তাগাছা', 'muktagachha', '2025-07-21 11:06:22', '2025-07-22 11:00:50'),
(569, 62, 'ময়মনসিংহ সদর', 'mymnsingh-sdr', '2025-07-21 11:06:22', '2025-07-22 11:04:16'),
(570, 62, 'ধোবাউড়া', 'dheabaura', '2025-07-21 11:06:22', '2025-07-22 11:04:16'),
(571, 62, 'ফুলপুর', 'fulpur', '2025-07-21 11:06:22', '2025-07-22 11:00:50'),
(572, 62, 'হালুয়াঘাট', 'haluyaghat', '2025-07-21 11:06:22', '2025-07-22 11:04:16'),
(573, 62, 'গৌরীপুর', 'goureepur', '2025-07-21 11:06:22', '2025-07-22 11:00:50'),
(574, 62, 'গফরগাঁও', 'gfrgano', '2025-07-21 11:06:22', '2025-07-22 11:00:50'),
(575, 62, 'ঈশ্বরগঞ্জ', 'eeshbrgnj', '2025-07-21 11:06:22', '2025-07-22 11:00:50'),
(576, 62, 'নান্দাইল', 'nandail', '2025-07-21 11:06:22', '2025-07-22 11:00:50'),
(577, 62, 'তারাকান্দা', 'tarakanda', '2025-07-21 11:06:22', '2025-07-22 11:00:50'),
(578, 63, 'জামালপুর সদর', 'jamalpur-sdr', '2025-07-21 11:06:31', '2025-07-22 11:00:50'),
(579, 63, 'মেলান্দহ', 'melandh', '2025-07-21 11:06:31', '2025-07-22 11:00:50'),
(580, 63, 'ইসলামপুর', 'islampur', '2025-07-21 11:06:31', '2025-07-22 11:00:50'),
(581, 63, 'দেওয়ানগঞ্জ', 'deoyangnj', '2025-07-21 11:06:31', '2025-07-22 11:00:50'),
(582, 63, 'সরিষাবাড়ী', 'srishabaree', '2025-07-21 11:06:31', '2025-07-22 11:00:50'),
(583, 63, 'মাদারগঞ্জ', 'madargnj', '2025-07-21 11:06:31', '2025-07-22 11:00:50'),
(584, 63, 'বকশীগঞ্জ', 'bksheegnj', '2025-07-21 11:06:31', '2025-07-22 11:00:50'),
(585, 64, 'বারহাট্টা', 'barhatta', '2025-07-21 11:06:42', '2025-07-22 11:00:50'),
(586, 64, 'দুর্গাপুর', 'durgapur', '2025-07-21 11:06:42', '2025-07-22 11:00:50'),
(587, 64, 'কেন্দুয়া', 'kenduya', '2025-07-21 11:06:42', '2025-07-22 11:04:16'),
(588, 64, 'আটপাড়া', 'atpara', '2025-07-21 11:06:42', '2025-07-22 11:04:16'),
(589, 64, 'মদন', 'mdn', '2025-07-21 11:06:42', '2025-07-22 11:00:50'),
(590, 64, 'খালিয়াজুরী', 'khaliyajuree', '2025-07-21 11:06:42', '2025-07-22 11:04:16'),
(591, 64, 'কলমাকান্দা', 'klmakanda', '2025-07-21 11:06:42', '2025-07-22 11:00:50'),
(592, 64, 'মোহনগঞ্জ', 'mohngnj', '2025-07-21 11:06:42', '2025-07-22 11:00:50'),
(593, 64, 'পূর্বধলা', 'poorbdhla', '2025-07-21 11:06:42', '2025-07-22 11:00:50'),
(594, 64, 'নেত্রকোণা সদর', 'netrkona-sdr', '2025-07-21 11:06:42', '2025-07-22 11:00:50'),
(595, 65, 'শেরপুর সদর', 'sherpur-sdr', '2025-07-21 11:06:51', '2025-07-22 11:00:50'),
(596, 65, 'নালিতাবাড়ী উপজেলা', 'nalitabaree-upjela', '2025-07-21 11:06:51', '2025-07-22 11:00:50'),
(597, 65, 'শ্রীবরদী উপজেলা', 'shreebrdee-upjela', '2025-07-21 11:06:51', '2025-07-22 11:00:50'),
(598, 65, 'নকলা উপজেলা', 'nkla-upjela', '2025-07-21 11:06:51', '2025-07-22 11:00:50'),
(599, 65, 'ঝিনাইগাতী উপজেলা', 'jhinaigatee-upjela', '2025-07-21 11:06:51', '2025-07-22 11:00:50'),
(600, 44, 'বরিশাল সদর', 'brishal-sdr', '2025-07-21 11:08:16', '2025-07-22 11:00:50'),
(601, 44, 'বাকেরগঞ্জ', 'bakergnj', '2025-07-21 11:08:16', '2025-07-22 11:00:50'),
(602, 44, 'বাবুগঞ্জ', 'babugnj', '2025-07-21 11:08:16', '2025-07-22 11:00:50'),
(603, 44, 'উজিরপুর', 'ujirpur', '2025-07-21 11:08:16', '2025-07-22 11:00:50'),
(604, 44, 'বানারীপাড়া', 'banareepara', '2025-07-21 11:08:16', '2025-07-22 11:04:16'),
(605, 44, 'গৌরনদী', 'gourndee', '2025-07-21 11:08:16', '2025-07-22 11:00:50'),
(606, 44, 'আগৈলঝাড়া', 'agoiljhara', '2025-07-21 11:08:16', '2025-07-22 11:04:16'),
(607, 44, 'মেহেন্দিগঞ্জ', 'mehendignj', '2025-07-21 11:08:16', '2025-07-22 11:00:50'),
(608, 44, 'মুলাদী', 'muladee', '2025-07-21 11:08:16', '2025-07-22 11:00:50'),
(609, 44, 'হিজলা', 'hijla', '2025-07-21 11:08:16', '2025-07-22 11:00:50');

-- --------------------------------------------------------

--
-- Table structure for table `users`
--

CREATE TABLE `users` (
  `id` bigint(20) UNSIGNED NOT NULL,
  `name` varchar(255) NOT NULL,
  `email` varchar(255) NOT NULL,
  `is_active` tinyint(1) NOT NULL DEFAULT 0,
  `email_verified_at` timestamp NULL DEFAULT NULL,
  `password` varchar(255) NOT NULL,
  `remember_token` varchar(100) DEFAULT NULL,
  `created_at` timestamp NULL DEFAULT NULL,
  `updated_at` timestamp NULL DEFAULT NULL
) ENGINE=InnoDB DEFAULT CHARSET=utf8mb4 COLLATE=utf8mb4_unicode_ci;

--
-- Dumping data for table `users`
--

INSERT INTO `users` (`id`, `name`, `email`, `is_active`, `email_verified_at`, `password`, `remember_token`, `created_at`, `updated_at`) VALUES
(1, 'Super Admin', 'admin@admin.com', 1, NULL, '$2y$12$0ID1QDiDiOgV6TrbIH4CNuUxkQgXjXKphU6X5Ei7LmQ6chhBfpDGy', NULL, '2025-07-15 06:53:22', '2025-07-15 06:53:22'),
(2, 'Ariba', 'ariba@gmail.com', 1, NULL, '$2y$12$fY4DJizES/bs9O0S6KvkKeglVNwQVmmfyckhRfJ/v2MHX98EH04Mu', NULL, '2025-07-20 05:28:12', '2025-07-20 05:28:55');

-- --------------------------------------------------------

--
-- Table structure for table `user_profiles`
--

CREATE TABLE `user_profiles` (
  `id` bigint(20) UNSIGNED NOT NULL,
  `user_id` bigint(20) UNSIGNED NOT NULL,
  `profile_photo` varchar(255) DEFAULT NULL,
  `address` varchar(255) DEFAULT NULL,
  `about` text DEFAULT NULL,
  `dob` date DEFAULT NULL,
  `nid_number` varchar(255) DEFAULT NULL,
  `mobile_number` varchar(255) DEFAULT NULL,
  `created_at` timestamp NULL DEFAULT NULL,
  `updated_at` timestamp NULL DEFAULT NULL
) ENGINE=InnoDB DEFAULT CHARSET=utf8mb4 COLLATE=utf8mb4_unicode_ci;

--
-- Indexes for dumped tables
--

--
-- Indexes for table `cache`
--
ALTER TABLE `cache`
  ADD PRIMARY KEY (`key`);

--
-- Indexes for table `cache_locks`
--
ALTER TABLE `cache_locks`
  ADD PRIMARY KEY (`key`);

--
-- Indexes for table `categories`
--
ALTER TABLE `categories`
  ADD PRIMARY KEY (`id`),
  ADD UNIQUE KEY `categories_name_unique` (`name`),
  ADD UNIQUE KEY `categories_slug_unique` (`slug`);

--
-- Indexes for table `category_news_post`
--
ALTER TABLE `category_news_post`
  ADD PRIMARY KEY (`news_post_id`,`category_id`),
  ADD KEY `category_news_post_category_id_foreign` (`category_id`);

--
-- Indexes for table `districts`
--
ALTER TABLE `districts`
  ADD PRIMARY KEY (`id`),
  ADD UNIQUE KEY `districts_name_unique` (`name`),
  ADD KEY `districts_division_id_foreign` (`division_id`);

--
-- Indexes for table `divisions`
--
ALTER TABLE `divisions`
  ADD PRIMARY KEY (`id`),
  ADD UNIQUE KEY `divisions_name_unique` (`name`),
  ADD UNIQUE KEY `divisions_slug_unique` (`slug`);

--
-- Indexes for table `failed_jobs`
--
ALTER TABLE `failed_jobs`
  ADD PRIMARY KEY (`id`),
  ADD UNIQUE KEY `failed_jobs_uuid_unique` (`uuid`);

--
-- Indexes for table `jobs`
--
ALTER TABLE `jobs`
  ADD PRIMARY KEY (`id`),
  ADD KEY `jobs_queue_index` (`queue`);

--
-- Indexes for table `job_batches`
--
ALTER TABLE `job_batches`
  ADD PRIMARY KEY (`id`);

--
-- Indexes for table `menus`
--
ALTER TABLE `menus`
  ADD PRIMARY KEY (`id`),
  ADD KEY `menus_parent_id_foreign` (`parent_id`);

--
-- Indexes for table `migrations`
--
ALTER TABLE `migrations`
  ADD PRIMARY KEY (`id`);

--
-- Indexes for table `model_has_permissions`
--
ALTER TABLE `model_has_permissions`
  ADD PRIMARY KEY (`permission_id`,`model_id`,`model_type`),
  ADD KEY `model_has_permissions_model_id_model_type_index` (`model_id`,`model_type`);

--
-- Indexes for table `model_has_roles`
--
ALTER TABLE `model_has_roles`
  ADD PRIMARY KEY (`role_id`,`model_id`,`model_type`),
  ADD KEY `model_has_roles_model_id_model_type_index` (`model_id`,`model_type`);

--
-- Indexes for table `news_posts`
--
ALTER TABLE `news_posts`
  ADD PRIMARY KEY (`id`),
  ADD UNIQUE KEY `news_posts_slug_unique` (`slug`),
  ADD KEY `news_posts_division_id_foreign` (`division_id`),
  ADD KEY `news_posts_district_id_foreign` (`district_id`),
  ADD KEY `news_posts_upazila_id_foreign` (`upazila_id`),
  ADD KEY `news_posts_user_id_foreign` (`user_id`);

--
-- Indexes for table `news_post_tag`
--
ALTER TABLE `news_post_tag`
  ADD PRIMARY KEY (`news_post_id`,`tag_id`),
  ADD KEY `news_post_tag_tag_id_foreign` (`tag_id`);

--
-- Indexes for table `password_reset_tokens`
--
ALTER TABLE `password_reset_tokens`
  ADD PRIMARY KEY (`email`);

--
-- Indexes for table `permissions`
--
ALTER TABLE `permissions`
  ADD PRIMARY KEY (`id`),
  ADD UNIQUE KEY `permissions_name_guard_name_unique` (`name`,`guard_name`);

--
-- Indexes for table `roles`
--
ALTER TABLE `roles`
  ADD PRIMARY KEY (`id`),
  ADD UNIQUE KEY `roles_name_guard_name_unique` (`name`,`guard_name`);

--
-- Indexes for table `role_has_permissions`
--
ALTER TABLE `role_has_permissions`
  ADD PRIMARY KEY (`permission_id`,`role_id`),
  ADD KEY `role_has_permissions_role_id_foreign` (`role_id`);

--
-- Indexes for table `sessions`
--
ALTER TABLE `sessions`
  ADD PRIMARY KEY (`id`),
  ADD KEY `sessions_user_id_index` (`user_id`),
  ADD KEY `sessions_last_activity_index` (`last_activity`);

--
-- Indexes for table `site_connections`
--
ALTER TABLE `site_connections`
  ADD PRIMARY KEY (`id`);

--
-- Indexes for table `site_infos`
--
ALTER TABLE `site_infos`
  ADD PRIMARY KEY (`id`);

--
-- Indexes for table `site_settings`
--
ALTER TABLE `site_settings`
  ADD PRIMARY KEY (`id`);

--
-- Indexes for table `social_connections`
--
ALTER TABLE `social_connections`
  ADD PRIMARY KEY (`id`);

--
-- Indexes for table `subcategory_news_post`
--
ALTER TABLE `subcategory_news_post`
  ADD PRIMARY KEY (`news_post_id`,`subcategory_id`),
  ADD KEY `subcategory_news_post_subcategory_id_foreign` (`subcategory_id`);

--
-- Indexes for table `sub_categories`
--
ALTER TABLE `sub_categories`
  ADD PRIMARY KEY (`id`),
  ADD UNIQUE KEY `sub_categories_name_unique` (`name`),
  ADD KEY `sub_categories_category_id_foreign` (`category_id`);

--
-- Indexes for table `tags`
--
ALTER TABLE `tags`
  ADD PRIMARY KEY (`id`),
  ADD UNIQUE KEY `tags_name_unique` (`name`),
  ADD UNIQUE KEY `tags_slug_unique` (`slug`);

--
-- Indexes for table `upazilas`
--
ALTER TABLE `upazilas`
  ADD PRIMARY KEY (`id`),
  ADD UNIQUE KEY `upazilas_name_unique` (`name`),
  ADD KEY `upazilas_district_id_foreign` (`district_id`);

--
-- Indexes for table `users`
--
ALTER TABLE `users`
  ADD PRIMARY KEY (`id`),
  ADD UNIQUE KEY `users_email_unique` (`email`);

--
-- Indexes for table `user_profiles`
--
ALTER TABLE `user_profiles`
  ADD PRIMARY KEY (`id`),
  ADD KEY `user_profiles_user_id_foreign` (`user_id`);

--
-- AUTO_INCREMENT for dumped tables
--

--
-- AUTO_INCREMENT for table `categories`
--
ALTER TABLE `categories`
  MODIFY `id` bigint(20) UNSIGNED NOT NULL AUTO_INCREMENT, AUTO_INCREMENT=25;

--
-- AUTO_INCREMENT for table `districts`
--
ALTER TABLE `districts`
  MODIFY `id` bigint(20) UNSIGNED NOT NULL AUTO_INCREMENT, AUTO_INCREMENT=68;

--
-- AUTO_INCREMENT for table `divisions`
--
ALTER TABLE `divisions`
  MODIFY `id` bigint(20) UNSIGNED NOT NULL AUTO_INCREMENT, AUTO_INCREMENT=11;

--
-- AUTO_INCREMENT for table `failed_jobs`
--
ALTER TABLE `failed_jobs`
  MODIFY `id` bigint(20) UNSIGNED NOT NULL AUTO_INCREMENT;

--
-- AUTO_INCREMENT for table `jobs`
--
ALTER TABLE `jobs`
  MODIFY `id` bigint(20) UNSIGNED NOT NULL AUTO_INCREMENT;

--
-- AUTO_INCREMENT for table `menus`
--
ALTER TABLE `menus`
  MODIFY `id` bigint(20) UNSIGNED NOT NULL AUTO_INCREMENT, AUTO_INCREMENT=79;

--
-- AUTO_INCREMENT for table `migrations`
--
ALTER TABLE `migrations`
  MODIFY `id` int(10) UNSIGNED NOT NULL AUTO_INCREMENT, AUTO_INCREMENT=49;

--
-- AUTO_INCREMENT for table `news_posts`
--
ALTER TABLE `news_posts`
  MODIFY `id` bigint(20) UNSIGNED NOT NULL AUTO_INCREMENT, AUTO_INCREMENT=107;

--
-- AUTO_INCREMENT for table `permissions`
--
ALTER TABLE `permissions`
  MODIFY `id` bigint(20) UNSIGNED NOT NULL AUTO_INCREMENT, AUTO_INCREMENT=5;

--
-- AUTO_INCREMENT for table `roles`
--
ALTER TABLE `roles`
  MODIFY `id` bigint(20) UNSIGNED NOT NULL AUTO_INCREMENT, AUTO_INCREMENT=8;

--
-- AUTO_INCREMENT for table `site_connections`
--
ALTER TABLE `site_connections`
  MODIFY `id` bigint(20) UNSIGNED NOT NULL AUTO_INCREMENT, AUTO_INCREMENT=2;

--
-- AUTO_INCREMENT for table `site_infos`
--
ALTER TABLE `site_infos`
  MODIFY `id` bigint(20) UNSIGNED NOT NULL AUTO_INCREMENT, AUTO_INCREMENT=2;

--
-- AUTO_INCREMENT for table `site_settings`
--
ALTER TABLE `site_settings`
  MODIFY `id` bigint(20) UNSIGNED NOT NULL AUTO_INCREMENT, AUTO_INCREMENT=2;

--
-- AUTO_INCREMENT for table `social_connections`
--
ALTER TABLE `social_connections`
  MODIFY `id` bigint(20) UNSIGNED NOT NULL AUTO_INCREMENT, AUTO_INCREMENT=2;

--
-- AUTO_INCREMENT for table `sub_categories`
--
ALTER TABLE `sub_categories`
  MODIFY `id` bigint(20) UNSIGNED NOT NULL AUTO_INCREMENT, AUTO_INCREMENT=18;

--
-- AUTO_INCREMENT for table `tags`
--
ALTER TABLE `tags`
  MODIFY `id` bigint(20) UNSIGNED NOT NULL AUTO_INCREMENT, AUTO_INCREMENT=17;

--
-- AUTO_INCREMENT for table `upazilas`
--
ALTER TABLE `upazilas`
  MODIFY `id` bigint(20) UNSIGNED NOT NULL AUTO_INCREMENT, AUTO_INCREMENT=611;

--
-- AUTO_INCREMENT for table `users`
--
ALTER TABLE `users`
  MODIFY `id` bigint(20) UNSIGNED NOT NULL AUTO_INCREMENT, AUTO_INCREMENT=3;

--
-- AUTO_INCREMENT for table `user_profiles`
--
ALTER TABLE `user_profiles`
  MODIFY `id` bigint(20) UNSIGNED NOT NULL AUTO_INCREMENT;

--
-- Constraints for dumped tables
--

--
-- Constraints for table `category_news_post`
--
ALTER TABLE `category_news_post`
  ADD CONSTRAINT `category_news_post_category_id_foreign` FOREIGN KEY (`category_id`) REFERENCES `categories` (`id`) ON DELETE CASCADE,
  ADD CONSTRAINT `category_news_post_news_post_id_foreign` FOREIGN KEY (`news_post_id`) REFERENCES `news_posts` (`id`) ON DELETE CASCADE;

--
-- Constraints for table `districts`
--
ALTER TABLE `districts`
  ADD CONSTRAINT `districts_division_id_foreign` FOREIGN KEY (`division_id`) REFERENCES `divisions` (`id`) ON DELETE CASCADE;

--
-- Constraints for table `menus`
--
ALTER TABLE `menus`
  ADD CONSTRAINT `menus_parent_id_foreign` FOREIGN KEY (`parent_id`) REFERENCES `menus` (`id`) ON DELETE CASCADE;

--
-- Constraints for table `model_has_permissions`
--
ALTER TABLE `model_has_permissions`
  ADD CONSTRAINT `model_has_permissions_permission_id_foreign` FOREIGN KEY (`permission_id`) REFERENCES `permissions` (`id`) ON DELETE CASCADE;

--
-- Constraints for table `model_has_roles`
--
ALTER TABLE `model_has_roles`
  ADD CONSTRAINT `model_has_roles_role_id_foreign` FOREIGN KEY (`role_id`) REFERENCES `roles` (`id`) ON DELETE CASCADE;

--
-- Constraints for table `news_posts`
--
ALTER TABLE `news_posts`
  ADD CONSTRAINT `news_posts_district_id_foreign` FOREIGN KEY (`district_id`) REFERENCES `districts` (`id`) ON DELETE SET NULL,
  ADD CONSTRAINT `news_posts_division_id_foreign` FOREIGN KEY (`division_id`) REFERENCES `divisions` (`id`) ON DELETE SET NULL,
  ADD CONSTRAINT `news_posts_upazila_id_foreign` FOREIGN KEY (`upazila_id`) REFERENCES `upazilas` (`id`) ON DELETE SET NULL,
  ADD CONSTRAINT `news_posts_user_id_foreign` FOREIGN KEY (`user_id`) REFERENCES `users` (`id`) ON DELETE CASCADE;

--
-- Constraints for table `news_post_tag`
--
ALTER TABLE `news_post_tag`
  ADD CONSTRAINT `news_post_tag_news_post_id_foreign` FOREIGN KEY (`news_post_id`) REFERENCES `news_posts` (`id`) ON DELETE CASCADE,
  ADD CONSTRAINT `news_post_tag_tag_id_foreign` FOREIGN KEY (`tag_id`) REFERENCES `tags` (`id`) ON DELETE CASCADE;

--
-- Constraints for table `role_has_permissions`
--
ALTER TABLE `role_has_permissions`
  ADD CONSTRAINT `role_has_permissions_permission_id_foreign` FOREIGN KEY (`permission_id`) REFERENCES `permissions` (`id`) ON DELETE CASCADE,
  ADD CONSTRAINT `role_has_permissions_role_id_foreign` FOREIGN KEY (`role_id`) REFERENCES `roles` (`id`) ON DELETE CASCADE;

--
-- Constraints for table `subcategory_news_post`
--
ALTER TABLE `subcategory_news_post`
  ADD CONSTRAINT `subcategory_news_post_news_post_id_foreign` FOREIGN KEY (`news_post_id`) REFERENCES `news_posts` (`id`) ON DELETE CASCADE,
  ADD CONSTRAINT `subcategory_news_post_subcategory_id_foreign` FOREIGN KEY (`subcategory_id`) REFERENCES `sub_categories` (`id`) ON DELETE CASCADE;

--
-- Constraints for table `sub_categories`
--
ALTER TABLE `sub_categories`
  ADD CONSTRAINT `sub_categories_category_id_foreign` FOREIGN KEY (`category_id`) REFERENCES `categories` (`id`) ON DELETE CASCADE;

--
-- Constraints for table `upazilas`
--
ALTER TABLE `upazilas`
  ADD CONSTRAINT `upazilas_district_id_foreign` FOREIGN KEY (`district_id`) REFERENCES `districts` (`id`) ON DELETE CASCADE;

--
-- Constraints for table `user_profiles`
--
ALTER TABLE `user_profiles`
  ADD CONSTRAINT `user_profiles_user_id_foreign` FOREIGN KEY (`user_id`) REFERENCES `users` (`id`) ON DELETE CASCADE;
COMMIT;

/*!40101 SET CHARACTER_SET_CLIENT=@OLD_CHARACTER_SET_CLIENT */;
/*!40101 SET CHARACTER_SET_RESULTS=@OLD_CHARACTER_SET_RESULTS */;
/*!40101 SET COLLATION_CONNECTION=@OLD_COLLATION_CONNECTION */;
